District_Name,Soil_color,Nitrogen,Phosphorus,Potassium,pH,Rainfall,Temperature,Crop,Fertilizer,Link,Yield_kg_ha
Kolhapur,Black,75,50,100,6.5,1000,20,Sugarcane,Urea,https://youtu.be/2t5Am0xLTOo,66101.5
Kolhapur,Black,80,50,100,6.5,1000,20,Sugarcane,Urea,https://youtu.be/2t5Am0xLTOo,52791.6
Kolhapur,Black,85,50,100,6.5,1000,20,Sugarcane,Urea,https://youtu.be/2t5Am0xLTOo,70974.2
Kolhapur,Black,90,50,100,6.5,1000,20,Sugarcane,Urea,https://youtu.be/2t5Am0xLTOo,73099.2
Kolhapur,Black,95,50,100,6.5,1000,20,Sugarcane,Urea,https://youtu.be/2t5Am0xLTOo,44023.1
Kolhapur,Black,100,50,100,6.5,1000,20,Sugarcane,Urea,https://youtu.be/2t5Am0xLTOo,50740.2
Kolhapur,Black,75,55,105,7.0,1100,25,Sugarcane,Urea,https://youtu.be/2t5Am0xLTOo,63902.7
Kolhapur,Black,80,55,105,7.0,1100,25,Sugarcane,Urea,https://youtu.be/2t5Am0xLTOo,59657.6
Kolhapur,Black,85,55,105,7.0,1100,25,Sugarcane,Urea,https://youtu.be/2t5Am0xLTOo,62824.2
Kolhapur,Black,90,55,105,7.0,1100,25,Sugarcane,Urea,https://youtu.be/2t5Am0xLTOo,54615.6
Kolhapur,Black,95,55,105,7.0,1100,25,Sugarcane,Urea,https://youtu.be/2t5Am0xLTOo,72199.7
Kolhapur,Black,100,55,105,7.0,1100,25,Sugarcane,Urea,https://youtu.be/2t5Am0xLTOo,71380.3
Kolhapur,Black,75,60,110,7.5,1200,30,Sugarcane,Urea,https://youtu.be/2t5Am0xLTOo,62758.2
Kolhapur,Black,80,60,110,7.5,1200,30,Sugarcane,Urea,https://youtu.be/2t5Am0xLTOo,73433.3
Kolhapur,Black,85,60,110,7.5,1200,30,Sugarcane,Urea,https://youtu.be/2t5Am0xLTOo,67099.3
Kolhapur,Black,90,60,110,7.5,1200,30,Sugarcane,Urea,https://youtu.be/2t5Am0xLTOo,54093.1
Kolhapur,Black,95,60,110,7.5,1200,30,Sugarcane,Urea,https://youtu.be/2t5Am0xLTOo,66496.0
Kolhapur,Black,100,60,110,7.5,1200,30,Sugarcane,Urea,https://youtu.be/2t5Am0xLTOo,53403.8
Kolhapur,Black,75,50,115,6.5,1300,35,Sugarcane,Urea,https://youtu.be/2t5Am0xLTOo,72437.1
Kolhapur,Black,80,50,115,6.5,1300,35,Sugarcane,Urea,https://youtu.be/2t5Am0xLTOo,63247.6
Kolhapur,Black,85,50,115,6.5,1300,35,Sugarcane,Urea,https://youtu.be/2t5Am0xLTOo,62059.4
Kolhapur,Black,90,50,115,6.5,1300,35,Sugarcane,Urea,https://youtu.be/2t5Am0xLTOo,57186.5
Kolhapur,Black,95,50,115,6.5,1300,35,Sugarcane,Urea,https://youtu.be/2t5Am0xLTOo,76785.5
Kolhapur,Black,100,50,115,6.5,1300,35,Sugarcane,Urea,https://youtu.be/2t5Am0xLTOo,62903.5
Kolhapur,Black,75,55,100,7.0,1400,20,Sugarcane,DAP,https://youtu.be/2t5Am0xLTOo,58567.7
Kolhapur,Black,80,55,100,7.0,1400,20,Sugarcane,DAP,https://youtu.be/2t5Am0xLTOo,59498.4
Kolhapur,Black,85,55,100,7.0,1400,20,Sugarcane,DAP,https://youtu.be/2t5Am0xLTOo,68545.0
Kolhapur,Black,90,55,100,7.0,1400,20,Sugarcane,DAP,https://youtu.be/2t5Am0xLTOo,67061.2
Kolhapur,Black,95,55,100,7.0,1400,20,Sugarcane,DAP,https://youtu.be/2t5Am0xLTOo,67729.5
Kolhapur,Black,100,55,100,7.0,1400,20,Sugarcane,DAP,https://youtu.be/2t5Am0xLTOo,68104.8
Kolhapur,Black,75,60,105,7.5,1500,25,Sugarcane,DAP,https://youtu.be/2t5Am0xLTOo,83227.8
Kolhapur,Black,80,60,105,7.5,1500,25,Sugarcane,DAP,https://youtu.be/2t5Am0xLTOo,58265.2
Kolhapur,Black,85,60,105,7.5,1500,25,Sugarcane,DAP,https://youtu.be/2t5Am0xLTOo,57381.8
Kolhapur,Black,90,60,105,7.5,1500,25,Sugarcane,DAP,https://youtu.be/2t5Am0xLTOo,54545.8
Kolhapur,Black,95,60,105,7.5,1500,25,Sugarcane,DAP,https://youtu.be/2t5Am0xLTOo,68962.1
Kolhapur,Black,100,60,105,7.5,1500,25,Sugarcane,DAP,https://youtu.be/2t5Am0xLTOo,74288.6
Kolhapur,Black,75,50,110,6.5,1000,30,Sugarcane,DAP,https://youtu.be/2t5Am0xLTOo,61909.9
Kolhapur,Black,80,50,110,6.5,1000,30,Sugarcane,DAP,https://youtu.be/2t5Am0xLTOo,54798.0
Kolhapur,Black,85,50,110,6.5,1000,30,Sugarcane,DAP,https://youtu.be/2t5Am0xLTOo,55114.6
Kolhapur,Black,90,50,110,6.5,1000,30,Sugarcane,DAP,https://youtu.be/2t5Am0xLTOo,70170.7
Kolhapur,Black,95,50,110,6.5,1000,30,Sugarcane,DAP,https://youtu.be/2t5Am0xLTOo,71311.4
Kolhapur,Black,100,50,110,6.5,1000,30,Sugarcane,DAP,https://youtu.be/2t5Am0xLTOo,69483.7
Kolhapur,Black,75,55,115,7.0,1100,35,Sugarcane,DAP,https://youtu.be/2t5Am0xLTOo,56012.7
Kolhapur,Black,80,55,115,7.0,1100,35,Sugarcane,DAP,https://youtu.be/2t5Am0xLTOo,65127.3
Kolhapur,Black,85,55,115,7.0,1100,35,Sugarcane,DAP,https://youtu.be/2t5Am0xLTOo,64159.4
Kolhapur,Black,90,55,115,7.0,1100,35,Sugarcane,DAP,https://youtu.be/2t5Am0xLTOo,65366.4
Kolhapur,Black,95,55,115,7.0,1100,35,Sugarcane,DAP,https://youtu.be/2t5Am0xLTOo,72119.5
Kolhapur,Black,100,55,115,7.0,1100,35,Sugarcane,DAP,https://youtu.be/2t5Am0xLTOo,65789.3
Kolhapur,Black,75,60,100,7.5,1200,20,Sugarcane,MOP,https://youtu.be/2t5Am0xLTOo,68802.4
Kolhapur,Black,80,60,100,7.5,1200,20,Sugarcane,MOP,https://youtu.be/2t5Am0xLTOo,62953.1
Kolhapur,Black,85,60,100,7.5,1200,20,Sugarcane,MOP,https://youtu.be/2t5Am0xLTOo,65330.0
Kolhapur,Black,90,60,100,7.5,1200,20,Sugarcane,MOP,https://youtu.be/2t5Am0xLTOo,68919.3
Kolhapur,Black,95,60,100,7.5,1200,20,Sugarcane,MOP,https://youtu.be/2t5Am0xLTOo,48282.9
Kolhapur,Black,100,60,100,7.5,1200,20,Sugarcane,MOP,https://youtu.be/2t5Am0xLTOo,59797.8
Kolhapur,Black,75,50,105,6.5,1300,25,Sugarcane,MOP,https://youtu.be/2t5Am0xLTOo,58821.8
Kolhapur,Black,80,50,105,6.5,1300,25,Sugarcane,MOP,https://youtu.be/2t5Am0xLTOo,57285.5
Kolhapur,Black,85,50,105,6.5,1300,25,Sugarcane,MOP,https://youtu.be/2t5Am0xLTOo,61142.9
Kolhapur,Black,90,50,105,6.5,1300,25,Sugarcane,MOP,https://youtu.be/2t5Am0xLTOo,79340.2
Kolhapur,Black,95,50,105,6.5,1300,25,Sugarcane,MOP,https://youtu.be/2t5Am0xLTOo,55462.0
Kolhapur,Black,100,50,105,6.5,1300,25,Sugarcane,MOP,https://youtu.be/2t5Am0xLTOo,74400.7
Kolhapur,Black,75,55,110,7.0,1400,30,Sugarcane,MOP,https://youtu.be/2t5Am0xLTOo,46049.1
Kolhapur,Black,80,55,110,7.0,1400,30,Sugarcane,MOP,https://youtu.be/2t5Am0xLTOo,59671.0
Kolhapur,Black,85,55,110,7.0,1400,30,Sugarcane,MOP,https://youtu.be/2t5Am0xLTOo,64836.1
Kolhapur,Black,90,55,110,7.0,1400,30,Sugarcane,MOP,https://youtu.be/2t5Am0xLTOo,69283.3
Kolhapur,Black,95,55,110,7.0,1400,30,Sugarcane,MOP,https://youtu.be/2t5Am0xLTOo,70742.2
Kolhapur,Black,100,55,110,7.0,1400,30,Sugarcane,MOP,https://youtu.be/2t5Am0xLTOo,71774.3
Kolhapur,Black,75,60,115,7.5,1500,35,Sugarcane,MOP,https://youtu.be/2t5Am0xLTOo,58667.9
Kolhapur,Black,80,60,115,7.5,1500,35,Sugarcane,MOP,https://youtu.be/2t5Am0xLTOo,57712.0
Kolhapur,Black,85,60,115,7.5,1500,35,Sugarcane,MOP,https://youtu.be/2t5Am0xLTOo,70972.1
Kolhapur,Black,90,60,115,7.5,1500,35,Sugarcane,MOP,https://youtu.be/2t5Am0xLTOo,60737.3
Kolhapur,Black,95,60,115,7.5,1500,35,Sugarcane,MOP,https://youtu.be/2t5Am0xLTOo,50093.1
Kolhapur,Black,100,60,115,7.5,1500,35,Sugarcane,MOP,https://youtu.be/2t5Am0xLTOo,51659.2
Kolhapur,Black,20,25,25,6.5,600,25,Jowar,10:26:26 NPK,https://youtu.be/hxuB66J-3BI,932.8
Kolhapur,Black,25,25,25,6.5,600,25,Jowar,10:26:26 NPK,https://youtu.be/hxuB66J-3BI,1230.2
Kolhapur,Black,30,25,25,6.5,600,25,Jowar,10:26:26 NPK,https://youtu.be/hxuB66J-3BI,1160.0
Kolhapur,Black,35,25,25,6.5,600,25,Jowar,10:26:26 NPK,https://youtu.be/hxuB66J-3BI,1278.3
Kolhapur,Black,40,25,25,6.5,600,25,Jowar,10:26:26 NPK,https://youtu.be/hxuB66J-3BI,1047.7
Kolhapur,Black,20,30,30,7.0,700,30,Jowar,10:26:26 NPK,https://youtu.be/hxuB66J-3BI,1149.2
Kolhapur,Black,25,30,30,7.0,700,30,Jowar,10:26:26 NPK,https://youtu.be/hxuB66J-3BI,1249.3
Kolhapur,Black,30,30,30,7.0,700,30,Jowar,10:26:26 NPK,https://youtu.be/hxuB66J-3BI,1059.4
Kolhapur,Black,35,30,30,7.0,700,30,Jowar,10:26:26 NPK,https://youtu.be/hxuB66J-3BI,1221.9
Kolhapur,Black,40,30,30,7.0,700,30,Jowar,10:26:26 NPK,https://youtu.be/hxuB66J-3BI,992.3
Kolhapur,Black,20,35,35,7.5,800,25,Jowar,10:26:26 NPK,https://youtu.be/hxuB66J-3BI,1035.2
Kolhapur,Black,25,35,35,7.5,800,25,Jowar,10:26:26 NPK,https://youtu.be/hxuB66J-3BI,1034.5
Kolhapur,Black,30,35,35,7.5,800,25,Jowar,10:26:26 NPK,https://youtu.be/hxuB66J-3BI,870.0
Kolhapur,Black,35,35,35,7.5,800,25,Jowar,10:26:26 NPK,https://youtu.be/hxuB66J-3BI,1220.3
Kolhapur,Black,40,35,35,7.5,800,25,Jowar,10:26:26 NPK,https://youtu.be/hxuB66J-3BI,1025.8
Kolhapur,Black,20,25,40,6.5,600,30,Jowar,10:26:26 NPK,https://youtu.be/hxuB66J-3BI,1125.9
Kolhapur,Black,25,25,40,6.5,600,30,Jowar,10:26:26 NPK,https://youtu.be/hxuB66J-3BI,1226.8
Kolhapur,Black,30,25,40,6.5,600,30,Jowar,10:26:26 NPK,https://youtu.be/hxuB66J-3BI,1223.5
Kolhapur,Black,35,25,40,6.5,600,30,Jowar,10:26:26 NPK,https://youtu.be/hxuB66J-3BI,1273.0
Kolhapur,Black,40,25,40,6.5,600,30,Jowar,10:26:26 NPK,https://youtu.be/hxuB66J-3BI,1116.7
Kolhapur,Black,20,30,25,7.0,700,25,Jowar,Urea,https://youtu.be/hxuB66J-3BI,1029.4
Kolhapur,Black,25,30,25,7.0,700,25,Jowar,Urea,https://youtu.be/hxuB66J-3BI,1103.5
Kolhapur,Black,30,30,25,7.0,700,25,Jowar,Urea,https://youtu.be/hxuB66J-3BI,773.8
Kolhapur,Black,35,30,25,7.0,700,25,Jowar,Urea,https://youtu.be/hxuB66J-3BI,826.1
Kolhapur,Black,40,30,25,7.0,700,25,Jowar,Urea,https://youtu.be/hxuB66J-3BI,854.6
Kolhapur,Black,20,35,30,7.5,800,30,Jowar,Urea,https://youtu.be/hxuB66J-3BI,905.4
Kolhapur,Black,25,35,30,7.5,800,30,Jowar,Urea,https://youtu.be/hxuB66J-3BI,1195.0
Kolhapur,Black,30,35,30,7.5,800,30,Jowar,Urea,https://youtu.be/hxuB66J-3BI,929.8
Kolhapur,Black,35,35,30,7.5,800,30,Jowar,Urea,https://youtu.be/hxuB66J-3BI,1041.6
Kolhapur,Black,40,35,30,7.5,800,30,Jowar,Urea,https://youtu.be/hxuB66J-3BI,1392.3
Kolhapur,Black,20,25,35,6.5,600,25,Jowar,Urea,https://youtu.be/hxuB66J-3BI,1049.5
Kolhapur,Black,25,25,35,6.5,600,25,Jowar,Urea,https://youtu.be/hxuB66J-3BI,1280.2
Kolhapur,Black,30,25,35,6.5,600,25,Jowar,Urea,https://youtu.be/hxuB66J-3BI,935.7
Kolhapur,Black,35,25,35,6.5,600,25,Jowar,Urea,https://youtu.be/hxuB66J-3BI,1090.9
Kolhapur,Black,40,25,35,6.5,600,25,Jowar,Urea,https://youtu.be/hxuB66J-3BI,938.0
Kolhapur,Black,20,30,40,7.0,700,30,Jowar,Urea,https://youtu.be/hxuB66J-3BI,1046.7
Kolhapur,Black,25,30,40,7.0,700,30,Jowar,Urea,https://youtu.be/hxuB66J-3BI,1293.6
Kolhapur,Black,30,30,40,7.0,700,30,Jowar,Urea,https://youtu.be/hxuB66J-3BI,765.5
Kolhapur,Black,35,30,40,7.0,700,30,Jowar,Urea,https://youtu.be/hxuB66J-3BI,1217.2
Kolhapur,Black,40,30,40,7.0,700,30,Jowar,Urea,https://youtu.be/hxuB66J-3BI,1180.0
Kolhapur,Black,20,35,25,7.5,800,25,Jowar,SSP,https://youtu.be/hxuB66J-3BI,987.9
Kolhapur,Black,25,35,25,7.5,800,25,Jowar,SSP,https://youtu.be/hxuB66J-3BI,816.0
Kolhapur,Black,30,35,25,7.5,800,25,Jowar,SSP,https://youtu.be/hxuB66J-3BI,1131.1
Kolhapur,Black,35,35,25,7.5,800,25,Jowar,SSP,https://youtu.be/hxuB66J-3BI,1010.3
Kolhapur,Black,40,35,25,7.5,800,25,Jowar,SSP,https://youtu.be/hxuB66J-3BI,1171.3
Kolhapur,Black,20,25,30,6.5,600,30,Jowar,SSP,https://youtu.be/hxuB66J-3BI,1127.9
Kolhapur,Black,25,25,30,6.5,600,30,Jowar,SSP,https://youtu.be/hxuB66J-3BI,1459.8
Kolhapur,Black,30,25,30,6.5,600,30,Jowar,SSP,https://youtu.be/hxuB66J-3BI,1080.4
Kolhapur,Black,35,25,30,6.5,600,30,Jowar,SSP,https://youtu.be/hxuB66J-3BI,919.8
Kolhapur,Black,40,25,30,6.5,600,30,Jowar,SSP,https://youtu.be/hxuB66J-3BI,1175.0
Kolhapur,Black,20,30,35,7.0,700,25,Jowar,SSP,https://youtu.be/hxuB66J-3BI,1161.9
Kolhapur,Black,25,30,35,7.0,700,25,Jowar,SSP,https://youtu.be/hxuB66J-3BI,1400.9
Kolhapur,Black,30,30,35,7.0,700,25,Jowar,SSP,https://youtu.be/hxuB66J-3BI,1296.6
Kolhapur,Black,35,30,35,7.0,700,25,Jowar,SSP,https://youtu.be/hxuB66J-3BI,1201.1
Kolhapur,Black,40,30,35,7.0,700,25,Jowar,SSP,https://youtu.be/hxuB66J-3BI,1435.5
Kolhapur,Black,20,35,40,7.5,800,30,Jowar,SSP,https://youtu.be/hxuB66J-3BI,866.2
Kolhapur,Black,25,35,40,7.5,800,30,Jowar,SSP,https://youtu.be/hxuB66J-3BI,981.5
Kolhapur,Black,30,35,40,7.5,800,30,Jowar,SSP,https://youtu.be/hxuB66J-3BI,925.5
Kolhapur,Black,35,35,40,7.5,800,30,Jowar,SSP,https://youtu.be/hxuB66J-3BI,1039.2
Kolhapur,Black,40,35,40,7.5,800,30,Jowar,SSP,https://youtu.be/hxuB66J-3BI,837.9
Kolhapur,Black,40,20,20,6.0,600,25,Jowar,10:26:26 NPK,https://youtu.be/hxuB66J-3BI,1246.7
Kolhapur,Black,45,20,20,6.0,600,25,Jowar,10:26:26 NPK,https://youtu.be/hxuB66J-3BI,1073.5
Kolhapur,Black,50,20,20,6.0,600,25,Jowar,10:26:26 NPK,https://youtu.be/hxuB66J-3BI,818.2
Kolhapur,Black,40,25,25,6.5,700,30,Jowar,10:26:26 NPK,https://youtu.be/hxuB66J-3BI,929.0
Kolhapur,Black,45,25,25,6.5,700,30,Jowar,10:26:26 NPK,https://youtu.be/hxuB66J-3BI,1213.0
Kolhapur,Black,50,25,25,6.5,700,30,Jowar,10:26:26 NPK,https://youtu.be/hxuB66J-3BI,1328.1
Kolhapur,Black,40,20,25,7.0,800,25,Jowar,10:26:26 NPK,https://youtu.be/hxuB66J-3BI,1542.8
Kolhapur,Black,45,20,25,7.0,800,25,Jowar,10:26:26 NPK,https://youtu.be/hxuB66J-3BI,1738.9
Kolhapur,Black,50,20,25,7.0,800,25,Jowar,10:26:26 NPK,https://youtu.be/hxuB66J-3BI,1221.1
Kolhapur,Black,40,25,20,7.5,600,30,Jowar,10:26:26 NPK,https://youtu.be/hxuB66J-3BI,901.8
Kolhapur,Black,45,25,20,7.5,600,30,Jowar,10:26:26 NPK,https://youtu.be/hxuB66J-3BI,671.4
Kolhapur,Black,50,25,20,7.5,600,30,Jowar,10:26:26 NPK,https://youtu.be/hxuB66J-3BI,1164.9
Kolhapur,Red ,100,40,50,6.0,800,25,Cotton,DAP,https://www.youtube.com/live/vX-DfTU-KbE?feature=share,197.8
Kolhapur,Red ,105,40,50,6.0,800,25,Cotton,DAP,https://www.youtube.com/live/vX-DfTU-KbE?feature=share,1210.8
Kolhapur,Red ,110,40,50,6.0,800,25,Cotton,DAP,https://www.youtube.com/live/vX-DfTU-KbE?feature=share,711.9
Kolhapur,Red ,115,40,50,6.0,800,25,Cotton,DAP,https://www.youtube.com/live/vX-DfTU-KbE?feature=share,1921.1
Kolhapur,Red ,120,40,50,6.0,800,25,Cotton,DAP,https://www.youtube.com/live/vX-DfTU-KbE?feature=share,4796.5
Kolhapur,Red ,125,40,50,6.0,800,25,Cotton,DAP,https://www.youtube.com/live/vX-DfTU-KbE?feature=share,2699.4
Kolhapur,Red ,130,40,50,6.0,800,25,Cotton,DAP,https://www.youtube.com/live/vX-DfTU-KbE?feature=share,1891.6
Kolhapur,Red ,135,40,50,6.0,800,25,Cotton,DAP,https://www.youtube.com/live/vX-DfTU-KbE?feature=share,181.9
Kolhapur,Red ,140,40,50,6.0,800,25,Cotton,DAP,https://www.youtube.com/live/vX-DfTU-KbE?feature=share,181.9
Kolhapur,Red ,145,40,50,6.0,800,25,Cotton,DAP,https://www.youtube.com/live/vX-DfTU-KbE?feature=share,1054.1
Kolhapur,Red ,150,40,50,6.0,800,25,Cotton,DAP,https://www.youtube.com/live/vX-DfTU-KbE?feature=share,2187.2
Kolhapur,Red ,100,45,55,6.5,900,30,Cotton,DAP,https://www.youtube.com/live/vX-DfTU-KbE?feature=share,4796.5
Kolhapur,Red ,105,45,55,6.5,900,30,Cotton,DAP,https://www.youtube.com/live/vX-DfTU-KbE?feature=share,2662.2
Kolhapur,Red ,110,45,55,6.5,900,30,Cotton,DAP,https://www.youtube.com/live/vX-DfTU-KbE?feature=share,4796.5
Kolhapur,Red ,115,45,55,6.5,900,30,Cotton,DAP,https://www.youtube.com/live/vX-DfTU-KbE?feature=share,1026.7
Kolhapur,Red ,120,45,55,6.5,900,30,Cotton,DAP,https://www.youtube.com/live/vX-DfTU-KbE?feature=share,181.9
Kolhapur,Red ,125,45,55,6.5,900,30,Cotton,DAP,https://www.youtube.com/live/vX-DfTU-KbE?feature=share,181.9
Kolhapur,Red ,130,45,55,6.5,900,30,Cotton,DAP,https://www.youtube.com/live/vX-DfTU-KbE?feature=share,438.0
Kolhapur,Red ,135,45,55,6.5,900,30,Cotton,DAP,https://www.youtube.com/live/vX-DfTU-KbE?feature=share,4796.5
Kolhapur,Red ,140,45,55,6.5,900,30,Cotton,DAP,https://www.youtube.com/live/vX-DfTU-KbE?feature=share,184.8
Kolhapur,Red ,145,45,55,6.5,900,30,Cotton,DAP,https://www.youtube.com/live/vX-DfTU-KbE?feature=share,4612.4
Kolhapur,Red ,150,45,55,6.5,900,30,Cotton,DAP,https://www.youtube.com/live/vX-DfTU-KbE?feature=share,181.9
Kolhapur,Red ,100,50,60,7.0,1000,35,Cotton,DAP,https://www.youtube.com/live/vX-DfTU-KbE?feature=share,4705.8
Kolhapur,Red ,105,50,60,7.0,1000,35,Cotton,DAP,https://www.youtube.com/live/vX-DfTU-KbE?feature=share,3303.7
Kolhapur,Red ,110,50,60,7.0,1000,35,Cotton,DAP,https://www.youtube.com/live/vX-DfTU-KbE?feature=share,1906.7
Kolhapur,Red ,115,50,60,7.0,1000,35,Cotton,DAP,https://www.youtube.com/live/vX-DfTU-KbE?feature=share,2213.9
Kolhapur,Red ,120,50,60,7.0,1000,35,Cotton,DAP,https://www.youtube.com/live/vX-DfTU-KbE?feature=share,616.5
Kolhapur,Red ,125,50,60,7.0,1000,35,Cotton,DAP,https://www.youtube.com/live/vX-DfTU-KbE?feature=share,3501.6
Kolhapur,Red ,130,50,60,7.0,1000,35,Cotton,DAP,https://www.youtube.com/live/vX-DfTU-KbE?feature=share,1144.8
Kolhapur,Red ,135,50,60,7.0,1000,35,Cotton,DAP,https://www.youtube.com/live/vX-DfTU-KbE?feature=share,181.9
Kolhapur,Red ,140,50,60,7.0,1000,35,Cotton,DAP,https://www.youtube.com/live/vX-DfTU-KbE?feature=share,181.9
Kolhapur,Red ,145,50,60,7.0,1000,35,Cotton,DAP,https://www.youtube.com/live/vX-DfTU-KbE?feature=share,2816.7
Kolhapur,Red ,150,50,60,7.0,1000,35,Cotton,DAP,https://www.youtube.com/live/vX-DfTU-KbE?feature=share,4796.5
Kolhapur,Red ,100,55,65,7.5,800,25,Cotton,DAP,https://www.youtube.com/live/vX-DfTU-KbE?feature=share,2656.2
Kolhapur,Red ,105,55,65,7.5,800,25,Cotton,DAP,https://www.youtube.com/live/vX-DfTU-KbE?feature=share,1957.5
Kolhapur,Red ,110,55,65,7.5,800,25,Cotton,DAP,https://www.youtube.com/live/vX-DfTU-KbE?feature=share,2991.4
Kolhapur,Red ,115,55,65,7.5,800,25,Cotton,DAP,https://www.youtube.com/live/vX-DfTU-KbE?feature=share,4796.5
Kolhapur,Red ,120,55,65,7.5,800,25,Cotton,DAP,https://www.youtube.com/live/vX-DfTU-KbE?feature=share,2838.6
Kolhapur,Red ,125,55,65,7.5,800,25,Cotton,DAP,https://www.youtube.com/live/vX-DfTU-KbE?feature=share,1230.6
Kolhapur,Red ,130,55,65,7.5,800,25,Cotton,DAP,https://www.youtube.com/live/vX-DfTU-KbE?feature=share,4796.5
Kolhapur,Red ,135,55,65,7.5,800,25,Cotton,DAP,https://www.youtube.com/live/vX-DfTU-KbE?feature=share,3402.8
Kolhapur,Red ,140,55,65,7.5,800,25,Cotton,DAP,https://www.youtube.com/live/vX-DfTU-KbE?feature=share,4796.5
Kolhapur,Red ,145,55,65,7.5,800,25,Cotton,DAP,https://www.youtube.com/live/vX-DfTU-KbE?feature=share,2785.3
Kolhapur,Red ,150,55,65,7.5,800,25,Cotton,DAP,https://www.youtube.com/live/vX-DfTU-KbE?feature=share,181.9
Kolhapur,Red ,100,60,70,6.0,900,30,Cotton,DAP,https://www.youtube.com/live/vX-DfTU-KbE?feature=share,181.9
Kolhapur,Red ,105,60,70,6.0,900,30,Cotton,DAP,https://www.youtube.com/live/vX-DfTU-KbE?feature=share,4796.5
Kolhapur,Red ,110,60,70,6.0,900,30,Cotton,DAP,https://www.youtube.com/live/vX-DfTU-KbE?feature=share,4796.5
Kolhapur,Red ,115,60,70,6.0,900,30,Cotton,DAP,https://www.youtube.com/live/vX-DfTU-KbE?feature=share,1856.9
Kolhapur,Red ,120,60,70,6.0,900,30,Cotton,DAP,https://www.youtube.com/live/vX-DfTU-KbE?feature=share,1329.0
Kolhapur,Red ,125,60,70,6.0,900,30,Cotton,DAP,https://www.youtube.com/live/vX-DfTU-KbE?feature=share,4796.5
Kolhapur,Red ,130,60,70,6.0,900,30,Cotton,DAP,https://www.youtube.com/live/vX-DfTU-KbE?feature=share,181.9
Kolhapur,Red ,135,60,70,6.0,900,30,Cotton,DAP,https://www.youtube.com/live/vX-DfTU-KbE?feature=share,181.9
Kolhapur,Red ,140,60,70,6.0,900,30,Cotton,DAP,https://www.youtube.com/live/vX-DfTU-KbE?feature=share,4061.7
Kolhapur,Red ,145,60,70,6.0,900,30,Cotton,DAP,https://www.youtube.com/live/vX-DfTU-KbE?feature=share,1317.5
Kolhapur,Red ,150,60,70,6.0,900,30,Cotton,DAP,https://www.youtube.com/live/vX-DfTU-KbE?feature=share,2358.0
Kolhapur,Red ,100,40,75,6.5,1000,35,Cotton,DAP,https://www.youtube.com/live/vX-DfTU-KbE?feature=share,1893.2
Kolhapur,Red ,105,40,75,6.5,1000,35,Cotton,DAP,https://www.youtube.com/live/vX-DfTU-KbE?feature=share,3206.5
Kolhapur,Red ,110,40,75,6.5,1000,35,Cotton,DAP,https://www.youtube.com/live/vX-DfTU-KbE?feature=share,4796.5
Kolhapur,Red ,115,40,75,6.5,1000,35,Cotton,DAP,https://www.youtube.com/live/vX-DfTU-KbE?feature=share,2576.5
Kolhapur,Red ,120,40,75,6.5,1000,35,Cotton,DAP,https://www.youtube.com/live/vX-DfTU-KbE?feature=share,4040.7
Kolhapur,Red ,125,40,75,6.5,1000,35,Cotton,DAP,https://www.youtube.com/live/vX-DfTU-KbE?feature=share,181.9
Kolhapur,Red ,130,40,75,6.5,1000,35,Cotton,DAP,https://www.youtube.com/live/vX-DfTU-KbE?feature=share,2229.8
Kolhapur,Red ,135,40,75,6.5,1000,35,Cotton,DAP,https://www.youtube.com/live/vX-DfTU-KbE?feature=share,181.9
Kolhapur,Red ,140,40,75,6.5,1000,35,Cotton,DAP,https://www.youtube.com/live/vX-DfTU-KbE?feature=share,181.9
Kolhapur,Red ,145,40,75,6.5,1000,35,Cotton,DAP,https://www.youtube.com/live/vX-DfTU-KbE?feature=share,181.9
Kolhapur,Red ,150,40,75,6.5,1000,35,Cotton,DAP,https://www.youtube.com/live/vX-DfTU-KbE?feature=share,1490.8
Kolhapur,Red ,100,45,50,6.0,800,25,Cotton,Magnesium Sulphate,https://www.youtube.com/live/vX-DfTU-KbE?feature=share,4604.1
Kolhapur,Red ,105,45,50,6.0,800,25,Cotton,Magnesium Sulphate,https://www.youtube.com/live/vX-DfTU-KbE?feature=share,181.9
Kolhapur,Red ,110,45,50,6.0,800,25,Cotton,Magnesium Sulphate,https://www.youtube.com/live/vX-DfTU-KbE?feature=share,2361.8
Kolhapur,Red ,115,45,50,6.0,800,25,Cotton,Magnesium Sulphate,https://www.youtube.com/live/vX-DfTU-KbE?feature=share,1045.4
Kolhapur,Red ,120,45,50,6.0,800,25,Cotton,Magnesium Sulphate,https://www.youtube.com/live/vX-DfTU-KbE?feature=share,1451.8
Kolhapur,Red ,125,45,50,6.0,800,25,Cotton,Magnesium Sulphate,https://www.youtube.com/live/vX-DfTU-KbE?feature=share,4796.5
Kolhapur,Red ,130,45,50,6.0,800,25,Cotton,Magnesium Sulphate,https://www.youtube.com/live/vX-DfTU-KbE?feature=share,3704.8
Kolhapur,Red ,135,45,50,6.0,800,25,Cotton,Magnesium Sulphate,https://www.youtube.com/live/vX-DfTU-KbE?feature=share,4796.5
Kolhapur,Red ,140,45,50,6.0,800,25,Cotton,Magnesium Sulphate,https://www.youtube.com/live/vX-DfTU-KbE?feature=share,1920.0
Kolhapur,Red ,145,45,50,6.0,800,25,Cotton,Magnesium Sulphate,https://www.youtube.com/live/vX-DfTU-KbE?feature=share,509.6
Kolhapur,Red ,150,45,50,6.0,800,25,Cotton,Magnesium Sulphate,https://www.youtube.com/live/vX-DfTU-KbE?feature=share,1749.0
Kolhapur,Red ,100,50,55,6.5,900,30,Cotton,Magnesium Sulphate,https://www.youtube.com/live/vX-DfTU-KbE?feature=share,2956.9
Kolhapur,Red ,105,50,55,6.5,900,30,Cotton,Magnesium Sulphate,https://www.youtube.com/live/vX-DfTU-KbE?feature=share,2792.9
Kolhapur,Red ,110,50,55,6.5,900,30,Cotton,Magnesium Sulphate,https://www.youtube.com/live/vX-DfTU-KbE?feature=share,181.9
Kolhapur,Red ,115,50,55,6.5,900,30,Cotton,Magnesium Sulphate,https://www.youtube.com/live/vX-DfTU-KbE?feature=share,2582.4
Kolhapur,Red ,120,50,55,6.5,900,30,Cotton,Magnesium Sulphate,https://www.youtube.com/live/vX-DfTU-KbE?feature=share,2953.2
Kolhapur,Red ,125,50,55,6.5,900,30,Cotton,Magnesium Sulphate,https://www.youtube.com/live/vX-DfTU-KbE?feature=share,4796.5
Kolhapur,Red ,130,50,55,6.5,900,30,Cotton,Magnesium Sulphate,https://www.youtube.com/live/vX-DfTU-KbE?feature=share,4796.5
Kolhapur,Red ,135,50,55,6.5,900,30,Cotton,Magnesium Sulphate,https://www.youtube.com/live/vX-DfTU-KbE?feature=share,181.9
Kolhapur,Red ,140,50,55,6.5,900,30,Cotton,Magnesium Sulphate,https://www.youtube.com/live/vX-DfTU-KbE?feature=share,1610.7
Kolhapur,Red ,145,50,55,6.5,900,30,Cotton,Magnesium Sulphate,https://www.youtube.com/live/vX-DfTU-KbE?feature=share,181.9
Kolhapur,Red ,150,50,55,6.5,900,30,Cotton,Magnesium Sulphate,https://www.youtube.com/live/vX-DfTU-KbE?feature=share,805.6
Kolhapur,Red ,100,55,60,7.0,1000,35,Cotton,Magnesium Sulphate,https://www.youtube.com/live/vX-DfTU-KbE?feature=share,3126.4
Kolhapur,Red ,105,55,60,7.0,1000,35,Cotton,Magnesium Sulphate,https://www.youtube.com/live/vX-DfTU-KbE?feature=share,4796.5
Kolhapur,Red ,110,55,60,7.0,1000,35,Cotton,Magnesium Sulphate,https://www.youtube.com/live/vX-DfTU-KbE?feature=share,421.6
Kolhapur,Red ,115,55,60,7.0,1000,35,Cotton,Magnesium Sulphate,https://www.youtube.com/live/vX-DfTU-KbE?feature=share,618.6
Kolhapur,Red ,120,55,60,7.0,1000,35,Cotton,Magnesium Sulphate,https://www.youtube.com/live/vX-DfTU-KbE?feature=share,181.9
Kolhapur,Red ,125,55,60,7.0,1000,35,Cotton,Magnesium Sulphate,https://www.youtube.com/live/vX-DfTU-KbE?feature=share,1913.9
Kolhapur,Red ,130,55,60,7.0,1000,35,Cotton,Magnesium Sulphate,https://www.youtube.com/live/vX-DfTU-KbE?feature=share,181.9
Kolhapur,Red ,135,55,60,7.0,1000,35,Cotton,Magnesium Sulphate,https://www.youtube.com/live/vX-DfTU-KbE?feature=share,955.3
Kolhapur,Red ,140,55,60,7.0,1000,35,Cotton,Magnesium Sulphate,https://www.youtube.com/live/vX-DfTU-KbE?feature=share,181.9
Kolhapur,Red ,145,55,60,7.0,1000,35,Cotton,Magnesium Sulphate,https://www.youtube.com/live/vX-DfTU-KbE?feature=share,2117.3
Kolhapur,Red ,150,55,60,7.0,1000,35,Cotton,Magnesium Sulphate,https://www.youtube.com/live/vX-DfTU-KbE?feature=share,181.9
Kolhapur,Red ,100,60,65,7.5,800,25,Cotton,Magnesium Sulphate,https://www.youtube.com/live/vX-DfTU-KbE?feature=share,181.9
Kolhapur,Red ,105,60,65,7.5,800,25,Cotton,Magnesium Sulphate,https://www.youtube.com/live/vX-DfTU-KbE?feature=share,4796.5
Kolhapur,Red ,110,60,65,7.5,800,25,Cotton,Magnesium Sulphate,https://www.youtube.com/live/vX-DfTU-KbE?feature=share,181.9
Kolhapur,Red ,115,60,65,7.5,800,25,Cotton,Magnesium Sulphate,https://www.youtube.com/live/vX-DfTU-KbE?feature=share,181.9
Kolhapur,Red ,120,60,65,7.5,800,25,Cotton,Magnesium Sulphate,https://www.youtube.com/live/vX-DfTU-KbE?feature=share,4796.5
Kolhapur,Red ,125,60,65,7.5,800,25,Cotton,Magnesium Sulphate,https://www.youtube.com/live/vX-DfTU-KbE?feature=share,4796.5
Kolhapur,Red ,130,60,65,7.5,800,25,Cotton,Magnesium Sulphate,https://www.youtube.com/live/vX-DfTU-KbE?feature=share,181.9
Kolhapur,Red ,135,60,65,7.5,800,25,Cotton,Magnesium Sulphate,https://www.youtube.com/live/vX-DfTU-KbE?feature=share,1352.4
Kolhapur,Red ,140,60,65,7.5,800,25,Cotton,Magnesium Sulphate,https://www.youtube.com/live/vX-DfTU-KbE?feature=share,3198.1
Kolhapur,Red ,145,60,65,7.5,800,25,Cotton,Magnesium Sulphate,https://www.youtube.com/live/vX-DfTU-KbE?feature=share,4796.5
Kolhapur,Red ,150,60,65,7.5,800,25,Cotton,Magnesium Sulphate,https://www.youtube.com/live/vX-DfTU-KbE?feature=share,181.9
Kolhapur,Red ,100,40,70,6.0,900,30,Cotton,Magnesium Sulphate,https://www.youtube.com/live/vX-DfTU-KbE?feature=share,1647.1
Kolhapur,Red ,105,40,70,6.0,900,30,Cotton,Magnesium Sulphate,https://www.youtube.com/live/vX-DfTU-KbE?feature=share,4268.5
Kolhapur,Red ,110,40,70,6.0,900,30,Cotton,Magnesium Sulphate,https://www.youtube.com/live/vX-DfTU-KbE?feature=share,3401.7
Kolhapur,Red ,115,40,70,6.0,900,30,Cotton,Magnesium Sulphate,https://www.youtube.com/live/vX-DfTU-KbE?feature=share,1324.6
Kolhapur,Red ,120,40,70,6.0,900,30,Cotton,Magnesium Sulphate,https://www.youtube.com/live/vX-DfTU-KbE?feature=share,1953.8
Kolhapur,Red ,125,40,70,6.0,900,30,Cotton,Magnesium Sulphate,https://www.youtube.com/live/vX-DfTU-KbE?feature=share,181.9
Kolhapur,Red ,130,40,70,6.0,900,30,Cotton,Magnesium Sulphate,https://www.youtube.com/live/vX-DfTU-KbE?feature=share,1694.2
Kolhapur,Red ,135,40,70,6.0,900,30,Cotton,Magnesium Sulphate,https://www.youtube.com/live/vX-DfTU-KbE?feature=share,1625.5
Kolhapur,Red ,140,40,70,6.0,900,30,Cotton,Magnesium Sulphate,https://www.youtube.com/live/vX-DfTU-KbE?feature=share,2931.6
Kolhapur,Red ,145,40,70,6.0,900,30,Cotton,Magnesium Sulphate,https://www.youtube.com/live/vX-DfTU-KbE?feature=share,878.4
Kolhapur,Red ,150,40,70,6.0,900,30,Cotton,Magnesium Sulphate,https://www.youtube.com/live/vX-DfTU-KbE?feature=share,3576.7
Kolhapur,Red ,100,45,75,6.5,1000,35,Cotton,Magnesium Sulphate,https://www.youtube.com/live/vX-DfTU-KbE?feature=share,4796.5
Kolhapur,Red ,105,45,75,6.5,1000,35,Cotton,Magnesium Sulphate,https://www.youtube.com/live/vX-DfTU-KbE?feature=share,2740.8
Kolhapur,Red ,110,45,75,6.5,1000,35,Cotton,Magnesium Sulphate,https://www.youtube.com/live/vX-DfTU-KbE?feature=share,3264.5
Kolhapur,Red ,115,45,75,6.5,1000,35,Cotton,Magnesium Sulphate,https://www.youtube.com/live/vX-DfTU-KbE?feature=share,2487.1
Kolhapur,Red ,120,45,75,6.5,1000,35,Cotton,Magnesium Sulphate,https://www.youtube.com/live/vX-DfTU-KbE?feature=share,2354.0
Kolhapur,Red ,125,45,75,6.5,1000,35,Cotton,Magnesium Sulphate,https://www.youtube.com/live/vX-DfTU-KbE?feature=share,448.6
Kolhapur,Red ,130,45,75,6.5,1000,35,Cotton,Magnesium Sulphate,https://www.youtube.com/live/vX-DfTU-KbE?feature=share,3208.1
Kolhapur,Red ,135,45,75,6.5,1000,35,Cotton,Magnesium Sulphate,https://www.youtube.com/live/vX-DfTU-KbE?feature=share,2114.6
Kolhapur,Red ,140,45,75,6.5,1000,35,Cotton,Magnesium Sulphate,https://www.youtube.com/live/vX-DfTU-KbE?feature=share,4796.5
Kolhapur,Red ,145,45,75,6.5,1000,35,Cotton,Magnesium Sulphate,https://www.youtube.com/live/vX-DfTU-KbE?feature=share,4796.5
Kolhapur,Red ,150,45,75,6.5,1000,35,Cotton,Magnesium Sulphate,https://www.youtube.com/live/vX-DfTU-KbE?feature=share,3430.7
Kolhapur,Red ,100,50,50,7.0,800,25,Cotton,13:32:26 NPK,https://www.youtube.com/live/vX-DfTU-KbE?feature=share,326.8
Kolhapur,Red ,105,50,50,7.0,800,25,Cotton,13:32:26 NPK,https://www.youtube.com/live/vX-DfTU-KbE?feature=share,181.9
Kolhapur,Red ,110,50,50,7.0,800,25,Cotton,13:32:26 NPK,https://www.youtube.com/live/vX-DfTU-KbE?feature=share,4796.5
Kolhapur,Red ,115,50,50,7.0,800,25,Cotton,13:32:26 NPK,https://www.youtube.com/live/vX-DfTU-KbE?feature=share,2975.9
Kolhapur,Red ,120,50,50,7.0,800,25,Cotton,13:32:26 NPK,https://www.youtube.com/live/vX-DfTU-KbE?feature=share,3546.9
Kolhapur,Red ,125,50,50,7.0,800,25,Cotton,13:32:26 NPK,https://www.youtube.com/live/vX-DfTU-KbE?feature=share,181.9
Kolhapur,Red ,130,50,50,7.0,800,25,Cotton,13:32:26 NPK,https://www.youtube.com/live/vX-DfTU-KbE?feature=share,4731.0
Kolhapur,Red ,135,50,50,7.0,800,25,Cotton,13:32:26 NPK,https://www.youtube.com/live/vX-DfTU-KbE?feature=share,3510.2
Kolhapur,Red ,140,50,50,7.0,800,25,Cotton,13:32:26 NPK,https://www.youtube.com/live/vX-DfTU-KbE?feature=share,181.9
Kolhapur,Red ,145,50,50,7.0,800,25,Cotton,13:32:26 NPK,https://www.youtube.com/live/vX-DfTU-KbE?feature=share,1100.3
Kolhapur,Red ,150,50,50,7.0,800,25,Cotton,13:32:26 NPK,https://www.youtube.com/live/vX-DfTU-KbE?feature=share,3038.2
Kolhapur,Red ,100,55,55,7.5,900,30,Cotton,13:32:26 NPK,https://www.youtube.com/live/vX-DfTU-KbE?feature=share,2395.8
Kolhapur,Red ,105,55,55,7.5,900,30,Cotton,13:32:26 NPK,https://www.youtube.com/live/vX-DfTU-KbE?feature=share,1524.9
Kolhapur,Red ,110,55,55,7.5,900,30,Cotton,13:32:26 NPK,https://www.youtube.com/live/vX-DfTU-KbE?feature=share,2011.2
Kolhapur,Red ,115,55,55,7.5,900,30,Cotton,13:32:26 NPK,https://www.youtube.com/live/vX-DfTU-KbE?feature=share,1636.6
Kolhapur,Red ,120,55,55,7.5,900,30,Cotton,13:32:26 NPK,https://www.youtube.com/live/vX-DfTU-KbE?feature=share,2680.5
Kolhapur,Red ,125,55,55,7.5,900,30,Cotton,13:32:26 NPK,https://www.youtube.com/live/vX-DfTU-KbE?feature=share,4796.5
Kolhapur,Red ,130,55,55,7.5,900,30,Cotton,13:32:26 NPK,https://www.youtube.com/live/vX-DfTU-KbE?feature=share,181.9
Kolhapur,Red ,135,55,55,7.5,900,30,Cotton,13:32:26 NPK,https://www.youtube.com/live/vX-DfTU-KbE?feature=share,1694.4
Kolhapur,Red ,140,55,55,7.5,900,30,Cotton,13:32:26 NPK,https://www.youtube.com/live/vX-DfTU-KbE?feature=share,2773.1
Kolhapur,Red ,145,55,55,7.5,900,30,Cotton,13:32:26 NPK,https://www.youtube.com/live/vX-DfTU-KbE?feature=share,3092.1
Kolhapur,Red ,150,55,55,7.5,900,30,Cotton,13:32:26 NPK,https://www.youtube.com/live/vX-DfTU-KbE?feature=share,1355.8
Kolhapur,Red ,100,60,60,6.0,1000,35,Cotton,13:32:26 NPK,https://www.youtube.com/live/vX-DfTU-KbE?feature=share,181.9
Kolhapur,Red ,105,60,60,6.0,1000,35,Cotton,13:32:26 NPK,https://www.youtube.com/live/vX-DfTU-KbE?feature=share,3178.8
Kolhapur,Red ,110,60,60,6.0,1000,35,Cotton,13:32:26 NPK,https://www.youtube.com/live/vX-DfTU-KbE?feature=share,4796.5
Kolhapur,Red ,115,60,60,6.0,1000,35,Cotton,13:32:26 NPK,https://www.youtube.com/live/vX-DfTU-KbE?feature=share,181.9
Kolhapur,Red ,120,60,60,6.0,1000,35,Cotton,13:32:26 NPK,https://www.youtube.com/live/vX-DfTU-KbE?feature=share,4615.2
Kolhapur,Red ,125,60,60,6.0,1000,35,Cotton,13:32:26 NPK,https://www.youtube.com/live/vX-DfTU-KbE?feature=share,1483.2
Kolhapur,Red ,130,60,60,6.0,1000,35,Cotton,13:32:26 NPK,https://www.youtube.com/live/vX-DfTU-KbE?feature=share,2194.1
Kolhapur,Red ,135,60,60,6.0,1000,35,Cotton,13:32:26 NPK,https://www.youtube.com/live/vX-DfTU-KbE?feature=share,181.9
Kolhapur,Red ,140,60,60,6.0,1000,35,Cotton,13:32:26 NPK,https://www.youtube.com/live/vX-DfTU-KbE?feature=share,1479.9
Kolhapur,Red ,145,60,60,6.0,1000,35,Cotton,13:32:26 NPK,https://www.youtube.com/live/vX-DfTU-KbE?feature=share,4796.5
Kolhapur,Red ,150,60,60,6.0,1000,35,Cotton,13:32:26 NPK,https://www.youtube.com/live/vX-DfTU-KbE?feature=share,3941.0
Kolhapur,Red ,100,40,65,6.5,800,25,Cotton,13:32:26 NPK,https://www.youtube.com/live/vX-DfTU-KbE?feature=share,4796.5
Kolhapur,Red ,105,40,65,6.5,800,25,Cotton,13:32:26 NPK,https://www.youtube.com/live/vX-DfTU-KbE?feature=share,4796.5
Kolhapur,Red ,110,40,65,6.5,800,25,Cotton,13:32:26 NPK,https://www.youtube.com/live/vX-DfTU-KbE?feature=share,3448.1
Kolhapur,Red ,115,40,65,6.5,800,25,Cotton,13:32:26 NPK,https://www.youtube.com/live/vX-DfTU-KbE?feature=share,4796.5
Kolhapur,Red ,120,40,65,6.5,800,25,Cotton,13:32:26 NPK,https://www.youtube.com/live/vX-DfTU-KbE?feature=share,3467.8
Kolhapur,Red ,125,40,65,6.5,800,25,Cotton,13:32:26 NPK,https://www.youtube.com/live/vX-DfTU-KbE?feature=share,4495.1
Kolhapur,Red ,130,40,65,6.5,800,25,Cotton,13:32:26 NPK,https://www.youtube.com/live/vX-DfTU-KbE?feature=share,1558.6
Kolhapur,Red ,135,40,65,6.5,800,25,Cotton,13:32:26 NPK,https://www.youtube.com/live/vX-DfTU-KbE?feature=share,2518.2
Kolhapur,Red ,140,40,65,6.5,800,25,Cotton,13:32:26 NPK,https://www.youtube.com/live/vX-DfTU-KbE?feature=share,510.2
Kolhapur,Red ,145,40,65,6.5,800,25,Cotton,13:32:26 NPK,https://www.youtube.com/live/vX-DfTU-KbE?feature=share,4796.5
Kolhapur,Red ,150,40,65,6.5,800,25,Cotton,13:32:26 NPK,https://www.youtube.com/live/vX-DfTU-KbE?feature=share,181.9
Kolhapur,Red ,100,45,70,7.0,900,30,Cotton,13:32:26 NPK,https://www.youtube.com/live/vX-DfTU-KbE?feature=share,4284.4
Kolhapur,Red ,105,45,70,7.0,900,30,Cotton,13:32:26 NPK,https://www.youtube.com/live/vX-DfTU-KbE?feature=share,1798.1
Kolhapur,Red ,110,45,70,7.0,900,30,Cotton,13:32:26 NPK,https://www.youtube.com/live/vX-DfTU-KbE?feature=share,4796.5
Kolhapur,Red ,115,45,70,7.0,900,30,Cotton,13:32:26 NPK,https://www.youtube.com/live/vX-DfTU-KbE?feature=share,4240.2
Kolhapur,Red ,120,45,70,7.0,900,30,Cotton,13:32:26 NPK,https://www.youtube.com/live/vX-DfTU-KbE?feature=share,4796.5
Kolhapur,Red ,125,45,70,7.0,900,30,Cotton,13:32:26 NPK,https://www.youtube.com/live/vX-DfTU-KbE?feature=share,4212.3
Kolhapur,Red ,130,45,70,7.0,900,30,Cotton,13:32:26 NPK,https://www.youtube.com/live/vX-DfTU-KbE?feature=share,181.9
Kolhapur,Red ,135,45,70,7.0,900,30,Cotton,13:32:26 NPK,https://www.youtube.com/live/vX-DfTU-KbE?feature=share,2152.3
Kolhapur,Red ,140,45,70,7.0,900,30,Cotton,13:32:26 NPK,https://www.youtube.com/live/vX-DfTU-KbE?feature=share,181.9
Kolhapur,Red ,145,45,70,7.0,900,30,Cotton,13:32:26 NPK,https://www.youtube.com/live/vX-DfTU-KbE?feature=share,978.8
Kolhapur,Red ,150,45,70,7.0,900,30,Cotton,13:32:26 NPK,https://www.youtube.com/live/vX-DfTU-KbE?feature=share,4796.5
Kolhapur,Red ,100,50,75,7.5,1000,35,Cotton,13:32:26 NPK,https://www.youtube.com/live/vX-DfTU-KbE?feature=share,3886.4
Kolhapur,Red ,105,50,75,7.5,1000,35,Cotton,13:32:26 NPK,https://www.youtube.com/live/vX-DfTU-KbE?feature=share,489.4
Kolhapur,Red ,110,50,75,7.5,1000,35,Cotton,13:32:26 NPK,https://www.youtube.com/live/vX-DfTU-KbE?feature=share,181.9
Kolhapur,Red ,115,50,75,7.5,1000,35,Cotton,13:32:26 NPK,https://www.youtube.com/live/vX-DfTU-KbE?feature=share,2368.8
Kolhapur,Red ,120,50,75,7.5,1000,35,Cotton,13:32:26 NPK,https://www.youtube.com/live/vX-DfTU-KbE?feature=share,181.9
Kolhapur,Red ,125,50,75,7.5,1000,35,Cotton,13:32:26 NPK,https://www.youtube.com/live/vX-DfTU-KbE?feature=share,566.7
Kolhapur,Red ,130,50,75,7.5,1000,35,Cotton,13:32:26 NPK,https://www.youtube.com/live/vX-DfTU-KbE?feature=share,3111.2
Kolhapur,Red ,135,50,75,7.5,1000,35,Cotton,13:32:26 NPK,https://www.youtube.com/live/vX-DfTU-KbE?feature=share,4796.5
Kolhapur,Red ,140,50,75,7.5,1000,35,Cotton,13:32:26 NPK,https://www.youtube.com/live/vX-DfTU-KbE?feature=share,3900.6
Kolhapur,Red ,145,50,75,7.5,1000,35,Cotton,13:32:26 NPK,https://www.youtube.com/live/vX-DfTU-KbE?feature=share,181.9
Kolhapur,Red ,150,50,75,7.5,1000,35,Cotton,13:32:26 NPK,https://www.youtube.com/live/vX-DfTU-KbE?feature=share,3126.3
Kolhapur,Red ,100,55,50,6.0,800,25,Cotton,DAP,https://www.youtube.com/live/vX-DfTU-KbE?feature=share,2471.5
Kolhapur,Red ,105,55,50,6.0,800,25,Cotton,DAP,https://www.youtube.com/live/vX-DfTU-KbE?feature=share,3358.6
Kolhapur,Red ,110,55,50,6.0,800,25,Cotton,DAP,https://www.youtube.com/live/vX-DfTU-KbE?feature=share,4796.5
Kolhapur,Red ,115,55,50,6.0,800,25,Cotton,DAP,https://www.youtube.com/live/vX-DfTU-KbE?feature=share,181.9
Kolhapur,Red ,120,55,50,6.0,800,25,Cotton,DAP,https://www.youtube.com/live/vX-DfTU-KbE?feature=share,778.2
Kolhapur,Red ,125,55,50,6.0,800,25,Cotton,DAP,https://www.youtube.com/live/vX-DfTU-KbE?feature=share,3858.1
Kolhapur,Red ,130,55,50,6.0,800,25,Cotton,DAP,https://www.youtube.com/live/vX-DfTU-KbE?feature=share,181.9
Kolhapur,Red ,135,55,50,6.0,800,25,Cotton,DAP,https://www.youtube.com/live/vX-DfTU-KbE?feature=share,4796.5
Kolhapur,Red ,140,55,50,6.0,800,25,Cotton,DAP,https://www.youtube.com/live/vX-DfTU-KbE?feature=share,3306.6
Kolhapur,Red ,145,55,50,6.0,800,25,Cotton,DAP,https://www.youtube.com/live/vX-DfTU-KbE?feature=share,4575.2
Kolhapur,Red ,150,55,50,6.0,800,25,Cotton,DAP,https://www.youtube.com/live/vX-DfTU-KbE?feature=share,844.8
Kolhapur,Red ,100,60,55,6.5,900,30,Cotton,DAP,https://www.youtube.com/live/vX-DfTU-KbE?feature=share,4479.3
Kolhapur,Red ,105,60,55,6.5,900,30,Cotton,DAP,https://www.youtube.com/live/vX-DfTU-KbE?feature=share,4796.5
Kolhapur,Red ,110,60,55,6.5,900,30,Cotton,DAP,https://www.youtube.com/live/vX-DfTU-KbE?feature=share,2969.7
Kolhapur,Red ,115,60,55,6.5,900,30,Cotton,DAP,https://www.youtube.com/live/vX-DfTU-KbE?feature=share,2982.2
Kolhapur,Red ,120,60,55,6.5,900,30,Cotton,DAP,https://www.youtube.com/live/vX-DfTU-KbE?feature=share,3086.2
Kolhapur,Red ,125,60,55,6.5,900,30,Cotton,DAP,https://www.youtube.com/live/vX-DfTU-KbE?feature=share,181.9
Kolhapur,Red ,130,60,55,6.5,900,30,Cotton,DAP,https://www.youtube.com/live/vX-DfTU-KbE?feature=share,1986.7
Kolhapur,Red ,135,60,55,6.5,900,30,Cotton,DAP,https://www.youtube.com/live/vX-DfTU-KbE?feature=share,1978.9
Kolhapur,Red ,140,60,55,6.5,900,30,Cotton,DAP,https://www.youtube.com/live/vX-DfTU-KbE?feature=share,3424.9
Kolhapur,Red ,145,60,55,6.5,900,30,Cotton,DAP,https://www.youtube.com/live/vX-DfTU-KbE?feature=share,4796.5
Kolhapur,Red ,150,60,55,6.5,900,30,Cotton,DAP,https://www.youtube.com/live/vX-DfTU-KbE?feature=share,181.9
Kolhapur,Red ,100,40,60,7.0,1000,35,Cotton,DAP,https://www.youtube.com/live/vX-DfTU-KbE?feature=share,1963.4
Kolhapur,Red ,105,40,60,7.0,1000,35,Cotton,DAP,https://www.youtube.com/live/vX-DfTU-KbE?feature=share,4796.5
Kolhapur,Red ,110,40,60,7.0,1000,35,Cotton,DAP,https://www.youtube.com/live/vX-DfTU-KbE?feature=share,379.7
Kolhapur,Red ,115,40,60,7.0,1000,35,Cotton,DAP,https://www.youtube.com/live/vX-DfTU-KbE?feature=share,181.9
Kolhapur,Red ,120,40,60,7.0,1000,35,Cotton,DAP,https://www.youtube.com/live/vX-DfTU-KbE?feature=share,2834.8
Kolhapur,Red ,125,40,60,7.0,1000,35,Cotton,DAP,https://www.youtube.com/live/vX-DfTU-KbE?feature=share,4512.7
Kolhapur,Red ,130,40,60,7.0,1000,35,Cotton,DAP,https://www.youtube.com/live/vX-DfTU-KbE?feature=share,2353.2
Kolhapur,Red ,135,40,60,7.0,1000,35,Cotton,DAP,https://www.youtube.com/live/vX-DfTU-KbE?feature=share,4796.5
Kolhapur,Red ,140,40,60,7.0,1000,35,Cotton,DAP,https://www.youtube.com/live/vX-DfTU-KbE?feature=share,4583.8
Kolhapur,Red ,145,40,60,7.0,1000,35,Cotton,DAP,https://www.youtube.com/live/vX-DfTU-KbE?feature=share,4557.3
Kolhapur,Red ,150,40,60,7.0,1000,35,Cotton,DAP,https://www.youtube.com/live/vX-DfTU-KbE?feature=share,3811.3
Kolhapur,Red ,100,45,65,7.5,800,25,Cotton,DAP,https://www.youtube.com/live/vX-DfTU-KbE?feature=share,4796.5
Kolhapur,Red ,105,45,65,7.5,800,25,Cotton,DAP,https://www.youtube.com/live/vX-DfTU-KbE?feature=share,1725.7
Kolhapur,Red ,110,45,65,7.5,800,25,Cotton,DAP,https://www.youtube.com/live/vX-DfTU-KbE?feature=share,181.9
Kolhapur,Red ,115,45,65,7.5,800,25,Cotton,DAP,https://www.youtube.com/live/vX-DfTU-KbE?feature=share,4796.5
Kolhapur,Red ,120,45,65,7.5,800,25,Cotton,DAP,https://www.youtube.com/live/vX-DfTU-KbE?feature=share,1099.6
Kolhapur,Red ,125,45,65,7.5,800,25,Cotton,DAP,https://www.youtube.com/live/vX-DfTU-KbE?feature=share,2542.6
Kolhapur,Red ,130,45,65,7.5,800,25,Cotton,DAP,https://www.youtube.com/live/vX-DfTU-KbE?feature=share,4796.5
Kolhapur,Red ,135,45,65,7.5,800,25,Cotton,DAP,https://www.youtube.com/live/vX-DfTU-KbE?feature=share,181.9
Kolhapur,Red ,140,45,65,7.5,800,25,Cotton,DAP,https://www.youtube.com/live/vX-DfTU-KbE?feature=share,181.9
Kolhapur,Red ,145,45,65,7.5,800,25,Cotton,DAP,https://www.youtube.com/live/vX-DfTU-KbE?feature=share,181.9
Kolhapur,Red ,150,45,65,7.5,800,25,Cotton,DAP,https://www.youtube.com/live/vX-DfTU-KbE?feature=share,249.7
Kolhapur,Red ,100,50,70,6.0,900,30,Cotton,DAP,https://www.youtube.com/live/vX-DfTU-KbE?feature=share,3419.1
Kolhapur,Red ,105,50,70,6.0,900,30,Cotton,DAP,https://www.youtube.com/live/vX-DfTU-KbE?feature=share,3646.9
Kolhapur,Red ,110,50,70,6.0,900,30,Cotton,DAP,https://www.youtube.com/live/vX-DfTU-KbE?feature=share,3016.6
Kolhapur,Red ,115,50,70,6.0,900,30,Cotton,DAP,https://www.youtube.com/live/vX-DfTU-KbE?feature=share,181.9
Kolhapur,Red ,120,50,70,6.0,900,30,Cotton,DAP,https://www.youtube.com/live/vX-DfTU-KbE?feature=share,181.9
Kolhapur,Red ,125,50,70,6.0,900,30,Cotton,DAP,https://www.youtube.com/live/vX-DfTU-KbE?feature=share,2464.0
Kolhapur,Red ,130,50,70,6.0,900,30,Cotton,DAP,https://www.youtube.com/live/vX-DfTU-KbE?feature=share,1095.5
Kolhapur,Red ,135,50,70,6.0,900,30,Cotton,DAP,https://www.youtube.com/live/vX-DfTU-KbE?feature=share,3539.8
Kolhapur,Red ,140,50,70,6.0,900,30,Cotton,DAP,https://www.youtube.com/live/vX-DfTU-KbE?feature=share,4187.5
Kolhapur,Red ,145,50,70,6.0,900,30,Cotton,DAP,https://www.youtube.com/live/vX-DfTU-KbE?feature=share,2713.1
Kolhapur,Red ,150,50,70,6.0,900,30,Cotton,DAP,https://www.youtube.com/live/vX-DfTU-KbE?feature=share,4364.8
Kolhapur,Red ,100,55,75,6.5,1000,35,Cotton,DAP,https://www.youtube.com/live/vX-DfTU-KbE?feature=share,2946.7
Kolhapur,Red ,105,55,75,6.5,1000,35,Cotton,DAP,https://www.youtube.com/live/vX-DfTU-KbE?feature=share,3748.9
Kolhapur,Red ,110,55,75,6.5,1000,35,Cotton,DAP,https://www.youtube.com/live/vX-DfTU-KbE?feature=share,492.6
Kolhapur,Red ,115,55,75,6.5,1000,35,Cotton,DAP,https://www.youtube.com/live/vX-DfTU-KbE?feature=share,1887.2
Kolhapur,Red ,120,55,75,6.5,1000,35,Cotton,DAP,https://www.youtube.com/live/vX-DfTU-KbE?feature=share,2894.1
Kolhapur,Red ,125,55,75,6.5,1000,35,Cotton,DAP,https://www.youtube.com/live/vX-DfTU-KbE?feature=share,4566.6
Kolhapur,Red ,130,55,75,6.5,1000,35,Cotton,DAP,https://www.youtube.com/live/vX-DfTU-KbE?feature=share,1330.2
Kolhapur,Red ,135,55,75,6.5,1000,35,Cotton,DAP,https://www.youtube.com/live/vX-DfTU-KbE?feature=share,3789.0
Kolhapur,Red ,140,55,75,6.5,1000,35,Cotton,DAP,https://www.youtube.com/live/vX-DfTU-KbE?feature=share,1681.9
Kolhapur,Red ,145,55,75,6.5,1000,35,Cotton,DAP,https://www.youtube.com/live/vX-DfTU-KbE?feature=share,2086.7
Kolhapur,Red ,150,55,75,6.5,1000,35,Cotton,DAP,https://www.youtube.com/live/vX-DfTU-KbE?feature=share,4655.2
Kolhapur,Red ,100,60,50,7.0,800,25,Cotton,Magnesium Sulphate,https://www.youtube.com/live/vX-DfTU-KbE?feature=share,181.9
Kolhapur,Red ,105,60,50,7.0,800,25,Cotton,Magnesium Sulphate,https://www.youtube.com/live/vX-DfTU-KbE?feature=share,181.9
Kolhapur,Red ,110,60,50,7.0,800,25,Cotton,Magnesium Sulphate,https://www.youtube.com/live/vX-DfTU-KbE?feature=share,181.9
Kolhapur,Red ,115,60,50,7.0,800,25,Cotton,Magnesium Sulphate,https://www.youtube.com/live/vX-DfTU-KbE?feature=share,181.9
Kolhapur,Red ,120,60,50,7.0,800,25,Cotton,Magnesium Sulphate,https://www.youtube.com/live/vX-DfTU-KbE?feature=share,553.9
Kolhapur,Red ,125,60,50,7.0,800,25,Cotton,Magnesium Sulphate,https://www.youtube.com/live/vX-DfTU-KbE?feature=share,4286.0
Kolhapur,Red ,130,60,50,7.0,800,25,Cotton,Magnesium Sulphate,https://www.youtube.com/live/vX-DfTU-KbE?feature=share,1587.9
Kolhapur,Red ,135,60,50,7.0,800,25,Cotton,Magnesium Sulphate,https://www.youtube.com/live/vX-DfTU-KbE?feature=share,2860.7
Kolhapur,Red ,140,60,50,7.0,800,25,Cotton,Magnesium Sulphate,https://www.youtube.com/live/vX-DfTU-KbE?feature=share,4796.5
Kolhapur,Red ,145,60,50,7.0,800,25,Cotton,Magnesium Sulphate,https://www.youtube.com/live/vX-DfTU-KbE?feature=share,4796.5
Kolhapur,Red ,150,60,50,7.0,800,25,Cotton,Magnesium Sulphate,https://www.youtube.com/live/vX-DfTU-KbE?feature=share,2177.5
Kolhapur,Red ,100,40,55,7.5,900,30,Cotton,Magnesium Sulphate,https://www.youtube.com/live/vX-DfTU-KbE?feature=share,4796.5
Kolhapur,Red ,105,40,55,7.5,900,30,Cotton,Magnesium Sulphate,https://www.youtube.com/live/vX-DfTU-KbE?feature=share,2476.9
Kolhapur,Red ,110,40,55,7.5,900,30,Cotton,Magnesium Sulphate,https://www.youtube.com/live/vX-DfTU-KbE?feature=share,181.9
Kolhapur,Red ,115,40,55,7.5,900,30,Cotton,Magnesium Sulphate,https://www.youtube.com/live/vX-DfTU-KbE?feature=share,751.3
Kolhapur,Red ,120,40,55,7.5,900,30,Cotton,Magnesium Sulphate,https://www.youtube.com/live/vX-DfTU-KbE?feature=share,181.9
Kolhapur,Red ,125,40,55,7.5,900,30,Cotton,Magnesium Sulphate,https://www.youtube.com/live/vX-DfTU-KbE?feature=share,181.9
Kolhapur,Red ,130,40,55,7.5,900,30,Cotton,Magnesium Sulphate,https://www.youtube.com/live/vX-DfTU-KbE?feature=share,1362.0
Kolhapur,Red ,135,40,55,7.5,900,30,Cotton,Magnesium Sulphate,https://www.youtube.com/live/vX-DfTU-KbE?feature=share,4343.6
Kolhapur,Red ,140,40,55,7.5,900,30,Cotton,Magnesium Sulphate,https://www.youtube.com/live/vX-DfTU-KbE?feature=share,4796.5
Kolhapur,Red ,145,40,55,7.5,900,30,Cotton,Magnesium Sulphate,https://www.youtube.com/live/vX-DfTU-KbE?feature=share,181.9
Kolhapur,Red ,150,40,55,7.5,900,30,Cotton,Magnesium Sulphate,https://www.youtube.com/live/vX-DfTU-KbE?feature=share,3318.7
Kolhapur,Red ,100,45,60,6.0,1000,35,Cotton,Magnesium Sulphate,https://www.youtube.com/live/vX-DfTU-KbE?feature=share,181.9
Kolhapur,Red ,105,45,60,6.0,1000,35,Cotton,Magnesium Sulphate,https://www.youtube.com/live/vX-DfTU-KbE?feature=share,3523.5
Kolhapur,Red ,110,45,60,6.0,1000,35,Cotton,Magnesium Sulphate,https://www.youtube.com/live/vX-DfTU-KbE?feature=share,1966.0
Kolhapur,Red ,115,45,60,6.0,1000,35,Cotton,Magnesium Sulphate,https://www.youtube.com/live/vX-DfTU-KbE?feature=share,181.9
Kolhapur,Red ,120,45,60,6.0,1000,35,Cotton,Magnesium Sulphate,https://www.youtube.com/live/vX-DfTU-KbE?feature=share,4734.3
Kolhapur,Red ,125,45,60,6.0,1000,35,Cotton,Magnesium Sulphate,https://www.youtube.com/live/vX-DfTU-KbE?feature=share,746.0
Kolhapur,Red ,130,45,60,6.0,1000,35,Cotton,Magnesium Sulphate,https://www.youtube.com/live/vX-DfTU-KbE?feature=share,934.2
Kolhapur,Red ,135,45,60,6.0,1000,35,Cotton,Magnesium Sulphate,https://www.youtube.com/live/vX-DfTU-KbE?feature=share,181.9
Kolhapur,Red ,140,45,60,6.0,1000,35,Cotton,Magnesium Sulphate,https://www.youtube.com/live/vX-DfTU-KbE?feature=share,622.7
Kolhapur,Red ,145,45,60,6.0,1000,35,Cotton,Magnesium Sulphate,https://www.youtube.com/live/vX-DfTU-KbE?feature=share,3480.8
Kolhapur,Red ,150,45,60,6.0,1000,35,Cotton,Magnesium Sulphate,https://www.youtube.com/live/vX-DfTU-KbE?feature=share,1857.1
Kolhapur,Red ,100,50,65,6.5,800,25,Cotton,Magnesium Sulphate,https://www.youtube.com/live/vX-DfTU-KbE?feature=share,3166.4
Kolhapur,Red ,105,50,65,6.5,800,25,Cotton,Magnesium Sulphate,https://www.youtube.com/live/vX-DfTU-KbE?feature=share,3262.2
Kolhapur,Red ,110,50,65,6.5,800,25,Cotton,Magnesium Sulphate,https://www.youtube.com/live/vX-DfTU-KbE?feature=share,4796.5
Kolhapur,Red ,115,50,65,6.5,800,25,Cotton,Magnesium Sulphate,https://www.youtube.com/live/vX-DfTU-KbE?feature=share,1435.4
Kolhapur,Red ,120,50,65,6.5,800,25,Cotton,Magnesium Sulphate,https://www.youtube.com/live/vX-DfTU-KbE?feature=share,181.9
Kolhapur,Red ,125,50,65,6.5,800,25,Cotton,Magnesium Sulphate,https://www.youtube.com/live/vX-DfTU-KbE?feature=share,4796.5
Kolhapur,Red ,130,50,65,6.5,800,25,Cotton,Magnesium Sulphate,https://www.youtube.com/live/vX-DfTU-KbE?feature=share,1477.6
Kolhapur,Red ,135,50,65,6.5,800,25,Cotton,Magnesium Sulphate,https://www.youtube.com/live/vX-DfTU-KbE?feature=share,4796.5
Kolhapur,Red ,140,50,65,6.5,800,25,Cotton,Magnesium Sulphate,https://www.youtube.com/live/vX-DfTU-KbE?feature=share,3385.0
Kolhapur,Red ,145,50,65,6.5,800,25,Cotton,Magnesium Sulphate,https://www.youtube.com/live/vX-DfTU-KbE?feature=share,2023.9
Kolhapur,Red ,150,50,65,6.5,800,25,Cotton,Magnesium Sulphate,https://www.youtube.com/live/vX-DfTU-KbE?feature=share,3311.7
Kolhapur,Red ,100,55,70,7.0,900,30,Cotton,Magnesium Sulphate,https://www.youtube.com/live/vX-DfTU-KbE?feature=share,4796.5
Kolhapur,Red ,105,55,70,7.0,900,30,Cotton,Magnesium Sulphate,https://www.youtube.com/live/vX-DfTU-KbE?feature=share,4796.5
Kolhapur,Red ,110,55,70,7.0,900,30,Cotton,Magnesium Sulphate,https://www.youtube.com/live/vX-DfTU-KbE?feature=share,2490.7
Kolhapur,Red ,115,55,70,7.0,900,30,Cotton,Magnesium Sulphate,https://www.youtube.com/live/vX-DfTU-KbE?feature=share,2734.0
Kolhapur,Red ,120,55,70,7.0,900,30,Cotton,Magnesium Sulphate,https://www.youtube.com/live/vX-DfTU-KbE?feature=share,4796.5
Kolhapur,Red ,125,55,70,7.0,900,30,Cotton,Magnesium Sulphate,https://www.youtube.com/live/vX-DfTU-KbE?feature=share,181.9
Kolhapur,Red ,130,55,70,7.0,900,30,Cotton,Magnesium Sulphate,https://www.youtube.com/live/vX-DfTU-KbE?feature=share,3210.9
Kolhapur,Red ,135,55,70,7.0,900,30,Cotton,Magnesium Sulphate,https://www.youtube.com/live/vX-DfTU-KbE?feature=share,2275.6
Kolhapur,Red ,140,55,70,7.0,900,30,Cotton,Magnesium Sulphate,https://www.youtube.com/live/vX-DfTU-KbE?feature=share,3178.4
Kolhapur,Red ,145,55,70,7.0,900,30,Cotton,Magnesium Sulphate,https://www.youtube.com/live/vX-DfTU-KbE?feature=share,181.9
Kolhapur,Red ,150,55,70,7.0,900,30,Cotton,Magnesium Sulphate,https://www.youtube.com/live/vX-DfTU-KbE?feature=share,181.9
Kolhapur,Red ,100,60,75,7.5,1000,35,Cotton,Magnesium Sulphate,https://www.youtube.com/live/vX-DfTU-KbE?feature=share,181.9
Kolhapur,Red ,105,60,75,7.5,1000,35,Cotton,Magnesium Sulphate,https://www.youtube.com/live/vX-DfTU-KbE?feature=share,181.9
Kolhapur,Red ,110,60,75,7.5,1000,35,Cotton,Magnesium Sulphate,https://www.youtube.com/live/vX-DfTU-KbE?feature=share,1113.1
Kolhapur,Red ,115,60,75,7.5,1000,35,Cotton,Magnesium Sulphate,https://www.youtube.com/live/vX-DfTU-KbE?feature=share,1543.7
Kolhapur,Red ,120,60,75,7.5,1000,35,Cotton,Magnesium Sulphate,https://www.youtube.com/live/vX-DfTU-KbE?feature=share,4796.5
Kolhapur,Red ,125,60,75,7.5,1000,35,Cotton,Magnesium Sulphate,https://www.youtube.com/live/vX-DfTU-KbE?feature=share,4796.5
Kolhapur,Red ,130,60,75,7.5,1000,35,Cotton,Magnesium Sulphate,https://www.youtube.com/live/vX-DfTU-KbE?feature=share,181.9
Kolhapur,Red ,135,60,75,7.5,1000,35,Cotton,Magnesium Sulphate,https://www.youtube.com/live/vX-DfTU-KbE?feature=share,3235.1
Kolhapur,Red ,140,60,75,7.5,1000,35,Cotton,Magnesium Sulphate,https://www.youtube.com/live/vX-DfTU-KbE?feature=share,1267.1
Kolhapur,Red ,145,60,75,7.5,1000,35,Cotton,Magnesium Sulphate,https://www.youtube.com/live/vX-DfTU-KbE?feature=share,1593.0
Kolhapur,Red ,150,60,75,7.5,1000,35,Cotton,Magnesium Sulphate,https://www.youtube.com/live/vX-DfTU-KbE?feature=share,2834.5
Kolhapur,Red ,100,60,40,6.0,800,25,Cotton,12:32:16 NPK,https://www.youtube.com/live/vX-DfTU-KbE?feature=share,3889.8
Kolhapur,Red ,105,60,40,6.0,800,25,Cotton,12:32:16 NPK,https://www.youtube.com/live/vX-DfTU-KbE?feature=share,1425.0
Kolhapur,Red ,110,60,40,6.0,800,25,Cotton,12:32:16 NPK,https://www.youtube.com/live/vX-DfTU-KbE?feature=share,4796.5
Kolhapur,Red ,115,60,40,6.0,800,25,Cotton,12:32:16 NPK,https://www.youtube.com/live/vX-DfTU-KbE?feature=share,181.9
Kolhapur,Red ,120,60,40,6.0,800,25,Cotton,12:32:16 NPK,https://www.youtube.com/live/vX-DfTU-KbE?feature=share,2337.7
Kolhapur,Red ,100,65,45,6.5,900,30,Cotton,12:32:16 NPK,https://www.youtube.com/live/vX-DfTU-KbE?feature=share,4796.5
Kolhapur,Red ,105,65,45,6.5,900,30,Cotton,12:32:16 NPK,https://www.youtube.com/live/vX-DfTU-KbE?feature=share,2945.9
Kolhapur,Red ,110,65,45,6.5,900,30,Cotton,12:32:16 NPK,https://www.youtube.com/live/vX-DfTU-KbE?feature=share,4796.5
Kolhapur,Red ,115,65,45,6.5,900,30,Cotton,12:32:16 NPK,https://www.youtube.com/live/vX-DfTU-KbE?feature=share,2612.8
Kolhapur,Red ,120,65,45,6.5,900,30,Cotton,12:32:16 NPK,https://www.youtube.com/live/vX-DfTU-KbE?feature=share,3925.0
Kolhapur,Red ,100,70,50,7.0,1000,35,Cotton,12:32:16 NPK,https://www.youtube.com/live/vX-DfTU-KbE?feature=share,2184.5
Kolhapur,Red ,105,70,50,7.0,1000,35,Cotton,12:32:16 NPK,https://www.youtube.com/live/vX-DfTU-KbE?feature=share,1892.3
Kolhapur,Red ,110,70,50,7.0,1000,35,Cotton,12:32:16 NPK,https://www.youtube.com/live/vX-DfTU-KbE?feature=share,293.3
Kolhapur,Red ,115,70,50,7.0,1000,35,Cotton,12:32:16 NPK,https://www.youtube.com/live/vX-DfTU-KbE?feature=share,3489.6
Kolhapur,Red ,120,70,50,7.0,1000,35,Cotton,12:32:16 NPK,https://www.youtube.com/live/vX-DfTU-KbE?feature=share,181.9
Kolhapur,Red ,100,75,55,7.5,800,25,Cotton,12:32:16 NPK,https://www.youtube.com/live/vX-DfTU-KbE?feature=share,3990.8
Kolhapur,Red ,105,75,55,7.5,800,25,Cotton,12:32:16 NPK,https://www.youtube.com/live/vX-DfTU-KbE?feature=share,4796.5
Kolhapur,Red ,110,75,55,7.5,800,25,Cotton,12:32:16 NPK,https://www.youtube.com/live/vX-DfTU-KbE?feature=share,3242.3
Kolhapur,Red ,115,75,55,7.5,800,25,Cotton,12:32:16 NPK,https://www.youtube.com/live/vX-DfTU-KbE?feature=share,1563.5
Kolhapur,Red ,120,75,55,7.5,800,25,Cotton,12:32:16 NPK,https://www.youtube.com/live/vX-DfTU-KbE?feature=share,3487.4
Kolhapur,Red ,100,80,60,6.0,900,30,Cotton,12:32:16 NPK,https://www.youtube.com/live/vX-DfTU-KbE?feature=share,1528.4
Kolhapur,Red ,105,80,60,6.0,900,30,Cotton,12:32:16 NPK,https://www.youtube.com/live/vX-DfTU-KbE?feature=share,4796.5
Kolhapur,Red ,110,80,60,6.0,900,30,Cotton,12:32:16 NPK,https://www.youtube.com/live/vX-DfTU-KbE?feature=share,181.9
Kolhapur,Red ,115,80,60,6.0,900,30,Cotton,12:32:16 NPK,https://www.youtube.com/live/vX-DfTU-KbE?feature=share,1470.0
Kolhapur,Red ,120,80,60,6.0,900,30,Cotton,12:32:16 NPK,https://www.youtube.com/live/vX-DfTU-KbE?feature=share,181.9
Kolhapur,Red ,100,60,65,6.5,1000,35,Cotton,12:32:16 NPK,https://www.youtube.com/live/vX-DfTU-KbE?feature=share,181.9
Kolhapur,Red ,105,60,65,6.5,1000,35,Cotton,12:32:16 NPK,https://www.youtube.com/live/vX-DfTU-KbE?feature=share,4796.5
Kolhapur,Red ,110,60,65,6.5,1000,35,Cotton,12:32:16 NPK,https://www.youtube.com/live/vX-DfTU-KbE?feature=share,4742.4
Kolhapur,Red ,115,60,65,6.5,1000,35,Cotton,12:32:16 NPK,https://www.youtube.com/live/vX-DfTU-KbE?feature=share,456.3
Kolhapur,Red ,120,60,65,6.5,1000,35,Cotton,12:32:16 NPK,https://www.youtube.com/live/vX-DfTU-KbE?feature=share,181.9
Kolhapur,Red ,100,65,40,7.0,800,25,Cotton,12:32:16 NPK,https://www.youtube.com/live/vX-DfTU-KbE?feature=share,181.9
Kolhapur,Red ,105,65,40,7.0,800,25,Cotton,12:32:16 NPK,https://www.youtube.com/live/vX-DfTU-KbE?feature=share,900.6
Kolhapur,Red ,110,65,40,7.0,800,25,Cotton,12:32:16 NPK,https://www.youtube.com/live/vX-DfTU-KbE?feature=share,4796.5
Kolhapur,Red ,115,65,40,7.0,800,25,Cotton,12:32:16 NPK,https://www.youtube.com/live/vX-DfTU-KbE?feature=share,3456.7
Kolhapur,Red ,120,65,40,7.0,800,25,Cotton,12:32:16 NPK,https://www.youtube.com/live/vX-DfTU-KbE?feature=share,866.2
Kolhapur,Red ,100,70,45,7.5,900,30,Cotton,12:32:16 NPK,https://www.youtube.com/live/vX-DfTU-KbE?feature=share,3480.8
Kolhapur,Red ,105,70,45,7.5,900,30,Cotton,12:32:16 NPK,https://www.youtube.com/live/vX-DfTU-KbE?feature=share,181.9
Kolhapur,Red ,110,70,45,7.5,900,30,Cotton,12:32:16 NPK,https://www.youtube.com/live/vX-DfTU-KbE?feature=share,1532.3
Kolhapur,Red ,115,70,45,7.5,900,30,Cotton,12:32:16 NPK,https://www.youtube.com/live/vX-DfTU-KbE?feature=share,2563.9
Kolhapur,Red ,120,70,45,7.5,900,30,Cotton,12:32:16 NPK,https://www.youtube.com/live/vX-DfTU-KbE?feature=share,2089.3
Kolhapur,Red ,100,75,50,6.0,1000,35,Cotton,12:32:16 NPK,https://www.youtube.com/live/vX-DfTU-KbE?feature=share,4420.0
Kolhapur,Red ,105,75,50,6.0,1000,35,Cotton,12:32:16 NPK,https://www.youtube.com/live/vX-DfTU-KbE?feature=share,3256.5
Kolhapur,Red ,110,75,50,6.0,1000,35,Cotton,12:32:16 NPK,https://www.youtube.com/live/vX-DfTU-KbE?feature=share,4121.2
Kolhapur,Red ,115,75,50,6.0,1000,35,Cotton,12:32:16 NPK,https://www.youtube.com/live/vX-DfTU-KbE?feature=share,536.7
Kolhapur,Red ,120,75,50,6.0,1000,35,Cotton,12:32:16 NPK,https://www.youtube.com/live/vX-DfTU-KbE?feature=share,4754.2
Kolhapur,Red ,100,80,55,6.5,800,25,Cotton,12:32:16 NPK,https://www.youtube.com/live/vX-DfTU-KbE?feature=share,4796.5
Kolhapur,Red ,105,80,55,6.5,800,25,Cotton,12:32:16 NPK,https://www.youtube.com/live/vX-DfTU-KbE?feature=share,181.9
Kolhapur,Red ,110,80,55,6.5,800,25,Cotton,12:32:16 NPK,https://www.youtube.com/live/vX-DfTU-KbE?feature=share,181.9
Kolhapur,Red ,115,80,55,6.5,800,25,Cotton,12:32:16 NPK,https://www.youtube.com/live/vX-DfTU-KbE?feature=share,4796.5
Kolhapur,Red ,120,80,55,6.5,800,25,Cotton,12:32:16 NPK,https://www.youtube.com/live/vX-DfTU-KbE?feature=share,1876.6
Kolhapur,Red ,100,60,60,7.0,900,30,Cotton,12:32:16 NPK,https://www.youtube.com/live/vX-DfTU-KbE?feature=share,4796.5
Kolhapur,Red ,105,60,60,7.0,900,30,Cotton,12:32:16 NPK,https://www.youtube.com/live/vX-DfTU-KbE?feature=share,1163.7
Kolhapur,Red ,110,60,60,7.0,900,30,Cotton,12:32:16 NPK,https://www.youtube.com/live/vX-DfTU-KbE?feature=share,4796.5
Kolhapur,Red ,115,60,60,7.0,900,30,Cotton,12:32:16 NPK,https://www.youtube.com/live/vX-DfTU-KbE?feature=share,2668.8
Kolhapur,Red ,120,60,60,7.0,900,30,Cotton,12:32:16 NPK,https://www.youtube.com/live/vX-DfTU-KbE?feature=share,3008.2
Kolhapur,Red ,100,65,65,7.5,1000,35,Cotton,12:32:16 NPK,https://www.youtube.com/live/vX-DfTU-KbE?feature=share,4796.5
Kolhapur,Red ,105,65,65,7.5,1000,35,Cotton,12:32:16 NPK,https://www.youtube.com/live/vX-DfTU-KbE?feature=share,1363.7
Kolhapur,Red ,110,65,65,7.5,1000,35,Cotton,12:32:16 NPK,https://www.youtube.com/live/vX-DfTU-KbE?feature=share,181.9
Kolhapur,Red ,115,65,65,7.5,1000,35,Cotton,12:32:16 NPK,https://www.youtube.com/live/vX-DfTU-KbE?feature=share,1146.4
Kolhapur,Red ,120,65,65,7.5,1000,35,Cotton,12:32:16 NPK,https://www.youtube.com/live/vX-DfTU-KbE?feature=share,3491.3
Kolhapur,Red ,100,70,40,6.0,800,25,Cotton,12:32:16 NPK,https://www.youtube.com/live/vX-DfTU-KbE?feature=share,181.9
Kolhapur,Red ,105,70,40,6.0,800,25,Cotton,12:32:16 NPK,https://www.youtube.com/live/vX-DfTU-KbE?feature=share,3976.5
Kolhapur,Red ,110,70,40,6.0,800,25,Cotton,12:32:16 NPK,https://www.youtube.com/live/vX-DfTU-KbE?feature=share,918.7
Kolhapur,Red ,115,70,40,6.0,800,25,Cotton,12:32:16 NPK,https://www.youtube.com/live/vX-DfTU-KbE?feature=share,4796.5
Kolhapur,Red ,120,70,40,6.0,800,25,Cotton,12:32:16 NPK,https://www.youtube.com/live/vX-DfTU-KbE?feature=share,181.9
Kolhapur,Red ,100,75,45,6.5,900,30,Cotton,12:32:16 NPK,https://www.youtube.com/live/vX-DfTU-KbE?feature=share,277.0
Kolhapur,Red ,105,75,45,6.5,900,30,Cotton,DAP,https://www.youtube.com/live/vX-DfTU-KbE?feature=share,181.9
Kolhapur,Red ,110,75,45,6.5,900,30,Cotton,DAP,https://www.youtube.com/live/vX-DfTU-KbE?feature=share,181.9
Kolhapur,Red ,115,75,45,6.5,900,30,Cotton,DAP,https://www.youtube.com/live/vX-DfTU-KbE?feature=share,3049.4
Kolhapur,Red ,120,75,45,6.5,900,30,Cotton,DAP,https://www.youtube.com/live/vX-DfTU-KbE?feature=share,1911.4
Kolhapur,Red ,100,80,50,7.0,1000,35,Cotton,DAP,https://www.youtube.com/live/vX-DfTU-KbE?feature=share,1681.4
Kolhapur,Red ,105,80,50,7.0,1000,35,Cotton,DAP,https://www.youtube.com/live/vX-DfTU-KbE?feature=share,1935.3
Kolhapur,Red ,110,80,50,7.0,1000,35,Cotton,DAP,https://www.youtube.com/live/vX-DfTU-KbE?feature=share,2902.4
Kolhapur,Red ,115,80,50,7.0,1000,35,Cotton,DAP,https://www.youtube.com/live/vX-DfTU-KbE?feature=share,181.9
Kolhapur,Red ,120,80,50,7.0,1000,35,Cotton,DAP,https://www.youtube.com/live/vX-DfTU-KbE?feature=share,4261.4
Kolhapur,Red ,100,60,55,7.5,800,25,Cotton,DAP,https://www.youtube.com/live/vX-DfTU-KbE?feature=share,3940.9
Kolhapur,Red ,105,60,55,7.5,800,25,Cotton,DAP,https://www.youtube.com/live/vX-DfTU-KbE?feature=share,3245.9
Kolhapur,Red ,110,60,55,7.5,800,25,Cotton,DAP,https://www.youtube.com/live/vX-DfTU-KbE?feature=share,3692.7
Kolhapur,Red ,115,60,55,7.5,800,25,Cotton,DAP,https://www.youtube.com/live/vX-DfTU-KbE?feature=share,3037.8
Kolhapur,Red ,120,60,55,7.5,800,25,Cotton,DAP,https://www.youtube.com/live/vX-DfTU-KbE?feature=share,4796.5
Kolhapur,Red ,100,65,60,6.0,900,30,Cotton,DAP,https://www.youtube.com/live/vX-DfTU-KbE?feature=share,2087.8
Kolhapur,Red ,105,65,60,6.0,900,30,Cotton,DAP,https://www.youtube.com/live/vX-DfTU-KbE?feature=share,1520.7
Kolhapur,Red ,110,65,60,6.0,900,30,Cotton,DAP,https://www.youtube.com/live/vX-DfTU-KbE?feature=share,358.7
Kolhapur,Red ,115,65,60,6.0,900,30,Cotton,DAP,https://www.youtube.com/live/vX-DfTU-KbE?feature=share,181.9
Kolhapur,Red ,120,65,60,6.0,900,30,Cotton,DAP,https://www.youtube.com/live/vX-DfTU-KbE?feature=share,181.9
Kolhapur,Red ,100,70,65,6.5,1000,35,Cotton,DAP,https://www.youtube.com/live/vX-DfTU-KbE?feature=share,181.9
Kolhapur,Red ,105,70,65,6.5,1000,35,Cotton,DAP,https://www.youtube.com/live/vX-DfTU-KbE?feature=share,2187.0
Kolhapur,Red ,110,70,65,6.5,1000,35,Cotton,DAP,https://www.youtube.com/live/vX-DfTU-KbE?feature=share,3276.1
Kolhapur,Red ,115,70,65,6.5,1000,35,Cotton,DAP,https://www.youtube.com/live/vX-DfTU-KbE?feature=share,2526.0
Kolhapur,Red ,120,70,65,6.5,1000,35,Cotton,DAP,https://www.youtube.com/live/vX-DfTU-KbE?feature=share,337.0
Kolhapur,Red ,100,75,40,7.0,800,25,Cotton,DAP,https://www.youtube.com/live/vX-DfTU-KbE?feature=share,4663.4
Kolhapur,Red ,105,75,40,7.0,800,25,Cotton,DAP,https://www.youtube.com/live/vX-DfTU-KbE?feature=share,4256.8
Kolhapur,Red ,110,75,40,7.0,800,25,Cotton,DAP,https://www.youtube.com/live/vX-DfTU-KbE?feature=share,1914.7
Kolhapur,Red ,115,75,40,7.0,800,25,Cotton,DAP,https://www.youtube.com/live/vX-DfTU-KbE?feature=share,624.8
Kolhapur,Red ,120,75,40,7.0,800,25,Cotton,DAP,https://www.youtube.com/live/vX-DfTU-KbE?feature=share,3790.1
Kolhapur,Red ,100,80,45,7.5,900,30,Cotton,DAP,https://www.youtube.com/live/vX-DfTU-KbE?feature=share,2789.1
Kolhapur,Red ,105,80,45,7.5,900,30,Cotton,DAP,https://www.youtube.com/live/vX-DfTU-KbE?feature=share,181.9
Kolhapur,Red ,110,80,45,7.5,900,30,Cotton,DAP,https://www.youtube.com/live/vX-DfTU-KbE?feature=share,2139.4
Kolhapur,Red ,115,80,45,7.5,900,30,Cotton,DAP,https://www.youtube.com/live/vX-DfTU-KbE?feature=share,3005.8
Kolhapur,Red ,120,80,45,7.5,900,30,Cotton,DAP,https://www.youtube.com/live/vX-DfTU-KbE?feature=share,181.9
Kolhapur,Red ,100,60,50,6.0,1000,35,Cotton,DAP,https://www.youtube.com/live/vX-DfTU-KbE?feature=share,2810.5
Kolhapur,Red ,105,60,50,6.0,1000,35,Cotton,DAP,https://www.youtube.com/live/vX-DfTU-KbE?feature=share,181.9
Kolhapur,Red ,110,60,50,6.0,1000,35,Cotton,DAP,https://www.youtube.com/live/vX-DfTU-KbE?feature=share,4796.5
Kolhapur,Red ,115,60,50,6.0,1000,35,Cotton,DAP,https://www.youtube.com/live/vX-DfTU-KbE?feature=share,4796.5
Kolhapur,Red ,120,60,50,6.0,1000,35,Cotton,DAP,https://www.youtube.com/live/vX-DfTU-KbE?feature=share,1679.0
Kolhapur,Red ,100,65,55,6.5,800,25,Cotton,DAP,https://www.youtube.com/live/vX-DfTU-KbE?feature=share,3292.1
Kolhapur,Red ,105,65,55,6.5,800,25,Cotton,DAP,https://www.youtube.com/live/vX-DfTU-KbE?feature=share,181.9
Kolhapur,Red ,110,65,55,6.5,800,25,Cotton,DAP,https://www.youtube.com/live/vX-DfTU-KbE?feature=share,181.9
Kolhapur,Red ,115,65,55,6.5,800,25,Cotton,DAP,https://www.youtube.com/live/vX-DfTU-KbE?feature=share,1580.5
Kolhapur,Red ,120,65,55,6.5,800,25,Cotton,DAP,https://www.youtube.com/live/vX-DfTU-KbE?feature=share,181.9
Kolhapur,Red ,100,70,60,7.0,900,30,Cotton,DAP,https://www.youtube.com/live/vX-DfTU-KbE?feature=share,4184.6
Kolhapur,Red ,105,70,60,7.0,900,30,Cotton,DAP,https://www.youtube.com/live/vX-DfTU-KbE?feature=share,4796.5
Kolhapur,Red ,110,70,60,7.0,900,30,Cotton,DAP,https://www.youtube.com/live/vX-DfTU-KbE?feature=share,181.9
Kolhapur,Red ,115,70,60,7.0,900,30,Cotton,DAP,https://www.youtube.com/live/vX-DfTU-KbE?feature=share,181.9
Kolhapur,Red ,120,70,60,7.0,900,30,Cotton,DAP,https://www.youtube.com/live/vX-DfTU-KbE?feature=share,2969.4
Kolhapur,Red ,100,75,65,7.5,1000,35,Cotton,DAP,https://www.youtube.com/live/vX-DfTU-KbE?feature=share,4796.5
Kolhapur,Red ,105,75,65,7.5,1000,35,Cotton,DAP,https://www.youtube.com/live/vX-DfTU-KbE?feature=share,181.9
Kolhapur,Red ,110,75,65,7.5,1000,35,Cotton,DAP,https://www.youtube.com/live/vX-DfTU-KbE?feature=share,2967.0
Kolhapur,Red ,115,75,65,7.5,1000,35,Cotton,DAP,https://www.youtube.com/live/vX-DfTU-KbE?feature=share,4796.5
Kolhapur,Red ,120,75,65,7.5,1000,35,Cotton,DAP,https://www.youtube.com/live/vX-DfTU-KbE?feature=share,181.9
Kolhapur,Red ,100,80,40,6.0,800,25,Cotton,DAP,https://www.youtube.com/live/vX-DfTU-KbE?feature=share,181.9
Kolhapur,Red ,105,80,40,6.0,800,25,Cotton,DAP,https://www.youtube.com/live/vX-DfTU-KbE?feature=share,1224.3
Kolhapur,Red ,110,80,40,6.0,800,25,Cotton,DAP,https://www.youtube.com/live/vX-DfTU-KbE?feature=share,973.0
Kolhapur,Red ,115,80,40,6.0,800,25,Cotton,DAP,https://www.youtube.com/live/vX-DfTU-KbE?feature=share,4488.9
Kolhapur,Red ,120,80,40,6.0,800,25,Cotton,DAP,https://www.youtube.com/live/vX-DfTU-KbE?feature=share,2992.7
Kolhapur,Red ,100,60,45,6.5,900,30,Cotton,DAP,https://www.youtube.com/live/vX-DfTU-KbE?feature=share,181.9
Kolhapur,Red ,105,60,45,6.5,900,30,Cotton,DAP,https://www.youtube.com/live/vX-DfTU-KbE?feature=share,3705.8
Kolhapur,Red ,110,60,45,6.5,900,30,Cotton,DAP,https://www.youtube.com/live/vX-DfTU-KbE?feature=share,828.0
Kolhapur,Red ,115,60,45,6.5,900,30,Cotton,DAP,https://www.youtube.com/live/vX-DfTU-KbE?feature=share,4796.5
Kolhapur,Red ,120,60,45,6.5,900,30,Cotton,DAP,https://www.youtube.com/live/vX-DfTU-KbE?feature=share,699.7
Kolhapur,Red ,100,65,50,7.0,1000,35,Cotton,DAP,https://www.youtube.com/live/vX-DfTU-KbE?feature=share,663.5
Kolhapur,Red ,105,65,50,7.0,1000,35,Cotton,DAP,https://www.youtube.com/live/vX-DfTU-KbE?feature=share,3747.9
Kolhapur,Red ,110,65,50,7.0,1000,35,Cotton,Magnesium Sulphate,https://www.youtube.com/live/vX-DfTU-KbE?feature=share,4340.6
Kolhapur,Red ,115,65,50,7.0,1000,35,Cotton,Magnesium Sulphate,https://www.youtube.com/live/vX-DfTU-KbE?feature=share,3524.2
Kolhapur,Red ,120,65,50,7.0,1000,35,Cotton,Magnesium Sulphate,https://www.youtube.com/live/vX-DfTU-KbE?feature=share,181.9
Kolhapur,Red ,100,70,55,7.5,800,25,Cotton,Magnesium Sulphate,https://www.youtube.com/live/vX-DfTU-KbE?feature=share,3650.8
Kolhapur,Red ,105,70,55,7.5,800,25,Cotton,Magnesium Sulphate,https://www.youtube.com/live/vX-DfTU-KbE?feature=share,181.9
Kolhapur,Red ,110,70,55,7.5,800,25,Cotton,Magnesium Sulphate,https://www.youtube.com/live/vX-DfTU-KbE?feature=share,2893.6
Kolhapur,Red ,115,70,55,7.5,800,25,Cotton,Magnesium Sulphate,https://www.youtube.com/live/vX-DfTU-KbE?feature=share,181.9
Kolhapur,Red ,120,70,55,7.5,800,25,Cotton,Magnesium Sulphate,https://www.youtube.com/live/vX-DfTU-KbE?feature=share,3455.4
Kolhapur,Red ,100,75,60,6.0,900,30,Cotton,Magnesium Sulphate,https://www.youtube.com/live/vX-DfTU-KbE?feature=share,220.4
Kolhapur,Red ,105,75,60,6.0,900,30,Cotton,Magnesium Sulphate,https://www.youtube.com/live/vX-DfTU-KbE?feature=share,181.9
Kolhapur,Red ,110,75,60,6.0,900,30,Cotton,Magnesium Sulphate,https://www.youtube.com/live/vX-DfTU-KbE?feature=share,4221.6
Kolhapur,Red ,115,75,60,6.0,900,30,Cotton,Magnesium Sulphate,https://www.youtube.com/live/vX-DfTU-KbE?feature=share,2987.8
Kolhapur,Red ,120,75,60,6.0,900,30,Cotton,Magnesium Sulphate,https://www.youtube.com/live/vX-DfTU-KbE?feature=share,732.5
Kolhapur,Red ,100,80,65,6.5,1000,35,Cotton,Magnesium Sulphate,https://www.youtube.com/live/vX-DfTU-KbE?feature=share,4796.5
Kolhapur,Red ,105,80,65,6.5,1000,35,Cotton,Magnesium Sulphate,https://www.youtube.com/live/vX-DfTU-KbE?feature=share,1208.9
Kolhapur,Red ,110,80,65,6.5,1000,35,Cotton,Magnesium Sulphate,https://www.youtube.com/live/vX-DfTU-KbE?feature=share,2485.3
Kolhapur,Red ,115,80,65,6.5,1000,35,Cotton,Magnesium Sulphate,https://www.youtube.com/live/vX-DfTU-KbE?feature=share,3131.7
Kolhapur,Red ,120,80,65,6.5,1000,35,Cotton,Magnesium Sulphate,https://www.youtube.com/live/vX-DfTU-KbE?feature=share,734.3
Kolhapur,Medium Brown,20,15,20,5.5,700,25,Rice,Urea,https://youtu.be/jvixDVYRMDs,2354.9
Kolhapur,Medium Brown,25,15,20,5.5,700,25,Rice,Urea,https://youtu.be/jvixDVYRMDs,1730.3
Kolhapur,Medium Brown,30,15,20,5.5,700,25,Rice,Urea,https://youtu.be/jvixDVYRMDs,1812.6
Kolhapur,Medium Brown,20,20,25,6.0,800,30,Rice,Urea,https://youtu.be/jvixDVYRMDs,2986.1
Kolhapur,Medium Brown,25,20,25,6.0,800,30,Rice,Urea,https://youtu.be/jvixDVYRMDs,1446.2
Kolhapur,Medium Brown,30,20,25,6.0,800,30,Rice,Urea,https://youtu.be/jvixDVYRMDs,563.3
Kolhapur,Medium Brown,20,15,25,6.5,900,25,Rice,Urea,https://youtu.be/jvixDVYRMDs,3197.7
Kolhapur,Medium Brown,25,15,25,6.5,900,25,Rice,Urea,https://youtu.be/jvixDVYRMDs,3822.5
Kolhapur,Medium Brown,30,15,25,6.5,900,25,Rice,Urea,https://youtu.be/jvixDVYRMDs,1892.2
Kolhapur,Medium Brown,20,20,20,5.5,1000,30,Rice,Urea,https://youtu.be/jvixDVYRMDs,861.3
Kolhapur,Medium Brown,25,20,20,5.5,1000,30,Rice,Urea,https://youtu.be/jvixDVYRMDs,1907.1
Kolhapur,Medium Brown,30,20,20,5.5,1000,30,Rice,Urea,https://youtu.be/jvixDVYRMDs,1928.5
Kolhapur,Medium Brown,25,20,30,6.0,700,25,Rice,Urea,https://youtu.be/jvixDVYRMDs,1984.2
Kolhapur,Medium Brown,30,20,30,6.0,700,25,Rice,Urea,https://youtu.be/jvixDVYRMDs,1396.3
Kolhapur,Medium Brown,35,20,30,6.0,700,25,Rice,Urea,https://youtu.be/jvixDVYRMDs,2493.1
Kolhapur,Medium Brown,25,25,35,6.5,800,30,Rice,Urea,https://youtu.be/jvixDVYRMDs,2502.1
Kolhapur,Medium Brown,30,25,35,6.5,800,30,Rice,Urea,https://youtu.be/jvixDVYRMDs,1179.3
Kolhapur,Medium Brown,35,25,35,6.5,800,30,Rice,Urea,https://youtu.be/jvixDVYRMDs,2633.0
Kolhapur,Medium Brown,25,30,40,5.5,900,25,Rice,Urea,https://youtu.be/jvixDVYRMDs,3431.5
Kolhapur,Medium Brown,30,30,40,5.5,900,25,Rice,Urea,https://youtu.be/jvixDVYRMDs,2228.9
Kolhapur,Medium Brown,35,30,40,5.5,900,25,Rice,50:26:26 NPK,https://youtu.be/jvixDVYRMDs,1906.3
Kolhapur,Medium Brown,25,20,35,6.0,1000,30,Rice,50:26:26 NPK,https://youtu.be/jvixDVYRMDs,2046.3
Kolhapur,Medium Brown,30,20,35,6.0,1000,30,Rice,50:26:26 NPK,https://youtu.be/jvixDVYRMDs,2547.3
Kolhapur,Medium Brown,35,20,35,6.0,1000,30,Rice,50:26:26 NPK,https://youtu.be/jvixDVYRMDs,1017.8
Kolhapur,Medium Brown,25,25,40,6.5,700,25,Rice,50:26:26 NPK,https://youtu.be/jvixDVYRMDs,2253.9
Kolhapur,Medium Brown,30,25,40,6.5,700,25,Rice,50:26:26 NPK,https://youtu.be/jvixDVYRMDs,1897.1
Kolhapur,Medium Brown,35,25,40,6.5,700,25,Rice,50:26:26 NPK,https://youtu.be/jvixDVYRMDs,3375.0
Kolhapur,Medium Brown,25,30,30,5.5,800,30,Rice,50:26:26 NPK,https://youtu.be/jvixDVYRMDs,1989.4
Kolhapur,Medium Brown,30,30,30,5.5,800,30,Rice,50:26:26 NPK,https://youtu.be/jvixDVYRMDs,3177.6
Kolhapur,Medium Brown,35,30,30,5.5,800,30,Rice,50:26:26 NPK,https://youtu.be/jvixDVYRMDs,1403.3
Kolhapur,Medium Brown,25,20,40,6.0,900,25,Rice,50:26:26 NPK,https://youtu.be/jvixDVYRMDs,2508.4
Kolhapur,Medium Brown,30,20,40,6.0,900,25,Rice,50:26:26 NPK,https://youtu.be/jvixDVYRMDs,2342.0
Kolhapur,Medium Brown,35,20,40,6.0,900,25,Rice,50:26:26 NPK,https://youtu.be/jvixDVYRMDs,1574.4
Kolhapur,Medium Brown,25,25,30,6.5,1000,30,Rice,50:26:26 NPK,https://youtu.be/jvixDVYRMDs,2297.4
Kolhapur,Medium Brown,30,25,30,6.5,1000,30,Rice,50:26:26 NPK,https://youtu.be/jvixDVYRMDs,2993.6
Kolhapur,Medium Brown,35,25,30,6.5,1000,30,Rice,50:26:26 NPK,https://youtu.be/jvixDVYRMDs,1976.7
Kolhapur,Medium Brown,25,30,35,5.5,700,25,Rice,50:26:26 NPK,https://youtu.be/jvixDVYRMDs,1013.2
Kolhapur,Medium Brown,30,30,35,5.5,700,25,Rice,50:26:26 NPK,https://youtu.be/jvixDVYRMDs,2085.3
Kolhapur,Medium Brown,35,30,35,5.5,700,25,Rice,50:26:26 NPK,https://youtu.be/jvixDVYRMDs,1525.1
Kolhapur,Dark Brown,100,60,40,6.0,500,15,Wheat,19:19:19 NPK,https://youtu.be/VNptnPJt5yo,2237.0
Kolhapur,Dark Brown,105,60,40,6.0,500,15,Wheat,19:19:19 NPK,https://youtu.be/VNptnPJt5yo,2337.1
Kolhapur,Dark Brown,110,60,40,6.0,500,15,Wheat,19:19:19 NPK,https://youtu.be/VNptnPJt5yo,1759.3
Kolhapur,Dark Brown,115,60,40,6.0,500,15,Wheat,19:19:19 NPK,https://youtu.be/VNptnPJt5yo,1796.9
Kolhapur,Dark Brown,120,60,40,6.0,500,15,Wheat,19:19:19 NPK,https://youtu.be/VNptnPJt5yo,2561.5
Kolhapur,Dark Brown,100,65,45,6.5,600,20,Wheat,19:19:19 NPK,https://youtu.be/VNptnPJt5yo,2224.3
Kolhapur,Dark Brown,105,65,45,6.5,600,20,Wheat,19:19:19 NPK,https://youtu.be/VNptnPJt5yo,1480.3
Kolhapur,Dark Brown,110,65,45,6.5,600,20,Wheat,19:19:19 NPK,https://youtu.be/VNptnPJt5yo,2719.0
Kolhapur,Dark Brown,115,65,45,6.5,600,20,Wheat,19:19:19 NPK,https://youtu.be/VNptnPJt5yo,2537.4
Kolhapur,Dark Brown,120,65,45,6.5,600,20,Wheat,19:19:19 NPK,https://youtu.be/VNptnPJt5yo,2179.1
Kolhapur,Dark Brown,100,70,50,7.0,700,25,Wheat,19:19:19 NPK,https://youtu.be/VNptnPJt5yo,1920.3
Kolhapur,Dark Brown,105,70,50,7.0,700,25,Wheat,19:19:19 NPK,https://youtu.be/VNptnPJt5yo,2711.5
Kolhapur,Dark Brown,110,70,50,7.0,700,25,Wheat,19:19:19 NPK,https://youtu.be/VNptnPJt5yo,2541.2
Kolhapur,Dark Brown,115,70,50,7.0,700,25,Wheat,19:19:19 NPK,https://youtu.be/VNptnPJt5yo,3294.8
Kolhapur,Dark Brown,120,70,50,7.0,700,25,Wheat,19:19:19 NPK,https://youtu.be/VNptnPJt5yo,2581.8
Kolhapur,Dark Brown,100,75,55,7.5,800,15,Wheat,19:19:19 NPK,https://youtu.be/VNptnPJt5yo,2522.9
Kolhapur,Dark Brown,105,75,55,7.5,800,15,Wheat,19:19:19 NPK,https://youtu.be/VNptnPJt5yo,2329.1
Kolhapur,Dark Brown,110,75,55,7.5,800,15,Wheat,19:19:19 NPK,https://youtu.be/VNptnPJt5yo,2693.2
Kolhapur,Dark Brown,115,75,55,7.5,800,15,Wheat,19:19:19 NPK,https://youtu.be/VNptnPJt5yo,2630.9
Kolhapur,Dark Brown,120,75,55,7.5,800,15,Wheat,19:19:19 NPK,https://youtu.be/VNptnPJt5yo,2867.4
Kolhapur,Dark Brown,100,80,60,6.0,900,20,Wheat,19:19:19 NPK,https://youtu.be/VNptnPJt5yo,2246.8
Kolhapur,Dark Brown,105,80,60,6.0,900,20,Wheat,19:19:19 NPK,https://youtu.be/VNptnPJt5yo,2285.0
Kolhapur,Dark Brown,110,80,60,6.0,900,20,Wheat,19:19:19 NPK,https://youtu.be/VNptnPJt5yo,2275.1
Kolhapur,Dark Brown,115,80,60,6.0,900,20,Wheat,19:19:19 NPK,https://youtu.be/VNptnPJt5yo,2755.4
Kolhapur,Dark Brown,120,80,60,6.0,900,20,Wheat,19:19:19 NPK,https://youtu.be/VNptnPJt5yo,3027.9
Kolhapur,Dark Brown,100,60,45,6.5,1000,25,Wheat,Urea,https://youtu.be/VNptnPJt5yo,2282.8
Kolhapur,Dark Brown,105,60,45,6.5,1000,25,Wheat,Urea,https://youtu.be/VNptnPJt5yo,2302.0
Kolhapur,Dark Brown,110,60,45,6.5,1000,25,Wheat,Urea,https://youtu.be/VNptnPJt5yo,2585.1
Kolhapur,Dark Brown,115,60,45,6.5,1000,25,Wheat,Urea,https://youtu.be/VNptnPJt5yo,2382.3
Kolhapur,Dark Brown,120,60,45,6.5,1000,25,Wheat,Urea,https://youtu.be/VNptnPJt5yo,2839.8
Kolhapur,Dark Brown,100,65,50,7.0,500,15,Wheat,Urea,https://youtu.be/VNptnPJt5yo,1559.3
Kolhapur,Dark Brown,105,65,50,7.0,500,15,Wheat,Urea,https://youtu.be/VNptnPJt5yo,2077.2
Kolhapur,Dark Brown,110,65,50,7.0,500,15,Wheat,Urea,https://youtu.be/VNptnPJt5yo,2099.2
Kolhapur,Dark Brown,115,65,50,7.0,500,15,Wheat,Urea,https://youtu.be/VNptnPJt5yo,1548.1
Kolhapur,Dark Brown,120,65,50,7.0,500,15,Wheat,Urea,https://youtu.be/VNptnPJt5yo,2045.5
Kolhapur,Dark Brown,100,70,55,7.5,600,20,Wheat,Urea,https://youtu.be/VNptnPJt5yo,2025.3
Kolhapur,Dark Brown,105,70,55,7.5,600,20,Wheat,Urea,https://youtu.be/VNptnPJt5yo,2286.6
Kolhapur,Dark Brown,110,70,55,7.5,600,20,Wheat,Urea,https://youtu.be/VNptnPJt5yo,2764.6
Kolhapur,Dark Brown,115,70,55,7.5,600,20,Wheat,Urea,https://youtu.be/VNptnPJt5yo,2283.9
Kolhapur,Dark Brown,120,70,55,7.5,600,20,Wheat,Urea,https://youtu.be/VNptnPJt5yo,2006.9
Kolhapur,Dark Brown,100,75,60,6.0,700,25,Wheat,Urea,https://youtu.be/VNptnPJt5yo,2387.4
Kolhapur,Dark Brown,105,75,60,6.0,700,25,Wheat,Urea,https://youtu.be/VNptnPJt5yo,2799.4
Kolhapur,Dark Brown,110,75,60,6.0,700,25,Wheat,Urea,https://youtu.be/VNptnPJt5yo,2063.4
Kolhapur,Dark Brown,115,75,60,6.0,700,25,Wheat,Urea,https://youtu.be/VNptnPJt5yo,2093.4
Kolhapur,Dark Brown,120,75,60,6.0,700,25,Wheat,Urea,https://youtu.be/VNptnPJt5yo,2642.0
Kolhapur,Dark Brown,100,80,40,6.5,800,15,Wheat,Urea,https://youtu.be/VNptnPJt5yo,2382.4
Kolhapur,Dark Brown,105,80,40,6.5,800,15,Wheat,Urea,https://youtu.be/VNptnPJt5yo,2715.0
Kolhapur,Dark Brown,110,80,40,6.5,800,15,Wheat,Urea,https://youtu.be/VNptnPJt5yo,2474.0
Kolhapur,Dark Brown,115,80,40,6.5,800,15,Wheat,Urea,https://youtu.be/VNptnPJt5yo,2750.7
Kolhapur,Dark Brown,120,80,40,6.5,800,15,Wheat,Urea,https://youtu.be/VNptnPJt5yo,2101.7
Kolhapur,Dark Brown,100,60,50,7.0,900,20,Wheat,19:19:19 NPK,https://youtu.be/VNptnPJt5yo,2400.9
Kolhapur,Dark Brown,105,60,50,7.0,900,20,Wheat,19:19:19 NPK,https://youtu.be/VNptnPJt5yo,2335.1
Kolhapur,Dark Brown,110,60,50,7.0,900,20,Wheat,19:19:19 NPK,https://youtu.be/VNptnPJt5yo,1973.0
Kolhapur,Dark Brown,115,60,50,7.0,900,20,Wheat,19:19:19 NPK,https://youtu.be/VNptnPJt5yo,1850.7
Kolhapur,Dark Brown,120,60,50,7.0,900,20,Wheat,19:19:19 NPK,https://youtu.be/VNptnPJt5yo,2685.8
Kolhapur,Dark Brown,100,65,55,7.5,1000,25,Wheat,19:19:19 NPK,https://youtu.be/VNptnPJt5yo,2261.3
Kolhapur,Dark Brown,105,65,55,7.5,1000,25,Wheat,19:19:19 NPK,https://youtu.be/VNptnPJt5yo,2023.8
Kolhapur,Dark Brown,110,65,55,7.5,1000,25,Wheat,19:19:19 NPK,https://youtu.be/VNptnPJt5yo,2366.9
Kolhapur,Dark Brown,115,65,55,7.5,1000,25,Wheat,19:19:19 NPK,https://youtu.be/VNptnPJt5yo,2820.8
Kolhapur,Dark Brown,120,65,55,7.5,1000,25,Wheat,19:19:19 NPK,https://youtu.be/VNptnPJt5yo,1579.9
Kolhapur,Dark Brown,100,70,60,6.0,500,15,Wheat,19:19:19 NPK,https://youtu.be/VNptnPJt5yo,1837.2
Kolhapur,Dark Brown,105,70,60,6.0,500,15,Wheat,19:19:19 NPK,https://youtu.be/VNptnPJt5yo,2049.9
Kolhapur,Dark Brown,110,70,60,6.0,500,15,Wheat,19:19:19 NPK,https://youtu.be/VNptnPJt5yo,2920.2
Kolhapur,Dark Brown,115,70,60,6.0,500,15,Wheat,19:19:19 NPK,https://youtu.be/VNptnPJt5yo,2500.1
Kolhapur,Dark Brown,120,70,60,6.0,500,15,Wheat,19:19:19 NPK,https://youtu.be/VNptnPJt5yo,2684.0
Kolhapur,Dark Brown,100,75,40,6.5,600,20,Wheat,19:19:19 NPK,https://youtu.be/VNptnPJt5yo,2012.5
Kolhapur,Dark Brown,105,75,40,6.5,600,20,Wheat,19:19:19 NPK,https://youtu.be/VNptnPJt5yo,2025.9
Kolhapur,Dark Brown,110,75,40,6.5,600,20,Wheat,19:19:19 NPK,https://youtu.be/VNptnPJt5yo,2613.4
Kolhapur,Dark Brown,115,75,40,6.5,600,20,Wheat,19:19:19 NPK,https://youtu.be/VNptnPJt5yo,2475.9
Kolhapur,Dark Brown,120,75,40,6.5,600,20,Wheat,19:19:19 NPK,https://youtu.be/VNptnPJt5yo,2666.0
Kolhapur,Dark Brown,100,80,45,7.0,700,25,Wheat,19:19:19 NPK,https://youtu.be/VNptnPJt5yo,2348.0
Kolhapur,Dark Brown,105,80,45,7.0,700,25,Wheat,19:19:19 NPK,https://youtu.be/VNptnPJt5yo,2525.9
Kolhapur,Dark Brown,110,80,45,7.0,700,25,Wheat,19:19:19 NPK,https://youtu.be/VNptnPJt5yo,2488.8
Kolhapur,Dark Brown,115,80,45,7.0,700,25,Wheat,19:19:19 NPK,https://youtu.be/VNptnPJt5yo,2724.9
Kolhapur,Dark Brown,120,80,45,7.0,700,25,Wheat,19:19:19 NPK,https://youtu.be/VNptnPJt5yo,2743.4
Kolhapur,Dark Brown,100,60,55,7.5,800,15,Wheat,Urea,https://youtu.be/VNptnPJt5yo,1778.2
Kolhapur,Dark Brown,105,60,55,7.5,800,15,Wheat,Urea,https://youtu.be/VNptnPJt5yo,1558.4
Kolhapur,Dark Brown,110,60,55,7.5,800,15,Wheat,Urea,https://youtu.be/VNptnPJt5yo,2731.2
Kolhapur,Dark Brown,115,60,55,7.5,800,15,Wheat,Urea,https://youtu.be/VNptnPJt5yo,2806.0
Kolhapur,Dark Brown,120,60,55,7.5,800,15,Wheat,Urea,https://youtu.be/VNptnPJt5yo,2015.4
Kolhapur,Dark Brown,100,65,60,6.0,900,20,Wheat,Urea,https://youtu.be/VNptnPJt5yo,1733.0
Kolhapur,Dark Brown,105,65,60,6.0,900,20,Wheat,Urea,https://youtu.be/VNptnPJt5yo,2457.1
Kolhapur,Dark Brown,110,65,60,6.0,900,20,Wheat,Urea,https://youtu.be/VNptnPJt5yo,2770.4
Kolhapur,Dark Brown,115,65,60,6.0,900,20,Wheat,Urea,https://youtu.be/VNptnPJt5yo,3098.3
Kolhapur,Dark Brown,120,65,60,6.0,900,20,Wheat,Urea,https://youtu.be/VNptnPJt5yo,2632.6
Kolhapur,Dark Brown,100,70,40,6.5,1000,25,Wheat,Urea,https://youtu.be/VNptnPJt5yo,2331.7
Kolhapur,Dark Brown,105,70,40,6.5,1000,25,Wheat,Urea,https://youtu.be/VNptnPJt5yo,2142.3
Kolhapur,Dark Brown,110,70,40,6.5,1000,25,Wheat,Urea,https://youtu.be/VNptnPJt5yo,2489.3
Kolhapur,Dark Brown,115,70,40,6.5,1000,25,Wheat,Urea,https://youtu.be/VNptnPJt5yo,2378.8
Kolhapur,Dark Brown,120,70,40,6.5,1000,25,Wheat,Urea,https://youtu.be/VNptnPJt5yo,2114.2
Kolhapur,Dark Brown,100,75,45,7.0,500,15,Wheat,Urea,https://youtu.be/VNptnPJt5yo,3126.5
Kolhapur,Dark Brown,105,75,45,7.0,500,15,Wheat,Urea,https://youtu.be/VNptnPJt5yo,3039.8
Kolhapur,Dark Brown,110,75,45,7.0,500,15,Wheat,Urea,https://youtu.be/VNptnPJt5yo,2812.4
Kolhapur,Dark Brown,115,75,45,7.0,500,15,Wheat,Urea,https://youtu.be/VNptnPJt5yo,2069.9
Kolhapur,Dark Brown,120,75,45,7.0,500,15,Wheat,Urea,https://youtu.be/VNptnPJt5yo,2725.7
Kolhapur,Dark Brown,100,80,50,7.5,600,20,Wheat,Urea,https://youtu.be/VNptnPJt5yo,2598.5
Kolhapur,Dark Brown,105,80,50,7.5,600,20,Wheat,Urea,https://youtu.be/VNptnPJt5yo,2534.9
Kolhapur,Dark Brown,110,80,50,7.5,600,20,Wheat,Urea,https://youtu.be/VNptnPJt5yo,2833.7
Kolhapur,Dark Brown,115,80,50,7.5,600,20,Wheat,Urea,https://youtu.be/VNptnPJt5yo,2619.2
Kolhapur,Dark Brown,120,80,50,7.5,600,20,Wheat,Urea,https://youtu.be/VNptnPJt5yo,2664.7
Kolhapur,Dark Brown,100,60,60,6.0,700,25,Wheat,19:19:19 NPK,https://youtu.be/VNptnPJt5yo,2612.6
Kolhapur,Dark Brown,105,60,60,6.0,700,25,Wheat,19:19:19 NPK,https://youtu.be/VNptnPJt5yo,2512.8
Kolhapur,Dark Brown,110,60,60,6.0,700,25,Wheat,19:19:19 NPK,https://youtu.be/VNptnPJt5yo,1747.9
Kolhapur,Dark Brown,115,60,60,6.0,700,25,Wheat,19:19:19 NPK,https://youtu.be/VNptnPJt5yo,2433.5
Kolhapur,Dark Brown,120,60,60,6.0,700,25,Wheat,19:19:19 NPK,https://youtu.be/VNptnPJt5yo,2206.6
Kolhapur,Dark Brown,100,65,40,6.5,800,15,Wheat,19:19:19 NPK,https://youtu.be/VNptnPJt5yo,1965.6
Kolhapur,Dark Brown,105,65,40,6.5,800,15,Wheat,19:19:19 NPK,https://youtu.be/VNptnPJt5yo,3070.0
Kolhapur,Dark Brown,110,65,40,6.5,800,15,Wheat,19:19:19 NPK,https://youtu.be/VNptnPJt5yo,3096.3
Kolhapur,Dark Brown,115,65,40,6.5,800,15,Wheat,19:19:19 NPK,https://youtu.be/VNptnPJt5yo,2967.1
Kolhapur,Dark Brown,120,65,40,6.5,800,15,Wheat,19:19:19 NPK,https://youtu.be/VNptnPJt5yo,2562.4
Kolhapur,Dark Brown,100,70,45,7.0,900,20,Wheat,19:19:19 NPK,https://youtu.be/VNptnPJt5yo,2918.7
Kolhapur,Dark Brown,105,70,45,7.0,900,20,Wheat,19:19:19 NPK,https://youtu.be/VNptnPJt5yo,2433.8
Kolhapur,Dark Brown,110,70,45,7.0,900,20,Wheat,19:19:19 NPK,https://youtu.be/VNptnPJt5yo,2511.2
Kolhapur,Dark Brown,115,70,45,7.0,900,20,Wheat,19:19:19 NPK,https://youtu.be/VNptnPJt5yo,2037.9
Kolhapur,Dark Brown,120,70,45,7.0,900,20,Wheat,19:19:19 NPK,https://youtu.be/VNptnPJt5yo,2597.5
Kolhapur,Dark Brown,100,75,50,7.5,1000,25,Wheat,19:19:19 NPK,https://youtu.be/VNptnPJt5yo,2427.4
Kolhapur,Dark Brown,105,75,50,7.5,1000,25,Wheat,19:19:19 NPK,https://youtu.be/VNptnPJt5yo,1935.5
Kolhapur,Dark Brown,110,75,50,7.5,1000,25,Wheat,19:19:19 NPK,https://youtu.be/VNptnPJt5yo,2400.1
Kolhapur,Dark Brown,115,75,50,7.5,1000,25,Wheat,19:19:19 NPK,https://youtu.be/VNptnPJt5yo,2396.3
Kolhapur,Dark Brown,120,75,50,7.5,1000,25,Wheat,19:19:19 NPK,https://youtu.be/VNptnPJt5yo,3095.6
Kolhapur,Dark Brown,100,80,55,6.0,500,15,Wheat,19:19:19 NPK,https://youtu.be/VNptnPJt5yo,2718.5
Kolhapur,Dark Brown,105,80,55,6.0,500,15,Wheat,19:19:19 NPK,https://youtu.be/VNptnPJt5yo,2404.9
Kolhapur,Dark Brown,110,80,55,6.0,500,15,Wheat,19:19:19 NPK,https://youtu.be/VNptnPJt5yo,2498.5
Kolhapur,Dark Brown,115,80,55,6.0,500,15,Wheat,19:19:19 NPK,https://youtu.be/VNptnPJt5yo,2430.7
Kolhapur,Dark Brown,120,80,55,6.0,500,15,Wheat,19:19:19 NPK,https://youtu.be/VNptnPJt5yo,2346.8
Kolhapur,Dark Brown,100,40,40,6.0,500,15,Wheat,Urea,https://youtu.be/VNptnPJt5yo,1943.4
Kolhapur,Dark Brown,105,40,40,6.0,500,15,Wheat,Urea,https://youtu.be/VNptnPJt5yo,2278.6
Kolhapur,Dark Brown,110,40,40,6.0,500,15,Wheat,Urea,https://youtu.be/VNptnPJt5yo,2074.2
Kolhapur,Dark Brown,115,40,40,6.0,500,15,Wheat,Urea,https://youtu.be/VNptnPJt5yo,1900.9
Kolhapur,Dark Brown,120,40,40,6.0,500,15,Wheat,Urea,https://youtu.be/VNptnPJt5yo,2535.0
Kolhapur,Dark Brown,100,45,45,6.5,600,20,Wheat,Urea,https://youtu.be/VNptnPJt5yo,2522.2
Kolhapur,Dark Brown,105,45,45,6.5,600,20,Wheat,Urea,https://youtu.be/VNptnPJt5yo,1740.8
Kolhapur,Dark Brown,110,45,45,6.5,600,20,Wheat,Urea,https://youtu.be/VNptnPJt5yo,2350.3
Kolhapur,Dark Brown,115,45,45,6.5,600,20,Wheat,Urea,https://youtu.be/VNptnPJt5yo,2764.6
Kolhapur,Dark Brown,120,45,45,6.5,600,20,Wheat,Urea,https://youtu.be/VNptnPJt5yo,2795.8
Kolhapur,Dark Brown,100,50,50,7.0,700,25,Wheat,Urea,https://youtu.be/VNptnPJt5yo,2733.2
Kolhapur,Dark Brown,105,50,50,7.0,700,25,Wheat,Urea,https://youtu.be/VNptnPJt5yo,2386.1
Kolhapur,Dark Brown,110,50,50,7.0,700,25,Wheat,Urea,https://youtu.be/VNptnPJt5yo,2074.1
Kolhapur,Dark Brown,115,50,50,7.0,700,25,Wheat,Urea,https://youtu.be/VNptnPJt5yo,1993.7
Kolhapur,Dark Brown,120,50,50,7.0,700,25,Wheat,Urea,https://youtu.be/VNptnPJt5yo,2517.8
Kolhapur,Dark Brown,100,55,55,7.5,800,15,Wheat,Urea,https://youtu.be/VNptnPJt5yo,2484.1
Kolhapur,Dark Brown,105,55,55,7.5,800,15,Wheat,Urea,https://youtu.be/VNptnPJt5yo,2815.7
Kolhapur,Dark Brown,110,55,55,7.5,800,15,Wheat,Urea,https://youtu.be/VNptnPJt5yo,2756.6
Kolhapur,Dark Brown,115,55,55,7.5,800,15,Wheat,Urea,https://youtu.be/VNptnPJt5yo,2321.7
Kolhapur,Dark Brown,120,55,55,7.5,800,15,Wheat,Urea,https://youtu.be/VNptnPJt5yo,1927.6
Kolhapur,Dark Brown,100,60,60,6.0,900,20,Wheat,Urea,https://youtu.be/VNptnPJt5yo,2288.9
Kolhapur,Dark Brown,105,60,60,6.0,900,20,Wheat,Urea,https://youtu.be/VNptnPJt5yo,2491.7
Kolhapur,Dark Brown,110,60,60,6.0,900,20,Wheat,Urea,https://youtu.be/VNptnPJt5yo,2344.9
Kolhapur,Dark Brown,115,60,60,6.0,900,20,Wheat,Urea,https://youtu.be/VNptnPJt5yo,2213.3
Kolhapur,Dark Brown,120,60,60,6.0,900,20,Wheat,Urea,https://youtu.be/VNptnPJt5yo,2526.1
Kolhapur,Dark Brown,100,40,45,6.5,1000,25,Wheat,19:19:19 NPK,https://youtu.be/VNptnPJt5yo,2233.8
Kolhapur,Dark Brown,105,40,45,6.5,1000,25,Wheat,19:19:19 NPK,https://youtu.be/VNptnPJt5yo,2194.6
Kolhapur,Dark Brown,110,40,45,6.5,1000,25,Wheat,19:19:19 NPK,https://youtu.be/VNptnPJt5yo,2547.6
Kolhapur,Dark Brown,115,40,45,6.5,1000,25,Wheat,19:19:19 NPK,https://youtu.be/VNptnPJt5yo,2290.9
Kolhapur,Dark Brown,120,40,45,6.5,1000,25,Wheat,19:19:19 NPK,https://youtu.be/VNptnPJt5yo,2537.2
Kolhapur,Dark Brown,100,45,50,7.0,500,15,Wheat,19:19:19 NPK,https://youtu.be/VNptnPJt5yo,2430.4
Kolhapur,Dark Brown,105,45,50,7.0,500,15,Wheat,19:19:19 NPK,https://youtu.be/VNptnPJt5yo,1936.1
Kolhapur,Dark Brown,110,45,50,7.0,500,15,Wheat,19:19:19 NPK,https://youtu.be/VNptnPJt5yo,2176.1
Kolhapur,Dark Brown,115,45,50,7.0,500,15,Wheat,19:19:19 NPK,https://youtu.be/VNptnPJt5yo,2867.8
Kolhapur,Dark Brown,120,45,50,7.0,500,15,Wheat,19:19:19 NPK,https://youtu.be/VNptnPJt5yo,1945.1
Kolhapur,Dark Brown,100,50,55,7.5,600,20,Wheat,19:19:19 NPK,https://youtu.be/VNptnPJt5yo,1573.8
Kolhapur,Dark Brown,105,50,55,7.5,600,20,Wheat,19:19:19 NPK,https://youtu.be/VNptnPJt5yo,1668.2
Kolhapur,Dark Brown,110,50,55,7.5,600,20,Wheat,19:19:19 NPK,https://youtu.be/VNptnPJt5yo,2341.8
Kolhapur,Dark Brown,115,50,55,7.5,600,20,Wheat,19:19:19 NPK,https://youtu.be/VNptnPJt5yo,2349.2
Kolhapur,Dark Brown,120,50,55,7.5,600,20,Wheat,19:19:19 NPK,https://youtu.be/VNptnPJt5yo,2303.2
Kolhapur,Dark Brown,100,55,60,6.0,700,25,Wheat,19:19:19 NPK,https://youtu.be/VNptnPJt5yo,2811.0
Kolhapur,Dark Brown,105,55,60,6.0,700,25,Wheat,19:19:19 NPK,https://youtu.be/VNptnPJt5yo,1415.6
Kolhapur,Dark Brown,110,55,60,6.0,700,25,Wheat,19:19:19 NPK,https://youtu.be/VNptnPJt5yo,2530.9
Kolhapur,Dark Brown,115,55,60,6.0,700,25,Wheat,19:19:19 NPK,https://youtu.be/VNptnPJt5yo,2961.5
Kolhapur,Dark Brown,120,55,60,6.0,700,25,Wheat,19:19:19 NPK,https://youtu.be/VNptnPJt5yo,1990.6
Kolhapur,Dark Brown,100,60,40,6.5,800,15,Wheat,19:19:19 NPK,https://youtu.be/VNptnPJt5yo,2290.3
Kolhapur,Dark Brown,105,60,40,6.5,800,15,Wheat,19:19:19 NPK,https://youtu.be/VNptnPJt5yo,2159.0
Kolhapur,Dark Brown,110,60,40,6.5,800,15,Wheat,19:19:19 NPK,https://youtu.be/VNptnPJt5yo,2112.7
Kolhapur,Dark Brown,115,60,40,6.5,800,15,Wheat,19:19:19 NPK,https://youtu.be/VNptnPJt5yo,2330.0
Kolhapur,Dark Brown,120,60,40,6.5,800,15,Wheat,19:19:19 NPK,https://youtu.be/VNptnPJt5yo,2990.5
Kolhapur,Dark Brown,100,40,50,7.0,900,20,Wheat,Urea,https://youtu.be/VNptnPJt5yo,3031.7
Kolhapur,Dark Brown,105,40,50,7.0,900,20,Wheat,Urea,https://youtu.be/VNptnPJt5yo,2256.7
Kolhapur,Dark Brown,110,40,50,7.0,900,20,Wheat,Urea,https://youtu.be/VNptnPJt5yo,3073.7
Kolhapur,Dark Brown,115,40,50,7.0,900,20,Wheat,Urea,https://youtu.be/VNptnPJt5yo,2404.5
Kolhapur,Dark Brown,120,40,50,7.0,900,20,Wheat,Urea,https://youtu.be/VNptnPJt5yo,3036.4
Kolhapur,Dark Brown,100,45,55,7.5,1000,25,Wheat,Urea,https://youtu.be/VNptnPJt5yo,2321.3
Kolhapur,Dark Brown,105,45,55,7.5,1000,25,Wheat,Urea,https://youtu.be/VNptnPJt5yo,2408.3
Kolhapur,Dark Brown,110,45,55,7.5,1000,25,Wheat,Urea,https://youtu.be/VNptnPJt5yo,2499.4
Kolhapur,Dark Brown,115,45,55,7.5,1000,25,Wheat,Urea,https://youtu.be/VNptnPJt5yo,3519.9
Kolhapur,Dark Brown,120,45,55,7.5,1000,25,Wheat,Urea,https://youtu.be/VNptnPJt5yo,2689.2
Kolhapur,Dark Brown,100,50,60,6.0,500,15,Wheat,Urea,https://youtu.be/VNptnPJt5yo,2091.1
Kolhapur,Dark Brown,105,50,60,6.0,500,15,Wheat,Urea,https://youtu.be/VNptnPJt5yo,2694.5
Kolhapur,Dark Brown,110,50,60,6.0,500,15,Wheat,Urea,https://youtu.be/VNptnPJt5yo,2226.8
Kolhapur,Dark Brown,115,50,60,6.0,500,15,Wheat,Urea,https://youtu.be/VNptnPJt5yo,2187.4
Kolhapur,Dark Brown,120,50,60,6.0,500,15,Wheat,Urea,https://youtu.be/VNptnPJt5yo,2696.4
Kolhapur,Dark Brown,100,55,40,6.5,600,20,Wheat,Urea,https://youtu.be/VNptnPJt5yo,2409.7
Kolhapur,Dark Brown,105,55,40,6.5,600,20,Wheat,Urea,https://youtu.be/VNptnPJt5yo,2506.9
Kolhapur,Dark Brown,110,55,40,6.5,600,20,Wheat,Urea,https://youtu.be/VNptnPJt5yo,2417.4
Kolhapur,Dark Brown,115,55,40,6.5,600,20,Wheat,Urea,https://youtu.be/VNptnPJt5yo,2542.8
Kolhapur,Dark Brown,120,55,40,6.5,600,20,Wheat,Urea,https://youtu.be/VNptnPJt5yo,2582.6
Kolhapur,Dark Brown,100,60,45,7.0,700,25,Wheat,Urea,https://youtu.be/VNptnPJt5yo,1682.5
Kolhapur,Dark Brown,105,60,45,7.0,700,25,Wheat,Urea,https://youtu.be/VNptnPJt5yo,2630.8
Kolhapur,Dark Brown,110,60,45,7.0,700,25,Wheat,Urea,https://youtu.be/VNptnPJt5yo,2039.3
Kolhapur,Dark Brown,115,60,45,7.0,700,25,Wheat,Urea,https://youtu.be/VNptnPJt5yo,1877.4
Kolhapur,Dark Brown,120,60,45,7.0,700,25,Wheat,Urea,https://youtu.be/VNptnPJt5yo,2388.6
Kolhapur,Dark Brown,100,40,55,7.5,800,15,Wheat,19:19:19 NPK,https://youtu.be/VNptnPJt5yo,2353.2
Kolhapur,Dark Brown,105,40,55,7.5,800,15,Wheat,19:19:19 NPK,https://youtu.be/VNptnPJt5yo,2085.2
Kolhapur,Dark Brown,110,40,55,7.5,800,15,Wheat,19:19:19 NPK,https://youtu.be/VNptnPJt5yo,2631.7
Kolhapur,Dark Brown,115,40,55,7.5,800,15,Wheat,19:19:19 NPK,https://youtu.be/VNptnPJt5yo,1866.7
Kolhapur,Dark Brown,120,40,55,7.5,800,15,Wheat,19:19:19 NPK,https://youtu.be/VNptnPJt5yo,2205.6
Kolhapur,Dark Brown,100,45,60,6.0,900,20,Wheat,19:19:19 NPK,https://youtu.be/VNptnPJt5yo,2168.5
Kolhapur,Dark Brown,105,45,60,6.0,900,20,Wheat,19:19:19 NPK,https://youtu.be/VNptnPJt5yo,2369.6
Kolhapur,Dark Brown,110,45,60,6.0,900,20,Wheat,19:19:19 NPK,https://youtu.be/VNptnPJt5yo,2494.5
Kolhapur,Dark Brown,115,45,60,6.0,900,20,Wheat,19:19:19 NPK,https://youtu.be/VNptnPJt5yo,2033.3
Kolhapur,Dark Brown,120,45,60,6.0,900,20,Wheat,19:19:19 NPK,https://youtu.be/VNptnPJt5yo,2671.5
Kolhapur,Dark Brown,100,50,40,6.5,1000,25,Wheat,19:19:19 NPK,https://youtu.be/VNptnPJt5yo,2459.4
Kolhapur,Dark Brown,105,50,40,6.5,1000,25,Wheat,19:19:19 NPK,https://youtu.be/VNptnPJt5yo,1742.1
Kolhapur,Dark Brown,110,50,40,6.5,1000,25,Wheat,19:19:19 NPK,https://youtu.be/VNptnPJt5yo,1722.3
Kolhapur,Dark Brown,115,50,40,6.5,1000,25,Wheat,19:19:19 NPK,https://youtu.be/VNptnPJt5yo,2452.5
Kolhapur,Dark Brown,120,50,40,6.5,1000,25,Wheat,19:19:19 NPK,https://youtu.be/VNptnPJt5yo,2381.5
Kolhapur,Dark Brown,100,55,45,7.0,500,15,Wheat,19:19:19 NPK,https://youtu.be/VNptnPJt5yo,2314.0
Kolhapur,Dark Brown,105,55,45,7.0,500,15,Wheat,19:19:19 NPK,https://youtu.be/VNptnPJt5yo,2347.8
Kolhapur,Dark Brown,110,55,45,7.0,500,15,Wheat,19:19:19 NPK,https://youtu.be/VNptnPJt5yo,2445.6
Kolhapur,Dark Brown,115,55,45,7.0,500,15,Wheat,19:19:19 NPK,https://youtu.be/VNptnPJt5yo,2712.4
Kolhapur,Dark Brown,120,55,45,7.0,500,15,Wheat,19:19:19 NPK,https://youtu.be/VNptnPJt5yo,1977.6
Kolhapur,Dark Brown,100,60,50,7.5,600,20,Wheat,19:19:19 NPK,https://youtu.be/VNptnPJt5yo,1919.8
Kolhapur,Dark Brown,105,60,50,7.5,600,20,Wheat,19:19:19 NPK,https://youtu.be/VNptnPJt5yo,1953.3
Kolhapur,Dark Brown,110,60,50,7.5,600,20,Wheat,19:19:19 NPK,https://youtu.be/VNptnPJt5yo,2451.3
Kolhapur,Dark Brown,115,60,50,7.5,600,20,Wheat,19:19:19 NPK,https://youtu.be/VNptnPJt5yo,2799.9
Kolhapur,Dark Brown,120,60,50,7.5,600,20,Wheat,19:19:19 NPK,https://youtu.be/VNptnPJt5yo,2207.4
Kolhapur,Dark Brown,100,40,60,6.0,700,25,Wheat,Urea,https://youtu.be/VNptnPJt5yo,1457.1
Kolhapur,Dark Brown,105,40,60,6.0,700,25,Wheat,Urea,https://youtu.be/VNptnPJt5yo,1746.3
Kolhapur,Dark Brown,110,40,60,6.0,700,25,Wheat,Urea,https://youtu.be/VNptnPJt5yo,2063.4
Kolhapur,Dark Brown,115,40,60,6.0,700,25,Wheat,Urea,https://youtu.be/VNptnPJt5yo,2168.3
Kolhapur,Dark Brown,120,40,60,6.0,700,25,Wheat,Urea,https://youtu.be/VNptnPJt5yo,2228.4
Kolhapur,Dark Brown,100,45,40,6.5,800,15,Wheat,Urea,https://youtu.be/VNptnPJt5yo,2418.2
Kolhapur,Dark Brown,105,45,40,6.5,800,15,Wheat,Urea,https://youtu.be/VNptnPJt5yo,2297.1
Kolhapur,Dark Brown,110,45,40,6.5,800,15,Wheat,Urea,https://youtu.be/VNptnPJt5yo,2803.0
Kolhapur,Dark Brown,115,45,40,6.5,800,15,Wheat,Urea,https://youtu.be/VNptnPJt5yo,2176.4
Kolhapur,Dark Brown,120,45,40,6.5,800,15,Wheat,Urea,https://youtu.be/VNptnPJt5yo,2114.0
Kolhapur,Dark Brown,100,50,45,7.0,900,20,Wheat,Urea,https://youtu.be/VNptnPJt5yo,2561.6
Kolhapur,Dark Brown,105,50,45,7.0,900,20,Wheat,Urea,https://youtu.be/VNptnPJt5yo,1837.2
Kolhapur,Dark Brown,110,50,45,7.0,900,20,Wheat,Urea,https://youtu.be/VNptnPJt5yo,2543.8
Kolhapur,Dark Brown,115,50,45,7.0,900,20,Wheat,Urea,https://youtu.be/VNptnPJt5yo,2446.2
Kolhapur,Dark Brown,120,50,45,7.0,900,20,Wheat,Urea,https://youtu.be/VNptnPJt5yo,2361.6
Kolhapur,Dark Brown,100,55,50,7.5,1000,25,Wheat,Urea,https://youtu.be/VNptnPJt5yo,2942.8
Kolhapur,Dark Brown,105,55,50,7.5,1000,25,Wheat,Urea,https://youtu.be/VNptnPJt5yo,2153.8
Kolhapur,Dark Brown,110,55,50,7.5,1000,25,Wheat,Urea,https://youtu.be/VNptnPJt5yo,3130.3
Kolhapur,Dark Brown,115,55,50,7.5,1000,25,Wheat,Urea,https://youtu.be/VNptnPJt5yo,2310.0
Kolhapur,Dark Brown,120,55,50,7.5,1000,25,Wheat,Urea,https://youtu.be/VNptnPJt5yo,1934.0
Kolhapur,Dark Brown,100,60,55,6.0,500,15,Wheat,Urea,https://youtu.be/VNptnPJt5yo,2384.5
Kolhapur,Dark Brown,105,60,55,6.0,500,15,Wheat,Urea,https://youtu.be/VNptnPJt5yo,1980.1
Kolhapur,Dark Brown,110,60,55,6.0,500,15,Wheat,Urea,https://youtu.be/VNptnPJt5yo,2102.7
Kolhapur,Dark Brown,115,60,55,6.0,500,15,Wheat,Urea,https://youtu.be/VNptnPJt5yo,2523.4
Kolhapur,Dark Brown,120,60,55,6.0,500,15,Wheat,Urea,https://youtu.be/VNptnPJt5yo,2588.1
Kolhapur,Dark Brown,60,40,40,6.0,500,15,Wheat,19:19:19 NPK,https://youtu.be/VNptnPJt5yo,2055.9
Kolhapur,Dark Brown,65,40,40,6.0,500,15,Wheat,19:19:19 NPK,https://youtu.be/VNptnPJt5yo,2618.0
Kolhapur,Dark Brown,70,40,40,6.0,500,15,Wheat,19:19:19 NPK,https://youtu.be/VNptnPJt5yo,2684.9
Kolhapur,Dark Brown,75,40,40,6.0,500,15,Wheat,19:19:19 NPK,https://youtu.be/VNptnPJt5yo,2789.8
Kolhapur,Dark Brown,80,40,40,6.0,500,15,Wheat,19:19:19 NPK,https://youtu.be/VNptnPJt5yo,2482.1
Kolhapur,Dark Brown,85,40,40,6.0,500,15,Wheat,19:19:19 NPK,https://youtu.be/VNptnPJt5yo,2781.1
Kolhapur,Dark Brown,90,40,40,6.0,500,15,Wheat,19:19:19 NPK,https://youtu.be/VNptnPJt5yo,1652.0
Kolhapur,Dark Brown,95,40,40,6.0,500,15,Wheat,19:19:19 NPK,https://youtu.be/VNptnPJt5yo,2206.5
Kolhapur,Dark Brown,100,40,40,6.0,500,15,Wheat,19:19:19 NPK,https://youtu.be/VNptnPJt5yo,2019.4
Kolhapur,Dark Brown,60,45,45,6.5,600,20,Wheat,19:19:19 NPK,https://youtu.be/VNptnPJt5yo,2367.1
Kolhapur,Dark Brown,65,45,45,6.5,600,20,Wheat,19:19:19 NPK,https://youtu.be/VNptnPJt5yo,2129.9
Kolhapur,Dark Brown,70,45,45,6.5,600,20,Wheat,19:19:19 NPK,https://youtu.be/VNptnPJt5yo,2280.1
Kolhapur,Dark Brown,75,45,45,6.5,600,20,Wheat,19:19:19 NPK,https://youtu.be/VNptnPJt5yo,3015.7
Kolhapur,Dark Brown,80,45,45,6.5,600,20,Wheat,19:19:19 NPK,https://youtu.be/VNptnPJt5yo,2292.4
Kolhapur,Dark Brown,85,45,45,6.5,600,20,Wheat,19:19:19 NPK,https://youtu.be/VNptnPJt5yo,2508.1
Kolhapur,Dark Brown,90,45,45,6.5,600,20,Wheat,19:19:19 NPK,https://youtu.be/VNptnPJt5yo,2283.6
Kolhapur,Dark Brown,95,45,45,6.5,600,20,Wheat,19:19:19 NPK,https://youtu.be/VNptnPJt5yo,2401.2
Kolhapur,Dark Brown,100,45,45,6.5,600,20,Wheat,19:19:19 NPK,https://youtu.be/VNptnPJt5yo,2383.1
Kolhapur,Dark Brown,60,55,55,7.0,700,25,Wheat,19:19:19 NPK,https://youtu.be/VNptnPJt5yo,2476.5
Kolhapur,Dark Brown,65,55,55,7.0,700,25,Wheat,19:19:19 NPK,https://youtu.be/VNptnPJt5yo,2736.8
Kolhapur,Dark Brown,70,55,55,7.0,700,25,Wheat,19:19:19 NPK,https://youtu.be/VNptnPJt5yo,2915.4
Kolhapur,Dark Brown,75,55,55,7.0,700,25,Wheat,19:19:19 NPK,https://youtu.be/VNptnPJt5yo,2449.3
Kolhapur,Dark Brown,80,55,55,7.0,700,25,Wheat,19:19:19 NPK,https://youtu.be/VNptnPJt5yo,2556.1
Kolhapur,Dark Brown,85,55,55,7.0,700,25,Wheat,19:19:19 NPK,https://youtu.be/VNptnPJt5yo,1942.5
Kolhapur,Dark Brown,90,55,55,7.0,700,25,Wheat,19:19:19 NPK,https://youtu.be/VNptnPJt5yo,2328.6
Kolhapur,Dark Brown,95,55,55,7.0,700,25,Wheat,Urea,https://youtu.be/VNptnPJt5yo,2704.5
Kolhapur,Dark Brown,100,55,55,7.0,700,25,Wheat,Urea,https://youtu.be/VNptnPJt5yo,2685.6
Kolhapur,Dark Brown,60,60,60,7.5,800,15,Wheat,Urea,https://youtu.be/VNptnPJt5yo,2377.2
Kolhapur,Dark Brown,65,60,60,7.5,800,15,Wheat,Urea,https://youtu.be/VNptnPJt5yo,2620.6
Kolhapur,Dark Brown,70,60,60,7.5,800,15,Wheat,Urea,https://youtu.be/VNptnPJt5yo,2489.3
Kolhapur,Dark Brown,75,60,60,7.5,800,15,Wheat,Urea,https://youtu.be/VNptnPJt5yo,2746.6
Kolhapur,Dark Brown,80,60,60,7.5,800,15,Wheat,Urea,https://youtu.be/VNptnPJt5yo,2432.6
Kolhapur,Dark Brown,85,60,60,7.5,800,15,Wheat,Urea,https://youtu.be/VNptnPJt5yo,2211.0
Kolhapur,Dark Brown,90,60,60,7.5,800,15,Wheat,Urea,https://youtu.be/VNptnPJt5yo,2463.3
Kolhapur,Dark Brown,95,60,60,7.5,800,15,Wheat,Urea,https://youtu.be/VNptnPJt5yo,1305.8
Kolhapur,Dark Brown,100,60,60,7.5,800,15,Wheat,Urea,https://youtu.be/VNptnPJt5yo,2494.3
Kolhapur,Dark Brown,60,40,45,6.0,900,20,Wheat,Urea,https://youtu.be/VNptnPJt5yo,1034.4
Kolhapur,Dark Brown,65,40,45,6.0,900,20,Wheat,Urea,https://youtu.be/VNptnPJt5yo,1715.7
Kolhapur,Dark Brown,70,40,45,6.0,900,20,Wheat,Urea,https://youtu.be/VNptnPJt5yo,2489.4
Kolhapur,Dark Brown,75,40,45,6.0,900,20,Wheat,Urea,https://youtu.be/VNptnPJt5yo,2505.8
Kolhapur,Dark Brown,80,40,45,6.0,900,20,Wheat,Urea,https://youtu.be/VNptnPJt5yo,1930.3
Kolhapur,Dark Brown,85,40,45,6.0,900,20,Wheat,Urea,https://youtu.be/VNptnPJt5yo,2096.5
Kolhapur,Dark Brown,90,40,45,6.0,900,20,Wheat,Urea,https://youtu.be/VNptnPJt5yo,2847.2
Kolhapur,Dark Brown,95,40,45,6.0,900,20,Wheat,Urea,https://youtu.be/VNptnPJt5yo,2190.5
Kolhapur,Dark Brown,100,40,45,6.0,900,20,Wheat,Urea,https://youtu.be/VNptnPJt5yo,3177.5
Kolhapur,Dark Brown,60,45,50,6.5,1000,25,Wheat,Urea,https://youtu.be/VNptnPJt5yo,2370.9
Kolhapur,Dark Brown,65,45,50,6.5,1000,25,Wheat,Urea,https://youtu.be/VNptnPJt5yo,2525.8
Kolhapur,Dark Brown,70,45,50,6.5,1000,25,Wheat,Urea,https://youtu.be/VNptnPJt5yo,2970.6
Kolhapur,Dark Brown,75,45,50,6.5,1000,25,Wheat,Urea,https://youtu.be/VNptnPJt5yo,2440.1
Kolhapur,Dark Brown,80,45,50,6.5,1000,25,Wheat,Urea,https://youtu.be/VNptnPJt5yo,2034.7
Kolhapur,Dark Brown,85,45,50,6.5,1000,25,Wheat,19:19:19 NPK,https://youtu.be/VNptnPJt5yo,2366.4
Kolhapur,Dark Brown,90,45,50,6.5,1000,25,Wheat,19:19:19 NPK,https://youtu.be/VNptnPJt5yo,2400.4
Kolhapur,Dark Brown,95,45,50,6.5,1000,25,Wheat,19:19:19 NPK,https://youtu.be/VNptnPJt5yo,1919.4
Kolhapur,Dark Brown,100,45,50,6.5,1000,25,Wheat,19:19:19 NPK,https://youtu.be/VNptnPJt5yo,2333.2
Kolhapur,Dark Brown,60,55,60,7.0,500,15,Wheat,19:19:19 NPK,https://youtu.be/VNptnPJt5yo,2037.5
Kolhapur,Dark Brown,65,55,60,7.0,500,15,Wheat,19:19:19 NPK,https://youtu.be/VNptnPJt5yo,2625.7
Kolhapur,Dark Brown,70,55,60,7.0,500,15,Wheat,19:19:19 NPK,https://youtu.be/VNptnPJt5yo,2321.8
Kolhapur,Dark Brown,75,55,60,7.0,500,15,Wheat,19:19:19 NPK,https://youtu.be/VNptnPJt5yo,2217.2
Kolhapur,Dark Brown,80,55,60,7.0,500,15,Wheat,19:19:19 NPK,https://youtu.be/VNptnPJt5yo,2286.0
Kolhapur,Dark Brown,85,55,60,7.0,500,15,Wheat,19:19:19 NPK,https://youtu.be/VNptnPJt5yo,2409.2
Kolhapur,Dark Brown,90,55,60,7.0,500,15,Wheat,19:19:19 NPK,https://youtu.be/VNptnPJt5yo,2555.8
Kolhapur,Dark Brown,95,55,60,7.0,500,15,Wheat,19:19:19 NPK,https://youtu.be/VNptnPJt5yo,1988.6
Kolhapur,Dark Brown,100,55,60,7.0,500,15,Wheat,19:19:19 NPK,https://youtu.be/VNptnPJt5yo,1979.5
Kolhapur,Dark Brown,60,40,50,7.5,600,20,Wheat,19:19:19 NPK,https://youtu.be/VNptnPJt5yo,2623.3
Kolhapur,Dark Brown,65,40,50,7.5,600,20,Wheat,19:19:19 NPK,https://youtu.be/VNptnPJt5yo,2112.7
Kolhapur,Dark Brown,70,40,50,7.5,600,20,Wheat,19:19:19 NPK,https://youtu.be/VNptnPJt5yo,1774.7
Kolhapur,Dark Brown,75,40,50,7.5,600,20,Wheat,19:19:19 NPK,https://youtu.be/VNptnPJt5yo,2419.8
Kolhapur,Dark Brown,80,40,50,7.5,600,20,Wheat,19:19:19 NPK,https://youtu.be/VNptnPJt5yo,2433.8
Kolhapur,Dark Brown,85,40,50,7.5,600,20,Wheat,19:19:19 NPK,https://youtu.be/VNptnPJt5yo,1751.2
Kolhapur,Dark Brown,90,40,50,7.5,600,20,Wheat,19:19:19 NPK,https://youtu.be/VNptnPJt5yo,2367.1
Kolhapur,Dark Brown,95,40,50,7.5,600,20,Wheat,19:19:19 NPK,https://youtu.be/VNptnPJt5yo,2550.2
Kolhapur,Dark Brown,100,40,50,7.5,600,20,Wheat,19:19:19 NPK,https://youtu.be/VNptnPJt5yo,2431.7
Kolhapur,Dark Brown,60,50,60,6.0,700,25,Wheat,19:19:19 NPK,https://youtu.be/VNptnPJt5yo,2531.7
Kolhapur,Dark Brown,65,50,60,6.0,700,25,Wheat,19:19:19 NPK,https://youtu.be/VNptnPJt5yo,1823.6
Kolhapur,Dark Brown,70,50,60,6.0,700,25,Wheat,19:19:19 NPK,https://youtu.be/VNptnPJt5yo,2440.7
Kolhapur,Dark Brown,75,50,60,6.0,700,25,Wheat,Urea,https://youtu.be/VNptnPJt5yo,2223.9
Kolhapur,Dark Brown,80,50,60,6.0,700,25,Wheat,Urea,https://youtu.be/VNptnPJt5yo,2166.6
Kolhapur,Dark Brown,85,50,60,6.0,700,25,Wheat,Urea,https://youtu.be/VNptnPJt5yo,2654.2
Kolhapur,Dark Brown,90,50,60,6.0,700,25,Wheat,Urea,https://youtu.be/VNptnPJt5yo,2879.1
Kolhapur,Dark Brown,95,50,60,6.0,700,25,Wheat,Urea,https://youtu.be/VNptnPJt5yo,3000.2
Kolhapur,Dark Brown,100,50,60,6.0,700,25,Wheat,Urea,https://youtu.be/VNptnPJt5yo,2836.9
Kolhapur,Dark Brown,60,55,40,6.5,800,15,Wheat,Urea,https://youtu.be/VNptnPJt5yo,2326.4
Kolhapur,Dark Brown,65,55,40,6.5,800,15,Wheat,Urea,https://youtu.be/VNptnPJt5yo,2499.7
Kolhapur,Dark Brown,70,55,40,6.5,800,15,Wheat,Urea,https://youtu.be/VNptnPJt5yo,2656.5
Kolhapur,Dark Brown,75,55,40,6.5,800,15,Wheat,Urea,https://youtu.be/VNptnPJt5yo,2430.6
Kolhapur,Dark Brown,80,55,40,6.5,800,15,Wheat,Urea,https://youtu.be/VNptnPJt5yo,2441.2
Kolhapur,Dark Brown,85,55,40,6.5,800,15,Wheat,Urea,https://youtu.be/VNptnPJt5yo,2700.6
Kolhapur,Dark Brown,90,55,40,6.5,800,15,Wheat,Urea,https://youtu.be/VNptnPJt5yo,2386.0
Kolhapur,Dark Brown,95,55,40,6.5,800,15,Wheat,Urea,https://youtu.be/VNptnPJt5yo,2147.5
Kolhapur,Dark Brown,100,55,40,6.5,800,15,Wheat,Urea,https://youtu.be/VNptnPJt5yo,2269.4
Kolhapur,Dark Brown,60,60,45,7.0,900,20,Wheat,Urea,https://youtu.be/VNptnPJt5yo,2576.3
Kolhapur,Dark Brown,65,60,45,7.0,900,20,Wheat,Urea,https://youtu.be/VNptnPJt5yo,2358.3
Kolhapur,Dark Brown,70,60,45,7.0,900,20,Wheat,Urea,https://youtu.be/VNptnPJt5yo,2486.1
Kolhapur,Dark Brown,75,60,45,7.0,900,20,Wheat,Urea,https://youtu.be/VNptnPJt5yo,2611.9
Kolhapur,Dark Brown,80,60,45,7.0,900,20,Wheat,Urea,https://youtu.be/VNptnPJt5yo,2242.6
Kolhapur,Dark Brown,85,60,45,7.0,900,20,Wheat,Urea,https://youtu.be/VNptnPJt5yo,2658.2
Kolhapur,Dark Brown,90,60,45,7.0,900,20,Wheat,Urea,https://youtu.be/VNptnPJt5yo,2529.0
Kolhapur,Dark Brown,95,60,45,7.0,900,20,Wheat,Urea,https://youtu.be/VNptnPJt5yo,1949.3
Kolhapur,Dark Brown,100,60,45,7.0,900,20,Wheat,Urea,https://youtu.be/VNptnPJt5yo,2931.5
Kolhapur,Dark Brown,60,40,55,7.5,1000,25,Wheat,Urea,https://youtu.be/VNptnPJt5yo,2117.9
Kolhapur,Dark Brown,65,40,55,7.5,1000,25,Wheat,19:19:19 NPK,https://youtu.be/VNptnPJt5yo,1721.7
Kolhapur,Dark Brown,70,40,55,7.5,1000,25,Wheat,19:19:19 NPK,https://youtu.be/VNptnPJt5yo,1940.1
Kolhapur,Dark Brown,75,40,55,7.5,1000,25,Wheat,19:19:19 NPK,https://youtu.be/VNptnPJt5yo,1954.2
Kolhapur,Dark Brown,80,40,55,7.5,1000,25,Wheat,19:19:19 NPK,https://youtu.be/VNptnPJt5yo,2337.4
Kolhapur,Dark Brown,85,40,55,7.5,1000,25,Wheat,19:19:19 NPK,https://youtu.be/VNptnPJt5yo,2229.2
Kolhapur,Dark Brown,90,40,55,7.5,1000,25,Wheat,19:19:19 NPK,https://youtu.be/VNptnPJt5yo,2213.4
Kolhapur,Dark Brown,95,40,55,7.5,1000,25,Wheat,19:19:19 NPK,https://youtu.be/VNptnPJt5yo,2559.2
Kolhapur,Dark Brown,100,40,55,7.5,1000,25,Wheat,19:19:19 NPK,https://youtu.be/VNptnPJt5yo,2467.1
Kolhapur,Dark Brown,60,45,60,6.0,500,15,Wheat,19:19:19 NPK,https://youtu.be/VNptnPJt5yo,2388.0
Kolhapur,Dark Brown,65,45,60,6.0,500,15,Wheat,19:19:19 NPK,https://youtu.be/VNptnPJt5yo,2427.7
Kolhapur,Dark Brown,70,45,60,6.0,500,15,Wheat,19:19:19 NPK,https://youtu.be/VNptnPJt5yo,2506.7
Kolhapur,Dark Brown,75,45,60,6.0,500,15,Wheat,19:19:19 NPK,https://youtu.be/VNptnPJt5yo,1564.2
Kolhapur,Dark Brown,80,45,60,6.0,500,15,Wheat,19:19:19 NPK,https://youtu.be/VNptnPJt5yo,2178.8
Kolhapur,Dark Brown,85,45,60,6.0,500,15,Wheat,19:19:19 NPK,https://youtu.be/VNptnPJt5yo,1548.2
Kolhapur,Dark Brown,90,45,60,6.0,500,15,Wheat,19:19:19 NPK,https://youtu.be/VNptnPJt5yo,2332.7
Kolhapur,Dark Brown,95,45,60,6.0,500,15,Wheat,19:19:19 NPK,https://youtu.be/VNptnPJt5yo,2325.2
Kolhapur,Dark Brown,100,45,60,6.0,500,15,Wheat,19:19:19 NPK,https://youtu.be/VNptnPJt5yo,2703.8
Kolhapur,Dark Brown,60,50,40,6.5,600,20,Wheat,19:19:19 NPK,https://youtu.be/VNptnPJt5yo,2754.2
Kolhapur,Dark Brown,65,50,40,6.5,600,20,Wheat,19:19:19 NPK,https://youtu.be/VNptnPJt5yo,2412.8
Kolhapur,Dark Brown,70,50,40,6.5,600,20,Wheat,19:19:19 NPK,https://youtu.be/VNptnPJt5yo,2169.6
Kolhapur,Dark Brown,75,50,40,6.5,600,20,Wheat,19:19:19 NPK,https://youtu.be/VNptnPJt5yo,2528.0
Kolhapur,Dark Brown,80,50,40,6.5,600,20,Wheat,19:19:19 NPK,https://youtu.be/VNptnPJt5yo,2172.6
Kolhapur,Dark Brown,85,50,40,6.5,600,20,Wheat,19:19:19 NPK,https://youtu.be/VNptnPJt5yo,2368.2
Kolhapur,Dark Brown,90,50,40,6.5,600,20,Wheat,19:19:19 NPK,https://youtu.be/VNptnPJt5yo,2731.0
Kolhapur,Dark Brown,95,50,40,6.5,600,20,Wheat,19:19:19 NPK,https://youtu.be/VNptnPJt5yo,2181.1
Kolhapur,Dark Brown,100,50,40,6.5,600,20,Wheat,Urea,https://youtu.be/VNptnPJt5yo,2681.6
Kolhapur,Dark Brown,60,55,45,7.0,700,25,Wheat,Urea,https://youtu.be/VNptnPJt5yo,2557.1
Kolhapur,Dark Brown,65,55,45,7.0,700,25,Wheat,Urea,https://youtu.be/VNptnPJt5yo,1988.9
Kolhapur,Dark Brown,70,55,45,7.0,700,25,Wheat,Urea,https://youtu.be/VNptnPJt5yo,2677.1
Kolhapur,Dark Brown,75,55,45,7.0,700,25,Wheat,Urea,https://youtu.be/VNptnPJt5yo,2587.3
Kolhapur,Dark Brown,80,55,45,7.0,700,25,Wheat,Urea,https://youtu.be/VNptnPJt5yo,2382.6
Kolhapur,Dark Brown,85,55,45,7.0,700,25,Wheat,Urea,https://youtu.be/VNptnPJt5yo,2081.1
Kolhapur,Dark Brown,90,55,45,7.0,700,25,Wheat,Urea,https://youtu.be/VNptnPJt5yo,2052.5
Kolhapur,Dark Brown,95,55,45,7.0,700,25,Wheat,Urea,https://youtu.be/VNptnPJt5yo,2173.9
Kolhapur,Dark Brown,100,55,45,7.0,700,25,Wheat,Urea,https://youtu.be/VNptnPJt5yo,2569.2
Kolhapur,Dark Brown,60,60,50,7.5,800,15,Wheat,Urea,https://youtu.be/VNptnPJt5yo,1969.4
Kolhapur,Dark Brown,65,60,50,7.5,800,15,Wheat,Urea,https://youtu.be/VNptnPJt5yo,2463.3
Kolhapur,Dark Brown,70,60,50,7.5,800,15,Wheat,Urea,https://youtu.be/VNptnPJt5yo,1880.5
Kolhapur,Dark Brown,75,60,50,7.5,800,15,Wheat,Urea,https://youtu.be/VNptnPJt5yo,2251.7
Kolhapur,Dark Brown,80,60,50,7.5,800,15,Wheat,Urea,https://youtu.be/VNptnPJt5yo,2369.1
Kolhapur,Dark Brown,85,60,50,7.5,800,15,Wheat,Urea,https://youtu.be/VNptnPJt5yo,3203.8
Kolhapur,Dark Brown,90,60,50,7.5,800,15,Wheat,Urea,https://youtu.be/VNptnPJt5yo,1854.2
Kolhapur,Dark Brown,95,60,50,7.5,800,15,Wheat,Urea,https://youtu.be/VNptnPJt5yo,2875.4
Kolhapur,Dark Brown,100,60,50,7.5,800,15,Wheat,Urea,https://youtu.be/VNptnPJt5yo,2411.0
Kolhapur,Dark Brown,60,40,60,6.0,900,20,Wheat,Urea,https://youtu.be/VNptnPJt5yo,2460.4
Kolhapur,Dark Brown,65,40,60,6.0,900,20,Wheat,Urea,https://youtu.be/VNptnPJt5yo,2364.5
Kolhapur,Dark Brown,70,40,60,6.0,900,20,Wheat,Urea,https://youtu.be/VNptnPJt5yo,2486.9
Kolhapur,Dark Brown,75,40,60,6.0,900,20,Wheat,Urea,https://youtu.be/VNptnPJt5yo,2282.1
Kolhapur,Dark Brown,80,40,60,6.0,900,20,Wheat,Urea,https://youtu.be/VNptnPJt5yo,2860.3
Kolhapur,Dark Brown,85,40,60,6.0,900,20,Wheat,Urea,https://youtu.be/VNptnPJt5yo,2187.6
Kolhapur,Dark Brown,90,40,60,6.0,900,20,Wheat,19:19:19 NPK,https://youtu.be/VNptnPJt5yo,2762.0
Kolhapur,Dark Brown,95,40,60,6.0,900,20,Wheat,19:19:19 NPK,https://youtu.be/VNptnPJt5yo,2133.0
Kolhapur,Dark Brown,100,40,60,6.0,900,20,Wheat,19:19:19 NPK,https://youtu.be/VNptnPJt5yo,2349.3
Kolhapur,Dark Brown,60,45,40,6.5,1000,25,Wheat,19:19:19 NPK,https://youtu.be/VNptnPJt5yo,1986.0
Kolhapur,Dark Brown,65,45,40,6.5,1000,25,Wheat,19:19:19 NPK,https://youtu.be/VNptnPJt5yo,2542.7
Kolhapur,Dark Brown,70,45,40,6.5,1000,25,Wheat,19:19:19 NPK,https://youtu.be/VNptnPJt5yo,2908.4
Kolhapur,Dark Brown,75,45,40,6.5,1000,25,Wheat,19:19:19 NPK,https://youtu.be/VNptnPJt5yo,2364.5
Kolhapur,Dark Brown,80,45,40,6.5,1000,25,Wheat,19:19:19 NPK,https://youtu.be/VNptnPJt5yo,2327.9
Kolhapur,Dark Brown,85,45,40,6.5,1000,25,Wheat,19:19:19 NPK,https://youtu.be/VNptnPJt5yo,1999.7
Kolhapur,Dark Brown,90,45,40,6.5,1000,25,Wheat,19:19:19 NPK,https://youtu.be/VNptnPJt5yo,2329.5
Kolhapur,Dark Brown,95,45,40,6.5,1000,25,Wheat,19:19:19 NPK,https://youtu.be/VNptnPJt5yo,1835.7
Kolhapur,Dark Brown,100,45,40,6.5,1000,25,Wheat,19:19:19 NPK,https://youtu.be/VNptnPJt5yo,2091.3
Kolhapur,Dark Brown,60,50,45,7.0,500,15,Wheat,19:19:19 NPK,https://youtu.be/VNptnPJt5yo,2366.0
Kolhapur,Dark Brown,65,50,45,7.0,500,15,Wheat,19:19:19 NPK,https://youtu.be/VNptnPJt5yo,2753.2
Kolhapur,Dark Brown,70,50,45,7.0,500,15,Wheat,19:19:19 NPK,https://youtu.be/VNptnPJt5yo,3281.5
Kolhapur,Dark Brown,75,50,45,7.0,500,15,Wheat,19:19:19 NPK,https://youtu.be/VNptnPJt5yo,2102.6
Kolhapur,Dark Brown,80,50,45,7.0,500,15,Wheat,19:19:19 NPK,https://youtu.be/VNptnPJt5yo,2818.8
Kolhapur,Dark Brown,85,50,45,7.0,500,15,Wheat,19:19:19 NPK,https://youtu.be/VNptnPJt5yo,2407.5
Kolhapur,Dark Brown,90,50,45,7.0,500,15,Wheat,19:19:19 NPK,https://youtu.be/VNptnPJt5yo,2275.2
Kolhapur,Dark Brown,95,50,45,7.0,500,15,Wheat,19:19:19 NPK,https://youtu.be/VNptnPJt5yo,2488.7
Kolhapur,Dark Brown,100,50,45,7.0,500,15,Wheat,19:19:19 NPK,https://youtu.be/VNptnPJt5yo,2364.3
Kolhapur,Dark Brown,60,55,50,7.5,600,20,Wheat,19:19:19 NPK,https://youtu.be/VNptnPJt5yo,2310.3
Kolhapur,Dark Brown,65,55,50,7.5,600,20,Wheat,19:19:19 NPK,https://youtu.be/VNptnPJt5yo,2137.9
Kolhapur,Dark Brown,70,55,50,7.5,600,20,Wheat,19:19:19 NPK,https://youtu.be/VNptnPJt5yo,1801.1
Kolhapur,Dark Brown,75,55,50,7.5,600,20,Wheat,19:19:19 NPK,https://youtu.be/VNptnPJt5yo,1755.8
Kolhapur,Dark Brown,80,55,50,7.5,600,20,Wheat,Urea,https://youtu.be/VNptnPJt5yo,2527.1
Kolhapur,Dark Brown,85,55,50,7.5,600,20,Wheat,Urea,https://youtu.be/VNptnPJt5yo,2209.3
Kolhapur,Dark Brown,90,55,50,7.5,600,20,Wheat,Urea,https://youtu.be/VNptnPJt5yo,2103.8
Kolhapur,Dark Brown,95,55,50,7.5,600,20,Wheat,Urea,https://youtu.be/VNptnPJt5yo,2322.6
Kolhapur,Dark Brown,100,55,50,7.5,600,20,Wheat,Urea,https://youtu.be/VNptnPJt5yo,2606.9
Kolhapur,Dark Brown,60,60,55,6.0,700,25,Wheat,Urea,https://youtu.be/VNptnPJt5yo,2391.1
Kolhapur,Dark Brown,65,60,55,6.0,700,25,Wheat,Urea,https://youtu.be/VNptnPJt5yo,2102.0
Kolhapur,Dark Brown,70,60,55,6.0,700,25,Wheat,Urea,https://youtu.be/VNptnPJt5yo,2776.6
Kolhapur,Dark Brown,75,60,55,6.0,700,25,Wheat,Urea,https://youtu.be/VNptnPJt5yo,2910.4
Kolhapur,Dark Brown,80,60,55,6.0,700,25,Wheat,Urea,https://youtu.be/VNptnPJt5yo,2531.6
Kolhapur,Dark Brown,85,60,55,6.0,700,25,Wheat,Urea,https://youtu.be/VNptnPJt5yo,2710.6
Kolhapur,Dark Brown,90,60,55,6.0,700,25,Wheat,Urea,https://youtu.be/VNptnPJt5yo,2814.8
Kolhapur,Dark Brown,95,60,55,6.0,700,25,Wheat,Urea,https://youtu.be/VNptnPJt5yo,2782.7
Kolhapur,Dark Brown,100,60,55,6.0,700,25,Wheat,Urea,https://youtu.be/VNptnPJt5yo,2604.3
Kolhapur,Black,20,30,20,6.0,500,25,Groundnut,Chilated Micronutrient,https://youtu.be/xW8wji2zjcU,1411.6
Kolhapur,Black,25,30,20,6.0,500,25,Groundnut,Chilated Micronutrient,https://youtu.be/xW8wji2zjcU,1396.1
Kolhapur,Black,30,30,20,6.0,500,25,Groundnut,Chilated Micronutrient,https://youtu.be/xW8wji2zjcU,989.5
Kolhapur,Black,20,35,25,6.5,600,30,Groundnut,Chilated Micronutrient,https://youtu.be/xW8wji2zjcU,1472.6
Kolhapur,Black,25,35,25,6.5,600,30,Groundnut,Chilated Micronutrient,https://youtu.be/xW8wji2zjcU,943.4
Kolhapur,Black,30,35,25,6.5,600,30,Groundnut,Chilated Micronutrient,https://youtu.be/xW8wji2zjcU,1092.4
Kolhapur,Black,20,40,20,7.0,500,25,Groundnut,Chilated Micronutrient,https://youtu.be/xW8wji2zjcU,1602.1
Kolhapur,Black,25,40,20,7.0,500,25,Groundnut,Chilated Micronutrient,https://youtu.be/xW8wji2zjcU,1488.8
Kolhapur,Black,30,40,20,7.0,500,25,Groundnut,Chilated Micronutrient,https://youtu.be/xW8wji2zjcU,1659.1
Kolhapur,Black,20,30,25,7.5,600,30,Groundnut,SSP,https://youtu.be/xW8wji2zjcU,1179.8
Kolhapur,Black,25,30,25,7.5,600,30,Groundnut,SSP,https://youtu.be/xW8wji2zjcU,962.6
Kolhapur,Black,30,30,25,7.5,600,30,Groundnut,SSP,https://youtu.be/xW8wji2zjcU,1195.0
Kolhapur,Black,20,35,20,6.0,500,25,Groundnut,SSP,https://youtu.be/xW8wji2zjcU,1291.3
Kolhapur,Black,25,35,20,6.0,500,25,Groundnut,SSP,https://youtu.be/xW8wji2zjcU,1289.4
Kolhapur,Black,30,35,20,6.0,500,25,Groundnut,SSP,https://youtu.be/xW8wji2zjcU,1562.5
Kolhapur,Black,20,40,25,6.5,600,30,Groundnut,SSP,https://youtu.be/xW8wji2zjcU,1202.5
Kolhapur,Black,25,40,25,6.5,600,30,Groundnut,SSP,https://youtu.be/xW8wji2zjcU,1392.0
Kolhapur,Black,30,40,25,6.5,600,30,Groundnut,SSP,https://youtu.be/xW8wji2zjcU,1045.9
Kolhapur,Black,50,25,30,6.0,500,25,Groundnut,Chilated Micronutrient,https://youtu.be/xW8wji2zjcU,1394.6
Kolhapur,Black,55,25,30,6.0,500,25,Groundnut,Chilated Micronutrient,https://youtu.be/xW8wji2zjcU,1283.9
Kolhapur,Black,60,25,30,6.0,500,25,Groundnut,Chilated Micronutrient,https://youtu.be/xW8wji2zjcU,1093.7
Kolhapur,Black,50,30,35,6.5,600,30,Groundnut,Chilated Micronutrient,https://youtu.be/xW8wji2zjcU,1248.4
Kolhapur,Black,55,30,35,6.5,600,30,Groundnut,Chilated Micronutrient,https://youtu.be/xW8wji2zjcU,1265.8
Kolhapur,Black,60,30,35,6.5,600,30,Groundnut,Chilated Micronutrient,https://youtu.be/xW8wji2zjcU,1247.0
Kolhapur,Black,50,25,40,7.0,500,25,Groundnut,Chilated Micronutrient,https://youtu.be/xW8wji2zjcU,1733.2
Kolhapur,Black,55,25,40,7.0,500,25,Groundnut,Chilated Micronutrient,https://youtu.be/xW8wji2zjcU,1257.8
Kolhapur,Black,60,25,40,7.0,500,25,Groundnut,Chilated Micronutrient,https://youtu.be/xW8wji2zjcU,1224.2
Kolhapur,Black,50,30,30,7.5,600,30,Groundnut,SSP,https://youtu.be/xW8wji2zjcU,736.8
Kolhapur,Black,55,30,30,7.5,600,30,Groundnut,SSP,https://youtu.be/xW8wji2zjcU,1046.5
Kolhapur,Black,60,30,30,7.5,600,30,Groundnut,SSP,https://youtu.be/xW8wji2zjcU,1211.4
Kolhapur,Black,50,25,35,6.0,500,25,Groundnut,SSP,https://youtu.be/xW8wji2zjcU,1103.4
Kolhapur,Black,55,25,35,6.0,500,25,Groundnut,SSP,https://youtu.be/xW8wji2zjcU,1638.4
Kolhapur,Black,60,25,35,6.0,500,25,Groundnut,SSP,https://youtu.be/xW8wji2zjcU,1244.5
Kolhapur,Black,50,30,40,6.5,600,30,Groundnut,SSP,https://youtu.be/xW8wji2zjcU,1648.6
Kolhapur,Black,55,30,40,6.5,600,30,Groundnut,SSP,https://youtu.be/xW8wji2zjcU,1330.6
Kolhapur,Black,60,30,40,6.5,600,30,Groundnut,SSP,https://youtu.be/xW8wji2zjcU,1328.2
Kolhapur,Black,40,20,20,5.5,500,25,Groundnut,Chilated Micronutrient,https://youtu.be/xW8wji2zjcU,1224.9
Kolhapur,Black,45,20,20,5.5,500,25,Groundnut,Chilated Micronutrient,https://youtu.be/xW8wji2zjcU,1251.9
Kolhapur,Black,50,20,20,5.5,500,25,Groundnut,Chilated Micronutrient,https://youtu.be/xW8wji2zjcU,1687.0
Kolhapur,Black,40,30,30,6.0,600,30,Groundnut,Chilated Micronutrient,https://youtu.be/xW8wji2zjcU,686.6
Kolhapur,Black,45,30,30,6.0,600,30,Groundnut,Chilated Micronutrient,https://youtu.be/xW8wji2zjcU,770.7
Kolhapur,Black,50,30,30,6.0,600,30,Groundnut,Chilated Micronutrient,https://youtu.be/xW8wji2zjcU,1150.2
Kolhapur,Black,40,20,30,6.5,500,25,Groundnut,Chilated Micronutrient,https://youtu.be/xW8wji2zjcU,1289.4
Kolhapur,Black,45,20,30,6.5,500,25,Groundnut,Chilated Micronutrient,https://youtu.be/xW8wji2zjcU,1468.0
Kolhapur,Black,50,20,30,6.5,500,25,Groundnut,Chilated Micronutrient,https://youtu.be/xW8wji2zjcU,1416.3
Kolhapur,Black,40,30,20,7.0,600,30,Groundnut,SSP,https://youtu.be/xW8wji2zjcU,1184.0
Kolhapur,Black,45,30,20,7.0,600,30,Groundnut,SSP,https://youtu.be/xW8wji2zjcU,1549.5
Kolhapur,Black,50,30,20,7.0,600,30,Groundnut,SSP,https://youtu.be/xW8wji2zjcU,1557.1
Kolhapur,Dark Brown,120,60,40,6.0,500,20,Maize,Urea,https://youtu.be/nZxrPsXAJE8,2527.6
Kolhapur,Dark Brown,125,60,40,6.0,500,20,Maize,Urea,https://youtu.be/nZxrPsXAJE9,2899.0
Kolhapur,Dark Brown,130,60,40,6.0,500,20,Maize,Urea,https://youtu.be/nZxrPsXAJE10,2583.7
Kolhapur,Dark Brown,135,60,40,6.0,500,20,Maize,Urea,https://youtu.be/nZxrPsXAJE11,2198.7
Kolhapur,Dark Brown,140,60,40,6.0,500,20,Maize,Urea,https://youtu.be/nZxrPsXAJE12,2799.0
Kolhapur,Dark Brown,145,60,40,6.0,500,20,Maize,Urea,https://youtu.be/nZxrPsXAJE13,2529.2
Kolhapur,Dark Brown,150,60,40,6.0,500,20,Maize,Urea,https://youtu.be/nZxrPsXAJE14,2484.5
Kolhapur,Dark Brown,120,65,45,6.5,600,25,Maize,Urea,https://youtu.be/nZxrPsXAJE15,3202.9
Kolhapur,Dark Brown,125,65,45,6.5,600,25,Maize,Urea,https://youtu.be/nZxrPsXAJE16,1333.5
Kolhapur,Dark Brown,130,65,45,6.5,600,25,Maize,Urea,https://youtu.be/nZxrPsXAJE17,1833.4
Kolhapur,Dark Brown,135,65,45,6.5,600,25,Maize,Urea,https://youtu.be/nZxrPsXAJE18,1949.6
Kolhapur,Dark Brown,140,65,45,6.5,600,25,Maize,Urea,https://youtu.be/nZxrPsXAJE19,2352.9
Kolhapur,Dark Brown,145,65,45,6.5,600,25,Maize,Urea,https://youtu.be/nZxrPsXAJE20,2412.1
Kolhapur,Dark Brown,150,65,45,6.5,600,25,Maize,Urea,https://youtu.be/nZxrPsXAJE21,1810.6
Kolhapur,Dark Brown,120,70,50,7.0,700,30,Maize,Urea,https://youtu.be/nZxrPsXAJE22,2015.6
Kolhapur,Dark Brown,125,70,50,7.0,700,30,Maize,Urea,https://youtu.be/nZxrPsXAJE23,2080.5
Kolhapur,Dark Brown,130,70,50,7.0,700,30,Maize,Urea,https://youtu.be/nZxrPsXAJE24,3668.6
Kolhapur,Dark Brown,135,70,50,7.0,700,30,Maize,Urea,https://youtu.be/nZxrPsXAJE25,3365.4
Kolhapur,Dark Brown,140,70,50,7.0,700,30,Maize,Urea,https://youtu.be/nZxrPsXAJE26,2313.4
Kolhapur,Dark Brown,145,70,50,7.0,700,30,Maize,Urea,https://youtu.be/nZxrPsXAJE27,2343.1
Kolhapur,Dark Brown,150,70,50,7.0,700,30,Maize,Urea,https://youtu.be/nZxrPsXAJE28,1970.8
Kolhapur,Dark Brown,120,75,55,7.5,500,20,Maize,Urea,https://youtu.be/nZxrPsXAJE29,1544.8
Kolhapur,Dark Brown,125,75,55,7.5,500,20,Maize,Urea,https://youtu.be/nZxrPsXAJE30,2383.0
Kolhapur,Dark Brown,130,75,55,7.5,500,20,Maize,Urea,https://youtu.be/nZxrPsXAJE31,1978.5
Kolhapur,Dark Brown,135,75,55,7.5,500,20,Maize,Urea,https://youtu.be/nZxrPsXAJE32,2411.6
Kolhapur,Dark Brown,140,75,55,7.5,500,20,Maize,Urea,https://youtu.be/nZxrPsXAJE33,1707.0
Kolhapur,Dark Brown,145,75,55,7.5,500,20,Maize,Urea,https://youtu.be/nZxrPsXAJE34,2106.4
Kolhapur,Dark Brown,150,75,55,7.5,500,20,Maize,Urea,https://youtu.be/nZxrPsXAJE35,2542.2
Kolhapur,Dark Brown,120,80,60,6.0,600,25,Maize,Urea,https://youtu.be/nZxrPsXAJE36,2662.6
Kolhapur,Dark Brown,125,80,60,6.0,600,25,Maize,Urea,https://youtu.be/nZxrPsXAJE37,2694.6
Kolhapur,Dark Brown,130,80,60,6.0,600,25,Maize,Urea,https://youtu.be/nZxrPsXAJE38,1871.5
Kolhapur,Dark Brown,135,80,60,6.0,600,25,Maize,Urea,https://youtu.be/nZxrPsXAJE39,2919.3
Kolhapur,Dark Brown,140,80,60,6.0,600,25,Maize,Urea,https://youtu.be/nZxrPsXAJE40,2132.1
Kolhapur,Dark Brown,145,80,60,6.0,600,25,Maize,Urea,https://youtu.be/nZxrPsXAJE41,2828.8
Kolhapur,Dark Brown,150,80,60,6.0,600,25,Maize,Urea,https://youtu.be/nZxrPsXAJE42,2525.6
Kolhapur,Dark Brown,120,60,45,6.5,700,30,Maize,SSP,https://youtu.be/nZxrPsXAJE43,1844.9
Kolhapur,Dark Brown,125,60,45,6.5,700,30,Maize,SSP,https://youtu.be/nZxrPsXAJE44,2358.3
Kolhapur,Dark Brown,130,60,45,6.5,700,30,Maize,SSP,https://youtu.be/nZxrPsXAJE45,2692.6
Kolhapur,Dark Brown,135,60,45,6.5,700,30,Maize,SSP,https://youtu.be/nZxrPsXAJE46,2819.6
Kolhapur,Dark Brown,140,60,45,6.5,700,30,Maize,SSP,https://youtu.be/nZxrPsXAJE47,2463.1
Kolhapur,Dark Brown,145,60,45,6.5,700,30,Maize,SSP,https://youtu.be/nZxrPsXAJE48,3281.0
Kolhapur,Dark Brown,150,60,45,6.5,700,30,Maize,SSP,https://youtu.be/nZxrPsXAJE49,3035.3
Kolhapur,Dark Brown,120,65,50,7.0,500,20,Maize,SSP,https://youtu.be/nZxrPsXAJE50,2330.4
Kolhapur,Dark Brown,125,65,50,7.0,500,20,Maize,SSP,https://youtu.be/nZxrPsXAJE51,2809.6
Kolhapur,Dark Brown,130,65,50,7.0,500,20,Maize,SSP,https://youtu.be/nZxrPsXAJE52,3374.8
Kolhapur,Dark Brown,135,65,50,7.0,500,20,Maize,SSP,https://youtu.be/nZxrPsXAJE53,3397.0
Kolhapur,Dark Brown,140,65,50,7.0,500,20,Maize,SSP,https://youtu.be/nZxrPsXAJE54,1897.4
Kolhapur,Dark Brown,145,65,50,7.0,500,20,Maize,SSP,https://youtu.be/nZxrPsXAJE55,2045.8
Kolhapur,Dark Brown,150,65,50,7.0,500,20,Maize,SSP,https://youtu.be/nZxrPsXAJE56,3199.6
Kolhapur,Dark Brown,120,70,55,7.5,600,25,Maize,SSP,https://youtu.be/nZxrPsXAJE57,1941.6
Kolhapur,Dark Brown,125,70,55,7.5,600,25,Maize,SSP,https://youtu.be/nZxrPsXAJE58,1824.0
Kolhapur,Dark Brown,130,70,55,7.5,600,25,Maize,SSP,https://youtu.be/nZxrPsXAJE59,2220.0
Kolhapur,Dark Brown,135,70,55,7.5,600,25,Maize,SSP,https://youtu.be/nZxrPsXAJE60,2651.1
Kolhapur,Dark Brown,140,70,55,7.5,600,25,Maize,SSP,https://youtu.be/nZxrPsXAJE61,2413.0
Kolhapur,Dark Brown,145,70,55,7.5,600,25,Maize,SSP,https://youtu.be/nZxrPsXAJE62,2161.4
Kolhapur,Dark Brown,150,70,55,7.5,600,25,Maize,SSP,https://youtu.be/nZxrPsXAJE63,2156.3
Kolhapur,Dark Brown,120,75,60,6.0,700,30,Maize,SSP,https://youtu.be/nZxrPsXAJE64,2152.6
Kolhapur,Dark Brown,125,75,60,6.0,700,30,Maize,SSP,https://youtu.be/nZxrPsXAJE65,2078.9
Kolhapur,Dark Brown,130,75,60,6.0,700,30,Maize,SSP,https://youtu.be/nZxrPsXAJE66,3597.4
Kolhapur,Dark Brown,135,75,60,6.0,700,30,Maize,SSP,https://youtu.be/nZxrPsXAJE67,2655.4
Kolhapur,Dark Brown,140,75,60,6.0,700,30,Maize,SSP,https://youtu.be/nZxrPsXAJE68,2946.4
Kolhapur,Dark Brown,145,75,60,6.0,700,30,Maize,SSP,https://youtu.be/nZxrPsXAJE69,2290.7
Kolhapur,Dark Brown,150,75,60,6.0,700,30,Maize,SSP,https://youtu.be/nZxrPsXAJE70,2443.7
Kolhapur,Dark Brown,120,80,40,6.5,500,20,Maize,SSP,https://youtu.be/nZxrPsXAJE71,2171.9
Kolhapur,Dark Brown,125,80,40,6.5,500,20,Maize,SSP,https://youtu.be/nZxrPsXAJE72,1244.7
Kolhapur,Dark Brown,130,80,40,6.5,500,20,Maize,SSP,https://youtu.be/nZxrPsXAJE73,1863.4
Kolhapur,Dark Brown,135,80,40,6.5,500,20,Maize,SSP,https://youtu.be/nZxrPsXAJE74,1659.1
Kolhapur,Dark Brown,140,80,40,6.5,500,20,Maize,SSP,https://youtu.be/nZxrPsXAJE75,1450.5
Kolhapur,Dark Brown,145,80,40,6.5,500,20,Maize,SSP,https://youtu.be/nZxrPsXAJE76,1968.1
Kolhapur,Dark Brown,150,80,40,6.5,500,20,Maize,SSP,https://youtu.be/nZxrPsXAJE77,3204.5
Kolhapur,Dark Brown,120,60,50,7.0,600,25,Maize,MOP,https://youtu.be/nZxrPsXAJE78,2432.6
Kolhapur,Dark Brown,125,60,50,7.0,600,25,Maize,MOP,https://youtu.be/nZxrPsXAJE79,3066.9
Kolhapur,Dark Brown,130,60,50,7.0,600,25,Maize,MOP,https://youtu.be/nZxrPsXAJE80,2661.2
Kolhapur,Dark Brown,135,60,50,7.0,600,25,Maize,MOP,https://youtu.be/nZxrPsXAJE81,2844.4
Kolhapur,Dark Brown,140,60,50,7.0,600,25,Maize,MOP,https://youtu.be/nZxrPsXAJE82,2054.6
Kolhapur,Dark Brown,145,60,50,7.0,600,25,Maize,MOP,https://youtu.be/nZxrPsXAJE83,2737.6
Kolhapur,Dark Brown,150,60,50,7.0,600,25,Maize,MOP,https://youtu.be/nZxrPsXAJE84,2842.9
Kolhapur,Dark Brown,120,65,55,7.5,700,30,Maize,MOP,https://youtu.be/nZxrPsXAJE85,2168.0
Kolhapur,Dark Brown,125,65,55,7.5,700,30,Maize,MOP,https://youtu.be/nZxrPsXAJE86,2704.3
Kolhapur,Dark Brown,130,65,55,7.5,700,30,Maize,MOP,https://youtu.be/nZxrPsXAJE87,2715.1
Kolhapur,Dark Brown,135,65,55,7.5,700,30,Maize,MOP,https://youtu.be/nZxrPsXAJE88,2199.2
Kolhapur,Dark Brown,140,65,55,7.5,700,30,Maize,MOP,https://youtu.be/nZxrPsXAJE89,1935.6
Kolhapur,Dark Brown,145,65,55,7.5,700,30,Maize,MOP,https://youtu.be/nZxrPsXAJE90,1912.1
Kolhapur,Dark Brown,150,65,55,7.5,700,30,Maize,MOP,https://youtu.be/nZxrPsXAJE91,2518.8
Kolhapur,Dark Brown,120,70,60,6.0,500,20,Maize,MOP,https://youtu.be/nZxrPsXAJE92,2612.9
Kolhapur,Dark Brown,125,70,60,6.0,500,20,Maize,MOP,https://youtu.be/nZxrPsXAJE93,2093.0
Kolhapur,Dark Brown,130,70,60,6.0,500,20,Maize,MOP,https://youtu.be/nZxrPsXAJE94,2485.9
Kolhapur,Dark Brown,135,70,60,6.0,500,20,Maize,MOP,https://youtu.be/nZxrPsXAJE95,2750.7
Kolhapur,Dark Brown,140,70,60,6.0,500,20,Maize,MOP,https://youtu.be/nZxrPsXAJE96,2781.1
Kolhapur,Dark Brown,145,70,60,6.0,500,20,Maize,MOP,https://youtu.be/nZxrPsXAJE97,3233.7
Kolhapur,Dark Brown,150,70,60,6.0,500,20,Maize,MOP,https://youtu.be/nZxrPsXAJE98,3111.5
Kolhapur,Dark Brown,120,75,40,6.5,600,25,Maize,MOP,https://youtu.be/nZxrPsXAJE99,2036.2
Kolhapur,Dark Brown,125,75,40,6.5,600,25,Maize,MOP,https://youtu.be/nZxrPsXAJE100,3336.5
Kolhapur,Dark Brown,130,75,40,6.5,600,25,Maize,MOP,https://youtu.be/nZxrPsXAJE101,2275.1
Kolhapur,Dark Brown,135,75,40,6.5,600,25,Maize,MOP,https://youtu.be/nZxrPsXAJE102,3045.6
Kolhapur,Dark Brown,140,75,40,6.5,600,25,Maize,MOP,https://youtu.be/nZxrPsXAJE103,2579.2
Kolhapur,Dark Brown,145,75,40,6.5,600,25,Maize,MOP,https://youtu.be/nZxrPsXAJE104,2352.3
Kolhapur,Dark Brown,150,75,40,6.5,600,25,Maize,MOP,https://youtu.be/nZxrPsXAJE105,1676.5
Kolhapur,Dark Brown,120,80,45,7.0,700,30,Maize,MOP,https://youtu.be/nZxrPsXAJE106,2418.4
Kolhapur,Dark Brown,125,80,45,7.0,700,30,Maize,MOP,https://youtu.be/nZxrPsXAJE107,1760.6
Kolhapur,Dark Brown,130,80,45,7.0,700,30,Maize,MOP,https://youtu.be/nZxrPsXAJE108,2978.9
Kolhapur,Dark Brown,135,80,45,7.0,700,30,Maize,MOP,https://youtu.be/nZxrPsXAJE109,3251.8
Kolhapur,Dark Brown,140,80,45,7.0,700,30,Maize,MOP,https://youtu.be/nZxrPsXAJE110,2143.6
Kolhapur,Dark Brown,145,80,45,7.0,700,30,Maize,MOP,https://youtu.be/nZxrPsXAJE111,2681.7
Kolhapur,Dark Brown,150,80,45,7.0,700,30,Maize,MOP,https://youtu.be/nZxrPsXAJE112,2190.3
Kolhapur,Dark Brown,120,60,55,7.5,500,20,Maize,Urea,https://youtu.be/nZxrPsXAJE113,2115.9
Kolhapur,Dark Brown,125,60,55,7.5,500,20,Maize,Urea,https://youtu.be/nZxrPsXAJE114,2768.2
Kolhapur,Dark Brown,130,60,55,7.5,500,20,Maize,Urea,https://youtu.be/nZxrPsXAJE115,2400.6
Kolhapur,Dark Brown,135,60,55,7.5,500,20,Maize,Urea,https://youtu.be/nZxrPsXAJE116,3231.1
Kolhapur,Dark Brown,140,60,55,7.5,500,20,Maize,Urea,https://youtu.be/nZxrPsXAJE117,2208.2
Kolhapur,Dark Brown,145,60,55,7.5,500,20,Maize,Urea,https://youtu.be/nZxrPsXAJE118,2904.7
Kolhapur,Dark Brown,150,60,55,7.5,500,20,Maize,Urea,https://youtu.be/nZxrPsXAJE119,2491.6
Kolhapur,Dark Brown,120,65,60,6.0,600,25,Maize,Urea,https://youtu.be/nZxrPsXAJE120,2836.4
Kolhapur,Dark Brown,125,65,60,6.0,600,25,Maize,Urea,https://youtu.be/nZxrPsXAJE121,2258.4
Kolhapur,Dark Brown,130,65,60,6.0,600,25,Maize,Urea,https://youtu.be/nZxrPsXAJE122,2452.9
Kolhapur,Dark Brown,135,65,60,6.0,600,25,Maize,Urea,https://youtu.be/nZxrPsXAJE123,2428.6
Kolhapur,Dark Brown,140,65,60,6.0,600,25,Maize,Urea,https://youtu.be/nZxrPsXAJE124,2092.7
Kolhapur,Dark Brown,145,65,60,6.0,600,25,Maize,Urea,https://youtu.be/nZxrPsXAJE125,2813.2
Kolhapur,Dark Brown,150,65,60,6.0,600,25,Maize,Urea,https://youtu.be/nZxrPsXAJE126,2815.4
Kolhapur,Dark Brown,120,70,40,6.5,700,30,Maize,Urea,https://youtu.be/nZxrPsXAJE127,2806.3
Kolhapur,Dark Brown,125,70,40,6.5,700,30,Maize,Urea,https://youtu.be/nZxrPsXAJE128,3269.6
Kolhapur,Dark Brown,130,70,40,6.5,700,30,Maize,Urea,https://youtu.be/nZxrPsXAJE129,3236.4
Kolhapur,Dark Brown,135,70,40,6.5,700,30,Maize,Urea,https://youtu.be/nZxrPsXAJE130,2359.9
Kolhapur,Dark Brown,140,70,40,6.5,700,30,Maize,Urea,https://youtu.be/nZxrPsXAJE131,2730.7
Kolhapur,Dark Brown,145,70,40,6.5,700,30,Maize,Urea,https://youtu.be/nZxrPsXAJE132,2251.8
Kolhapur,Dark Brown,150,70,40,6.5,700,30,Maize,Urea,https://youtu.be/nZxrPsXAJE133,2574.8
Kolhapur,Dark Brown,120,75,45,7.0,500,20,Maize,Urea,https://youtu.be/nZxrPsXAJE134,2185.4
Kolhapur,Dark Brown,125,75,45,7.0,500,20,Maize,Urea,https://youtu.be/nZxrPsXAJE135,3240.9
Kolhapur,Dark Brown,130,75,45,7.0,500,20,Maize,Urea,https://youtu.be/nZxrPsXAJE136,2654.6
Kolhapur,Dark Brown,135,75,45,7.0,500,20,Maize,Urea,https://youtu.be/nZxrPsXAJE137,2385.5
Kolhapur,Dark Brown,140,75,45,7.0,500,20,Maize,Urea,https://youtu.be/nZxrPsXAJE138,3065.2
Kolhapur,Dark Brown,145,75,45,7.0,500,20,Maize,Urea,https://youtu.be/nZxrPsXAJE139,1465.6
Kolhapur,Dark Brown,150,75,45,7.0,500,20,Maize,Urea,https://youtu.be/nZxrPsXAJE140,1544.7
Kolhapur,Dark Brown,120,80,50,7.5,600,25,Maize,Urea,https://youtu.be/nZxrPsXAJE141,2823.2
Kolhapur,Dark Brown,125,80,50,7.5,600,25,Maize,Urea,https://youtu.be/nZxrPsXAJE142,2486.0
Kolhapur,Dark Brown,130,80,50,7.5,600,25,Maize,Urea,https://youtu.be/nZxrPsXAJE143,2582.4
Kolhapur,Dark Brown,135,80,50,7.5,600,25,Maize,Urea,https://youtu.be/nZxrPsXAJE144,1845.4
Kolhapur,Dark Brown,140,80,50,7.5,600,25,Maize,Urea,https://youtu.be/nZxrPsXAJE145,2467.4
Kolhapur,Dark Brown,145,80,50,7.5,600,25,Maize,Urea,https://youtu.be/nZxrPsXAJE146,3436.3
Kolhapur,Dark Brown,150,80,50,7.5,600,25,Maize,Urea,https://youtu.be/nZxrPsXAJE147,2884.5
Kolhapur,Dark Brown,120,60,60,6.0,700,30,Maize,SSP,https://youtu.be/nZxrPsXAJE148,2545.1
Kolhapur,Dark Brown,125,60,60,6.0,700,30,Maize,SSP,https://youtu.be/nZxrPsXAJE149,2264.9
Kolhapur,Dark Brown,130,60,60,6.0,700,30,Maize,SSP,https://youtu.be/nZxrPsXAJE150,2292.4
Kolhapur,Dark Brown,135,60,60,6.0,700,30,Maize,SSP,https://youtu.be/nZxrPsXAJE151,1475.3
Kolhapur,Dark Brown,140,60,60,6.0,700,30,Maize,SSP,https://youtu.be/nZxrPsXAJE152,2616.0
Kolhapur,Dark Brown,145,60,60,6.0,700,30,Maize,SSP,https://youtu.be/nZxrPsXAJE153,2904.0
Kolhapur,Dark Brown,150,60,60,6.0,700,30,Maize,SSP,https://youtu.be/nZxrPsXAJE154,1752.9
Kolhapur,Dark Brown,120,65,40,6.5,500,20,Maize,SSP,https://youtu.be/nZxrPsXAJE155,2173.6
Kolhapur,Dark Brown,125,65,40,6.5,500,20,Maize,SSP,https://youtu.be/nZxrPsXAJE156,1943.5
Kolhapur,Dark Brown,130,65,40,6.5,500,20,Maize,SSP,https://youtu.be/nZxrPsXAJE157,2040.8
Kolhapur,Dark Brown,135,65,40,6.5,500,20,Maize,SSP,https://youtu.be/nZxrPsXAJE158,2534.9
Kolhapur,Dark Brown,140,65,40,6.5,500,20,Maize,SSP,https://youtu.be/nZxrPsXAJE159,1514.7
Kolhapur,Dark Brown,145,65,40,6.5,500,20,Maize,SSP,https://youtu.be/nZxrPsXAJE160,2819.6
Kolhapur,Dark Brown,150,65,40,6.5,500,20,Maize,SSP,https://youtu.be/nZxrPsXAJE161,2895.0
Kolhapur,Dark Brown,120,70,45,7.0,600,25,Maize,SSP,https://youtu.be/nZxrPsXAJE162,2352.5
Kolhapur,Dark Brown,125,70,45,7.0,600,25,Maize,SSP,https://youtu.be/nZxrPsXAJE163,1304.1
Kolhapur,Dark Brown,130,70,45,7.0,600,25,Maize,SSP,https://youtu.be/nZxrPsXAJE164,2012.2
Kolhapur,Dark Brown,135,70,45,7.0,600,25,Maize,SSP,https://youtu.be/nZxrPsXAJE165,3078.9
Kolhapur,Dark Brown,140,70,45,7.0,600,25,Maize,SSP,https://youtu.be/nZxrPsXAJE166,1173.3
Kolhapur,Dark Brown,145,70,45,7.0,600,25,Maize,SSP,https://youtu.be/nZxrPsXAJE167,2339.8
Kolhapur,Dark Brown,150,70,45,7.0,600,25,Maize,SSP,https://youtu.be/nZxrPsXAJE168,1946.8
Kolhapur,Dark Brown,120,75,50,7.5,700,30,Maize,SSP,https://youtu.be/nZxrPsXAJE169,2830.6
Kolhapur,Dark Brown,125,75,50,7.5,700,30,Maize,SSP,https://youtu.be/nZxrPsXAJE170,2143.3
Kolhapur,Dark Brown,130,75,50,7.5,700,30,Maize,SSP,https://youtu.be/nZxrPsXAJE171,2657.8
Kolhapur,Dark Brown,135,75,50,7.5,700,30,Maize,SSP,https://youtu.be/nZxrPsXAJE172,2741.6
Kolhapur,Dark Brown,140,75,50,7.5,700,30,Maize,SSP,https://youtu.be/nZxrPsXAJE173,3351.4
Kolhapur,Dark Brown,145,75,50,7.5,700,30,Maize,SSP,https://youtu.be/nZxrPsXAJE174,2391.8
Kolhapur,Dark Brown,150,75,50,7.5,700,30,Maize,SSP,https://youtu.be/nZxrPsXAJE175,2674.3
Kolhapur,Dark Brown,120,80,55,6.0,500,20,Maize,SSP,https://youtu.be/nZxrPsXAJE176,1774.4
Kolhapur,Dark Brown,125,80,55,6.0,500,20,Maize,SSP,https://youtu.be/nZxrPsXAJE177,3048.6
Kolhapur,Dark Brown,130,80,55,6.0,500,20,Maize,SSP,https://youtu.be/nZxrPsXAJE178,2129.2
Kolhapur,Dark Brown,135,80,55,6.0,500,20,Maize,SSP,https://youtu.be/nZxrPsXAJE179,2230.5
Kolhapur,Dark Brown,140,80,55,6.0,500,20,Maize,SSP,https://youtu.be/nZxrPsXAJE180,2494.4
Kolhapur,Dark Brown,145,80,55,6.0,500,20,Maize,SSP,https://youtu.be/nZxrPsXAJE181,1762.3
Kolhapur,Dark Brown,150,80,55,6.0,500,20,Maize,SSP,https://youtu.be/nZxrPsXAJE182,2629.1
Kolhapur,Red,40,20,20,5.5,300,20,Tur,Urea,https://youtu.be/WaWgxSZHiWo,951.0
Kolhapur,Red,45,20,20,5.5,300,20,Tur,Urea,https://youtu.be/WaWgxSZHiWo,863.8
Kolhapur,Red,50,20,20,5.5,300,20,Tur,Urea,https://youtu.be/WaWgxSZHiWo,614.2
Kolhapur,Red,40,25,25,6.0,400,25,Tur,Urea,https://youtu.be/WaWgxSZHiWo,825.5
Kolhapur,Red,45,25,25,6.0,400,25,Tur,Urea,https://youtu.be/WaWgxSZHiWo,946.7
Kolhapur,Red,50,25,25,6.0,400,25,Tur,Urea,https://youtu.be/WaWgxSZHiWo,589.6
Kolhapur,Red,40,30,30,6.5,300,30,Tur,Urea,https://youtu.be/WaWgxSZHiWo,705.3
Kolhapur,Red,45,30,30,6.5,300,30,Tur,Urea,https://youtu.be/WaWgxSZHiWo,978.5
Kolhapur,Red,50,30,30,6.5,300,30,Tur,Urea,https://youtu.be/WaWgxSZHiWo,897.1
Kolhapur,Red,40,20,25,5.5,400,20,Tur,MOP,https://youtu.be/WaWgxSZHiWo,881.5
Kolhapur,Red,45,20,25,5.5,400,20,Tur,MOP,https://youtu.be/WaWgxSZHiWo,1078.8
Kolhapur,Red,50,20,25,5.5,400,20,Tur,MOP,https://youtu.be/WaWgxSZHiWo,894.7
Kolhapur,Red,40,25,30,6.0,300,25,Tur,MOP,https://youtu.be/WaWgxSZHiWo,927.4
Kolhapur,Red,45,25,30,6.0,300,25,Tur,MOP,https://youtu.be/WaWgxSZHiWo,1210.1
Kolhapur,Red,50,25,30,6.0,300,25,Tur,MOP,https://youtu.be/WaWgxSZHiWo,814.1
Kolhapur,Red,40,30,20,6.5,400,30,Tur,MOP,https://youtu.be/WaWgxSZHiWo,747.5
Kolhapur,Red,45,30,20,6.5,400,30,Tur,MOP,https://youtu.be/WaWgxSZHiWo,921.0
Kolhapur,Red,50,30,20,6.5,400,30,Tur,MOP,https://youtu.be/WaWgxSZHiWo,925.4
Kolhapur,Red,40,20,30,5.5,300,20,Tur,SSP,https://youtu.be/WaWgxSZHiWo,751.9
Kolhapur,Red,45,20,30,5.5,300,20,Tur,SSP,https://youtu.be/WaWgxSZHiWo,686.6
Kolhapur,Red,50,20,30,5.5,300,20,Tur,SSP,https://youtu.be/WaWgxSZHiWo,1136.9
Kolhapur,Red,40,25,20,6.0,400,25,Tur,SSP,https://youtu.be/WaWgxSZHiWo,887.0
Kolhapur,Red,45,25,20,6.0,400,25,Tur,SSP,https://youtu.be/WaWgxSZHiWo,744.7
Kolhapur,Red,50,25,20,6.0,400,25,Tur,SSP,https://youtu.be/WaWgxSZHiWo,973.5
Kolhapur,Red,40,30,25,6.5,300,30,Tur,SSP,https://youtu.be/WaWgxSZHiWo,839.0
Kolhapur,Red,45,30,25,6.5,300,30,Tur,SSP,https://youtu.be/WaWgxSZHiWo,821.7
Kolhapur,Red,50,30,25,6.5,300,30,Tur,SSP,https://youtu.be/WaWgxSZHiWo,937.8
Kolhapur,Dark Brown,20,30,20,6.0,800,20,Urad,Urea,https://youtu.be/XtPP-cXCip8,398.9
Kolhapur,Dark Brown,25,30,20,6.0,800,20,Urad,Urea,https://youtu.be/XtPP-cXCip9,566.3
Kolhapur,Dark Brown,30,30,20,6.0,800,20,Urad,Urea,https://youtu.be/XtPP-cXCip10,726.1
Kolhapur,Dark Brown,20,35,25,6.5,900,25,Urad,Urea,https://youtu.be/XtPP-cXCip11,590.0
Kolhapur,Dark Brown,25,35,25,6.5,900,25,Urad,Urea,https://youtu.be/XtPP-cXCip12,504.6
Kolhapur,Dark Brown,30,35,25,6.5,900,25,Urad,Urea,https://youtu.be/XtPP-cXCip13,492.5
Kolhapur,Dark Brown,20,40,30,7.0,1000,20,Urad,Urea,https://youtu.be/XtPP-cXCip14,496.4
Kolhapur,Dark Brown,25,40,30,7.0,1000,20,Urad,Urea,https://youtu.be/XtPP-cXCip15,514.0
Kolhapur,Dark Brown,30,40,30,7.0,1000,20,Urad,Urea,https://youtu.be/XtPP-cXCip16,502.8
Kolhapur,Dark Brown,20,30,25,6.0,800,25,Urad,SSP,https://youtu.be/XtPP-cXCip17,621.3
Kolhapur,Dark Brown,25,30,25,6.0,800,25,Urad,SSP,https://youtu.be/XtPP-cXCip18,355.5
Kolhapur,Dark Brown,30,30,25,6.0,800,25,Urad,SSP,https://youtu.be/XtPP-cXCip19,619.6
Kolhapur,Dark Brown,20,35,30,6.5,900,20,Urad,SSP,https://youtu.be/XtPP-cXCip20,502.7
Kolhapur,Dark Brown,25,35,30,6.5,900,20,Urad,SSP,https://youtu.be/XtPP-cXCip21,582.5
Kolhapur,Dark Brown,30,35,30,6.5,900,20,Urad,SSP,https://youtu.be/XtPP-cXCip22,428.2
Kolhapur,Dark Brown,20,40,20,7.0,1000,25,Urad,SSP,https://youtu.be/XtPP-cXCip23,674.7
Kolhapur,Dark Brown,25,40,20,7.0,1000,25,Urad,SSP,https://youtu.be/XtPP-cXCip24,668.2
Kolhapur,Dark Brown,30,40,20,7.0,1000,25,Urad,SSP,https://youtu.be/XtPP-cXCip25,640.7
Kolhapur,Dark Brown,20,30,30,6.0,800,20,Urad,DAP,https://youtu.be/XtPP-cXCip26,376.4
Kolhapur,Dark Brown,25,30,30,6.0,800,20,Urad,DAP,https://youtu.be/XtPP-cXCip27,614.4
Kolhapur,Dark Brown,30,30,30,6.0,800,20,Urad,DAP,https://youtu.be/XtPP-cXCip28,573.3
Kolhapur,Dark Brown,20,35,20,6.5,900,25,Urad,DAP,https://youtu.be/XtPP-cXCip29,376.3
Kolhapur,Dark Brown,25,35,20,6.5,900,25,Urad,DAP,https://youtu.be/XtPP-cXCip30,541.0
Kolhapur,Dark Brown,30,35,20,6.5,900,25,Urad,DAP,https://youtu.be/XtPP-cXCip31,583.0
Kolhapur,Dark Brown,20,40,25,7.0,1000,20,Urad,DAP,https://youtu.be/XtPP-cXCip32,595.5
Kolhapur,Dark Brown,25,40,25,7.0,1000,20,Urad,DAP,https://youtu.be/XtPP-cXCip33,558.4
Kolhapur,Dark Brown,30,40,25,7.0,1000,20,Urad,DAP,https://youtu.be/XtPP-cXCip34,571.8
Kolhapur,Light Brown,20,10,5,6.0,600,25,Moong,MOP,https://youtu.be/sQwNkYRVxM8,590.5
Kolhapur,Light Brown,25,10,5,6.0,600,25,Moong,MOP,https://youtu.be/sQwNkYRVxM9,572.7
Kolhapur,Light Brown,30,10,5,6.0,600,25,Moong,MOP,https://youtu.be/sQwNkYRVxM10,246.9
Kolhapur,Light Brown,20,15,10,6.5,700,30,Moong,MOP,https://youtu.be/sQwNkYRVxM11,459.1
Kolhapur,Light Brown,25,15,10,6.5,700,30,Moong,MOP,https://youtu.be/sQwNkYRVxM12,473.0
Kolhapur,Light Brown,30,15,10,6.5,700,30,Moong,MOP,https://youtu.be/sQwNkYRVxM13,344.4
Kolhapur,Light Brown,20,20,15,7.0,800,35,Moong,MOP,https://youtu.be/sQwNkYRVxM14,489.7
Kolhapur,Light Brown,25,20,15,7.0,800,35,Moong,MOP,https://youtu.be/sQwNkYRVxM15,585.0
Kolhapur,Light Brown,30,20,15,7.0,800,35,Moong,MOP,https://youtu.be/sQwNkYRVxM16,396.5
Kolhapur,Light Brown,20,10,10,6.0,600,25,Moong,Urea,https://youtu.be/sQwNkYRVxM17,500.1
Kolhapur,Light Brown,25,10,10,6.0,600,25,Moong,Urea,https://youtu.be/sQwNkYRVxM18,401.8
Kolhapur,Light Brown,30,10,10,6.0,600,25,Moong,Urea,https://youtu.be/sQwNkYRVxM19,422.6
Kolhapur,Light Brown,20,15,15,6.5,700,30,Moong,Urea,https://youtu.be/sQwNkYRVxM20,605.4
Kolhapur,Light Brown,25,15,15,6.5,700,30,Moong,Urea,https://youtu.be/sQwNkYRVxM21,442.2
Kolhapur,Light Brown,30,15,15,6.5,700,30,Moong,Urea,https://youtu.be/sQwNkYRVxM22,525.9
Kolhapur,Light Brown,20,20,5,7.0,800,35,Moong,Urea,https://youtu.be/sQwNkYRVxM23,330.5
Kolhapur,Light Brown,25,20,5,7.0,800,35,Moong,Urea,https://youtu.be/sQwNkYRVxM24,634.9
Kolhapur,Light Brown,30,20,5,7.0,800,35,Moong,Urea,https://youtu.be/sQwNkYRVxM25,534.2
Kolhapur,Light Brown,20,10,15,6.0,600,25,Moong,SSP,https://youtu.be/sQwNkYRVxM26,458.8
Kolhapur,Light Brown,25,10,15,6.0,600,25,Moong,SSP,https://youtu.be/sQwNkYRVxM27,520.8
Kolhapur,Light Brown,30,10,15,6.0,600,25,Moong,SSP,https://youtu.be/sQwNkYRVxM28,363.5
Kolhapur,Light Brown,20,15,5,6.5,700,30,Moong,SSP,https://youtu.be/sQwNkYRVxM29,581.3
Kolhapur,Light Brown,25,15,5,6.5,700,30,Moong,SSP,https://youtu.be/sQwNkYRVxM30,460.0
Kolhapur,Light Brown,30,15,5,6.5,700,30,Moong,SSP,https://youtu.be/sQwNkYRVxM31,471.3
Kolhapur,Light Brown,20,20,10,7.0,800,35,Moong,SSP,https://youtu.be/sQwNkYRVxM32,442.2
Kolhapur,Light Brown,25,20,10,7.0,800,35,Moong,SSP,https://youtu.be/sQwNkYRVxM33,436.4
Kolhapur,Light Brown,30,20,10,7.0,800,35,Moong,SSP,https://youtu.be/sQwNkYRVxM34,541.7
Kolhapur,Black,40,25,10,6.0,600,20,Gram,18:46:00 NPK,https://youtu.be/WX51UmdVRok,920.8
Kolhapur,Black,45,25,10,6.0,600,20,Gram,18:46:00 NPK,https://youtu.be/WX51UmdVRok,972.9
Kolhapur,Black,50,25,10,6.0,600,20,Gram,18:46:00 NPK,https://youtu.be/WX51UmdVRok,893.3
Kolhapur,Black,40,30,15,6.5,700,25,Gram,18:46:00 NPK,https://youtu.be/WX51UmdVRok,975.9
Kolhapur,Black,45,30,15,6.5,700,25,Gram,18:46:00 NPK,https://youtu.be/WX51UmdVRok,859.9
Kolhapur,Black,50,30,15,6.5,700,25,Gram,18:46:00 NPK,https://youtu.be/WX51UmdVRok,1201.7
Kolhapur,Black,40,25,15,6.0,600,20,Gram,Sulphur,https://youtu.be/WX51UmdVRok,694.2
Kolhapur,Black,45,25,15,6.0,600,20,Gram,Sulphur,https://youtu.be/WX51UmdVRok,1048.8
Kolhapur,Black,50,25,15,6.0,600,20,Gram,Sulphur,https://youtu.be/WX51UmdVRok,1065.4
Kolhapur,Black,40,30,10,6.5,700,25,Gram,Sulphur,https://youtu.be/WX51UmdVRok,802.2
Kolhapur,Black,45,30,10,6.5,700,25,Gram,Sulphur,https://youtu.be/WX51UmdVRok,1198.0
Kolhapur,Black,50,30,10,6.5,700,25,Gram,Sulphur,https://youtu.be/WX51UmdVRok,1043.6
Kolhapur,Medium Brown,40,20,20,6.0,600,20,Masoor,Urea,https://youtu.be/RcLaiAgFzrQ,852.7
Kolhapur,Medium Brown,45,20,20,6.0,600,20,Masoor,Urea,https://youtu.be/RcLaiAgFzrQ,754.1
Kolhapur,Medium Brown,50,20,20,6.0,600,20,Masoor,Urea,https://youtu.be/RcLaiAgFzrQ,730.0
Kolhapur,Medium Brown,40,25,25,6.5,700,25,Masoor,Urea,https://youtu.be/RcLaiAgFzrQ,744.0
Kolhapur,Medium Brown,45,25,25,6.5,700,25,Masoor,Urea,https://youtu.be/RcLaiAgFzrQ,812.3
Kolhapur,Medium Brown,50,25,25,6.5,700,25,Masoor,Urea,https://youtu.be/RcLaiAgFzrQ,926.4
Kolhapur,Medium Brown,40,20,25,6.0,600,20,Masoor,DAP,https://youtu.be/RcLaiAgFzrQ,768.1
Kolhapur,Medium Brown,45,20,25,6.0,600,20,Masoor,DAP,https://youtu.be/RcLaiAgFzrQ,653.1
Kolhapur,Medium Brown,50,20,25,6.0,600,20,Masoor,DAP,https://youtu.be/RcLaiAgFzrQ,842.2
Kolhapur,Medium Brown,40,25,20,6.5,700,25,Masoor,DAP,https://youtu.be/RcLaiAgFzrQ,868.0
Kolhapur,Medium Brown,45,25,20,6.5,700,25,Masoor,DAP,https://youtu.be/RcLaiAgFzrQ,841.4
Kolhapur,Medium Brown,50,25,20,6.5,700,25,Masoor,DAP,https://youtu.be/RcLaiAgFzrQ,854.0
Solapur,Black,100,60,60,7.5,500,10,Cotton,Magnesium Sulphate,https://www.youtube.com/live/vX-DfTU-KbE?feature=share,1550.0
Solapur,Black,105,60,60,7.5,500,10,Cotton,Magnesium Sulphate,https://www.youtube.com/live/vX-DfTU-KbE?feature=share,181.9
Solapur,Black,110,60,60,7.5,500,10,Cotton,Magnesium Sulphate,https://www.youtube.com/live/vX-DfTU-KbE?feature=share,181.9
Solapur,Black,115,60,60,7.5,500,10,Cotton,Magnesium Sulphate,https://www.youtube.com/live/vX-DfTU-KbE?feature=share,181.9
Solapur,Black,120,60,60,7.5,500,10,Cotton,Magnesium Sulphate,https://www.youtube.com/live/vX-DfTU-KbE?feature=share,2852.7
Solapur,Black,100,65,65,8.0,600,15,Cotton,Magnesium Sulphate,https://www.youtube.com/live/vX-DfTU-KbE?feature=share,2004.5
Solapur,Black,105,65,65,8.0,600,15,Cotton,Magnesium Sulphate,https://www.youtube.com/live/vX-DfTU-KbE?feature=share,1122.5
Solapur,Black,110,65,65,8.0,600,15,Cotton,Magnesium Sulphate,https://www.youtube.com/live/vX-DfTU-KbE?feature=share,181.9
Solapur,Black,115,65,65,8.0,600,15,Cotton,Magnesium Sulphate,https://www.youtube.com/live/vX-DfTU-KbE?feature=share,181.9
Solapur,Black,120,65,65,8.0,600,15,Cotton,Magnesium Sulphate,https://www.youtube.com/live/vX-DfTU-KbE?feature=share,4796.5
Solapur,Black,100,70,70,8.5,500,20,Cotton,Magnesium Sulphate,https://www.youtube.com/live/vX-DfTU-KbE?feature=share,552.1
Solapur,Black,105,70,70,8.5,500,20,Cotton,Magnesium Sulphate,https://www.youtube.com/live/vX-DfTU-KbE?feature=share,3063.2
Solapur,Black,110,70,70,8.5,500,20,Cotton,Magnesium Sulphate,https://www.youtube.com/live/vX-DfTU-KbE?feature=share,181.9
Solapur,Black,115,70,70,8.5,500,20,Cotton,Magnesium Sulphate,https://www.youtube.com/live/vX-DfTU-KbE?feature=share,4796.5
Solapur,Black,120,70,70,8.5,500,20,Cotton,Magnesium Sulphate,https://www.youtube.com/live/vX-DfTU-KbE?feature=share,1843.8
Solapur,Black,100,75,75,7.5,600,25,Cotton,Magnesium Sulphate,https://www.youtube.com/live/vX-DfTU-KbE?feature=share,2999.2
Solapur,Black,105,75,75,7.5,600,25,Cotton,Magnesium Sulphate,https://www.youtube.com/live/vX-DfTU-KbE?feature=share,4796.5
Solapur,Black,110,75,75,7.5,600,25,Cotton,Magnesium Sulphate,https://www.youtube.com/live/vX-DfTU-KbE?feature=share,4796.5
Solapur,Black,115,75,75,7.5,600,25,Cotton,Magnesium Sulphate,https://www.youtube.com/live/vX-DfTU-KbE?feature=share,1496.7
Solapur,Black,120,75,75,7.5,600,25,Cotton,Magnesium Sulphate,https://www.youtube.com/live/vX-DfTU-KbE?feature=share,764.6
Solapur,Black,100,80,80,8.0,500,30,Cotton,Magnesium Sulphate,https://www.youtube.com/live/vX-DfTU-KbE?feature=share,1411.9
Solapur,Black,105,80,80,8.0,500,30,Cotton,Magnesium Sulphate,https://www.youtube.com/live/vX-DfTU-KbE?feature=share,3508.5
Solapur,Black,110,80,80,8.0,500,30,Cotton,Magnesium Sulphate,https://www.youtube.com/live/vX-DfTU-KbE?feature=share,1973.4
Solapur,Black,115,80,80,8.0,500,30,Cotton,Magnesium Sulphate,https://www.youtube.com/live/vX-DfTU-KbE?feature=share,1248.5
Solapur,Black,120,80,80,8.0,500,30,Cotton,Magnesium Sulphate,https://www.youtube.com/live/vX-DfTU-KbE?feature=share,4796.5
Solapur,Black,100,60,65,8.5,600,10,Cotton,DAP,https://www.youtube.com/live/vX-DfTU-KbE?feature=share,1891.0
Solapur,Black,105,60,65,8.5,600,10,Cotton,DAP,https://www.youtube.com/live/vX-DfTU-KbE?feature=share,4796.5
Solapur,Black,110,60,65,8.5,600,10,Cotton,DAP,https://www.youtube.com/live/vX-DfTU-KbE?feature=share,2403.8
Solapur,Black,115,60,65,8.5,600,10,Cotton,DAP,https://www.youtube.com/live/vX-DfTU-KbE?feature=share,4796.5
Solapur,Black,120,60,65,8.5,600,10,Cotton,DAP,https://www.youtube.com/live/vX-DfTU-KbE?feature=share,3074.3
Solapur,Black,100,65,70,7.5,500,15,Cotton,DAP,https://www.youtube.com/live/vX-DfTU-KbE?feature=share,4652.0
Solapur,Black,105,65,70,7.5,500,15,Cotton,DAP,https://www.youtube.com/live/vX-DfTU-KbE?feature=share,418.4
Solapur,Black,110,65,70,7.5,500,15,Cotton,DAP,https://www.youtube.com/live/vX-DfTU-KbE?feature=share,181.9
Solapur,Black,115,65,70,7.5,500,15,Cotton,DAP,https://www.youtube.com/live/vX-DfTU-KbE?feature=share,3418.7
Solapur,Black,120,65,70,7.5,500,15,Cotton,DAP,https://www.youtube.com/live/vX-DfTU-KbE?feature=share,4771.0
Solapur,Black,100,70,75,8.0,600,20,Cotton,DAP,https://www.youtube.com/live/vX-DfTU-KbE?feature=share,2319.9
Solapur,Black,105,70,75,8.0,600,20,Cotton,DAP,https://www.youtube.com/live/vX-DfTU-KbE?feature=share,181.9
Solapur,Black,110,70,75,8.0,600,20,Cotton,DAP,https://www.youtube.com/live/vX-DfTU-KbE?feature=share,181.9
Solapur,Black,115,70,75,8.0,600,20,Cotton,DAP,https://www.youtube.com/live/vX-DfTU-KbE?feature=share,181.9
Solapur,Black,120,70,75,8.0,600,20,Cotton,DAP,https://www.youtube.com/live/vX-DfTU-KbE?feature=share,181.9
Solapur,Black,100,75,80,8.5,500,25,Cotton,DAP,https://www.youtube.com/live/vX-DfTU-KbE?feature=share,2450.3
Solapur,Black,105,75,80,8.5,500,25,Cotton,DAP,https://www.youtube.com/live/vX-DfTU-KbE?feature=share,4796.5
Solapur,Black,110,75,80,8.5,500,25,Cotton,DAP,https://www.youtube.com/live/vX-DfTU-KbE?feature=share,2161.6
Solapur,Black,115,75,80,8.5,500,25,Cotton,DAP,https://www.youtube.com/live/vX-DfTU-KbE?feature=share,181.9
Solapur,Black,120,75,80,8.5,500,25,Cotton,DAP,https://www.youtube.com/live/vX-DfTU-KbE?feature=share,1734.6
Solapur,Black,100,80,60,7.5,600,30,Cotton,DAP,https://www.youtube.com/live/vX-DfTU-KbE?feature=share,1855.7
Solapur,Black,105,80,60,7.5,600,30,Cotton,DAP,https://www.youtube.com/live/vX-DfTU-KbE?feature=share,4796.5
Solapur,Black,110,80,60,7.5,600,30,Cotton,DAP,https://www.youtube.com/live/vX-DfTU-KbE?feature=share,181.9
Solapur,Black,115,80,60,7.5,600,30,Cotton,DAP,https://www.youtube.com/live/vX-DfTU-KbE?feature=share,1285.8
Solapur,Black,120,80,60,7.5,600,30,Cotton,DAP,https://www.youtube.com/live/vX-DfTU-KbE?feature=share,4796.5
Solapur,Black,100,60,70,8.0,500,10,Cotton,12:32:16 NPK,https://www.youtube.com/live/vX-DfTU-KbE?feature=share,3300.7
Solapur,Black,105,60,70,8.0,500,10,Cotton,12:32:16 NPK,https://www.youtube.com/live/vX-DfTU-KbE?feature=share,3590.1
Solapur,Black,110,60,70,8.0,500,10,Cotton,12:32:16 NPK,https://www.youtube.com/live/vX-DfTU-KbE?feature=share,2489.5
Solapur,Black,115,60,70,8.0,500,10,Cotton,12:32:16 NPK,https://www.youtube.com/live/vX-DfTU-KbE?feature=share,3031.5
Solapur,Black,120,60,70,8.0,500,10,Cotton,12:32:16 NPK,https://www.youtube.com/live/vX-DfTU-KbE?feature=share,4155.1
Solapur,Black,100,65,75,8.5,600,15,Cotton,12:32:16 NPK,https://www.youtube.com/live/vX-DfTU-KbE?feature=share,198.8
Solapur,Black,105,65,75,8.5,600,15,Cotton,12:32:16 NPK,https://www.youtube.com/live/vX-DfTU-KbE?feature=share,4335.0
Solapur,Black,110,65,75,8.5,600,15,Cotton,12:32:16 NPK,https://www.youtube.com/live/vX-DfTU-KbE?feature=share,181.9
Solapur,Black,115,65,75,8.5,600,15,Cotton,12:32:16 NPK,https://www.youtube.com/live/vX-DfTU-KbE?feature=share,3005.1
Solapur,Black,120,65,75,8.5,600,15,Cotton,12:32:16 NPK,https://www.youtube.com/live/vX-DfTU-KbE?feature=share,2643.9
Solapur,Black,100,70,80,7.5,500,20,Cotton,12:32:16 NPK,https://www.youtube.com/live/vX-DfTU-KbE?feature=share,691.5
Solapur,Black,105,70,80,7.5,500,20,Cotton,12:32:16 NPK,https://www.youtube.com/live/vX-DfTU-KbE?feature=share,2192.8
Solapur,Black,110,70,80,7.5,500,20,Cotton,12:32:16 NPK,https://www.youtube.com/live/vX-DfTU-KbE?feature=share,679.7
Solapur,Black,115,70,80,7.5,500,20,Cotton,12:32:16 NPK,https://www.youtube.com/live/vX-DfTU-KbE?feature=share,181.9
Solapur,Black,120,70,80,7.5,500,20,Cotton,12:32:16 NPK,https://www.youtube.com/live/vX-DfTU-KbE?feature=share,1368.7
Solapur,Black,100,75,60,8.0,600,25,Cotton,12:32:16 NPK,https://www.youtube.com/live/vX-DfTU-KbE?feature=share,181.9
Solapur,Black,105,75,60,8.0,600,25,Cotton,12:32:16 NPK,https://www.youtube.com/live/vX-DfTU-KbE?feature=share,3043.5
Solapur,Black,110,75,60,8.0,600,25,Cotton,12:32:16 NPK,https://www.youtube.com/live/vX-DfTU-KbE?feature=share,181.9
Solapur,Black,115,75,60,8.0,600,25,Cotton,12:32:16 NPK,https://www.youtube.com/live/vX-DfTU-KbE?feature=share,4042.4
Solapur,Black,120,75,60,8.0,600,25,Cotton,12:32:16 NPK,https://www.youtube.com/live/vX-DfTU-KbE?feature=share,181.9
Solapur,Black,100,80,65,8.5,500,30,Cotton,12:32:16 NPK,https://www.youtube.com/live/vX-DfTU-KbE?feature=share,797.9
Solapur,Black,105,80,65,8.5,500,30,Cotton,12:32:16 NPK,https://www.youtube.com/live/vX-DfTU-KbE?feature=share,656.4
Solapur,Black,110,80,65,8.5,500,30,Cotton,12:32:16 NPK,https://www.youtube.com/live/vX-DfTU-KbE?feature=share,4796.5
Solapur,Black,115,80,65,8.5,500,30,Cotton,12:32:16 NPK,https://www.youtube.com/live/vX-DfTU-KbE?feature=share,3027.8
Solapur,Black,120,80,65,8.5,500,30,Cotton,12:32:16 NPK,https://www.youtube.com/live/vX-DfTU-KbE?feature=share,1688.6
Solapur,Black,100,60,75,7.5,600,10,Cotton,Magnesium Sulphate,https://www.youtube.com/live/vX-DfTU-KbE?feature=share,3491.3
Solapur,Black,105,60,75,7.5,600,10,Cotton,Magnesium Sulphate,https://www.youtube.com/live/vX-DfTU-KbE?feature=share,181.9
Solapur,Black,110,60,75,7.5,600,10,Cotton,Magnesium Sulphate,https://www.youtube.com/live/vX-DfTU-KbE?feature=share,2142.2
Solapur,Black,115,60,75,7.5,600,10,Cotton,Magnesium Sulphate,https://www.youtube.com/live/vX-DfTU-KbE?feature=share,4796.5
Solapur,Black,120,60,75,7.5,600,10,Cotton,Magnesium Sulphate,https://www.youtube.com/live/vX-DfTU-KbE?feature=share,2600.6
Solapur,Black,100,65,80,8.0,500,15,Cotton,Magnesium Sulphate,https://www.youtube.com/live/vX-DfTU-KbE?feature=share,2368.8
Solapur,Black,105,65,80,8.0,500,15,Cotton,Magnesium Sulphate,https://www.youtube.com/live/vX-DfTU-KbE?feature=share,3565.5
Solapur,Black,110,65,80,8.0,500,15,Cotton,Magnesium Sulphate,https://www.youtube.com/live/vX-DfTU-KbE?feature=share,4439.3
Solapur,Black,115,65,80,8.0,500,15,Cotton,Magnesium Sulphate,https://www.youtube.com/live/vX-DfTU-KbE?feature=share,181.9
Solapur,Black,120,65,80,8.0,500,15,Cotton,Magnesium Sulphate,https://www.youtube.com/live/vX-DfTU-KbE?feature=share,181.9
Solapur,Black,100,70,60,8.5,600,20,Cotton,Magnesium Sulphate,https://www.youtube.com/live/vX-DfTU-KbE?feature=share,2700.5
Solapur,Black,105,70,60,8.5,600,20,Cotton,Magnesium Sulphate,https://www.youtube.com/live/vX-DfTU-KbE?feature=share,432.8
Solapur,Black,110,70,60,8.5,600,20,Cotton,Magnesium Sulphate,https://www.youtube.com/live/vX-DfTU-KbE?feature=share,4796.5
Solapur,Black,115,70,60,8.5,600,20,Cotton,Magnesium Sulphate,https://www.youtube.com/live/vX-DfTU-KbE?feature=share,1424.0
Solapur,Black,120,70,60,8.5,600,20,Cotton,Magnesium Sulphate,https://www.youtube.com/live/vX-DfTU-KbE?feature=share,181.9
Solapur,Black,100,75,65,7.5,500,25,Cotton,Magnesium Sulphate,https://www.youtube.com/live/vX-DfTU-KbE?feature=share,181.9
Solapur,Black,105,75,65,7.5,500,25,Cotton,Magnesium Sulphate,https://www.youtube.com/live/vX-DfTU-KbE?feature=share,181.9
Solapur,Black,110,75,65,7.5,500,25,Cotton,Magnesium Sulphate,https://www.youtube.com/live/vX-DfTU-KbE?feature=share,1669.5
Solapur,Black,115,75,65,7.5,500,25,Cotton,Magnesium Sulphate,https://www.youtube.com/live/vX-DfTU-KbE?feature=share,1790.9
Solapur,Black,120,75,65,7.5,500,25,Cotton,Magnesium Sulphate,https://www.youtube.com/live/vX-DfTU-KbE?feature=share,1192.5
Solapur,Black,100,80,70,8.0,600,30,Cotton,Magnesium Sulphate,https://www.youtube.com/live/vX-DfTU-KbE?feature=share,4796.5
Solapur,Black,105,80,70,8.0,600,30,Cotton,Magnesium Sulphate,https://www.youtube.com/live/vX-DfTU-KbE?feature=share,4796.5
Solapur,Black,110,80,70,8.0,600,30,Cotton,Magnesium Sulphate,https://www.youtube.com/live/vX-DfTU-KbE?feature=share,1818.3
Solapur,Black,115,80,70,8.0,600,30,Cotton,Magnesium Sulphate,https://www.youtube.com/live/vX-DfTU-KbE?feature=share,181.9
Solapur,Black,120,80,70,8.0,600,30,Cotton,Magnesium Sulphate,https://www.youtube.com/live/vX-DfTU-KbE?feature=share,3827.9
Solapur,Black,100,60,80,8.5,500,10,Cotton,DAP,https://www.youtube.com/live/vX-DfTU-KbE?feature=share,3504.2
Solapur,Black,105,60,80,8.5,500,10,Cotton,DAP,https://www.youtube.com/live/vX-DfTU-KbE?feature=share,2916.7
Solapur,Black,110,60,80,8.5,500,10,Cotton,DAP,https://www.youtube.com/live/vX-DfTU-KbE?feature=share,4563.1
Solapur,Black,115,60,80,8.5,500,10,Cotton,DAP,https://www.youtube.com/live/vX-DfTU-KbE?feature=share,181.9
Solapur,Black,120,60,80,8.5,500,10,Cotton,DAP,https://www.youtube.com/live/vX-DfTU-KbE?feature=share,4796.5
Solapur,Black,100,65,60,7.5,600,15,Cotton,DAP,https://www.youtube.com/live/vX-DfTU-KbE?feature=share,181.9
Solapur,Black,105,65,60,7.5,600,15,Cotton,DAP,https://www.youtube.com/live/vX-DfTU-KbE?feature=share,4147.5
Solapur,Black,110,65,60,7.5,600,15,Cotton,DAP,https://www.youtube.com/live/vX-DfTU-KbE?feature=share,181.9
Solapur,Black,115,65,60,7.5,600,15,Cotton,DAP,https://www.youtube.com/live/vX-DfTU-KbE?feature=share,181.9
Solapur,Black,120,65,60,7.5,600,15,Cotton,DAP,https://www.youtube.com/live/vX-DfTU-KbE?feature=share,4796.5
Solapur,Black,100,70,65,8.0,500,20,Cotton,DAP,https://www.youtube.com/live/vX-DfTU-KbE?feature=share,1562.0
Solapur,Black,105,70,65,8.0,500,20,Cotton,DAP,https://www.youtube.com/live/vX-DfTU-KbE?feature=share,4304.0
Solapur,Black,110,70,65,8.0,500,20,Cotton,DAP,https://www.youtube.com/live/vX-DfTU-KbE?feature=share,2812.7
Solapur,Black,115,70,65,8.0,500,20,Cotton,DAP,https://www.youtube.com/live/vX-DfTU-KbE?feature=share,1965.6
Solapur,Black,120,70,65,8.0,500,20,Cotton,DAP,https://www.youtube.com/live/vX-DfTU-KbE?feature=share,4796.5
Solapur,Black,100,75,70,8.5,600,25,Cotton,DAP,https://www.youtube.com/live/vX-DfTU-KbE?feature=share,1610.1
Solapur,Black,105,75,70,8.5,600,25,Cotton,DAP,https://www.youtube.com/live/vX-DfTU-KbE?feature=share,181.9
Solapur,Black,110,75,70,8.5,600,25,Cotton,DAP,https://www.youtube.com/live/vX-DfTU-KbE?feature=share,216.9
Solapur,Black,115,75,70,8.5,600,25,Cotton,DAP,https://www.youtube.com/live/vX-DfTU-KbE?feature=share,3579.8
Solapur,Black,120,75,70,8.5,600,25,Cotton,DAP,https://www.youtube.com/live/vX-DfTU-KbE?feature=share,3202.4
Solapur,Black,100,80,75,7.5,500,30,Cotton,DAP,https://www.youtube.com/live/vX-DfTU-KbE?feature=share,181.9
Solapur,Black,105,80,75,7.5,500,30,Cotton,DAP,https://www.youtube.com/live/vX-DfTU-KbE?feature=share,423.6
Solapur,Black,110,80,75,7.5,500,30,Cotton,DAP,https://www.youtube.com/live/vX-DfTU-KbE?feature=share,788.7
Solapur,Black,115,80,75,7.5,500,30,Cotton,DAP,https://www.youtube.com/live/vX-DfTU-KbE?feature=share,1344.2
Solapur,Black,120,80,75,7.5,500,30,Cotton,DAP,https://www.youtube.com/live/vX-DfTU-KbE?feature=share,181.9
Solapur,Red,50,30,20,6.5,600,20,Jowar,10:26:26 NPK,https://youtu.be/hxuB66J-3BI,1015.6
Solapur,Red,55,30,20,6.5,600,20,Jowar,10:26:26 NPK,https://youtu.be/hxuB66J-3BI,997.4
Solapur,Red,60,30,20,6.5,600,20,Jowar,10:26:26 NPK,https://youtu.be/hxuB66J-3BI,1320.3
Solapur,Red,50,35,25,7.0,700,25,Jowar,10:26:26 NPK,https://youtu.be/hxuB66J-3BI,1312.0
Solapur,Red,55,35,25,7.0,700,25,Jowar,10:26:26 NPK,https://youtu.be/hxuB66J-3BI,1114.3
Solapur,Red,60,35,25,7.0,700,25,Jowar,10:26:26 NPK,https://youtu.be/hxuB66J-3BI,1065.5
Solapur,Red,50,40,30,7.5,600,30,Jowar,10:26:26 NPK,https://youtu.be/hxuB66J-3BI,1151.8
Solapur,Red,55,40,30,7.5,600,30,Jowar,10:26:26 NPK,https://youtu.be/hxuB66J-3BI,956.6
Solapur,Red,60,40,30,7.5,600,30,Jowar,10:26:26 NPK,https://youtu.be/hxuB66J-3BI,890.6
Solapur,Red,50,30,25,6.5,700,20,Jowar,Urea,https://youtu.be/hxuB66J-3BI,954.3
Solapur,Red,55,30,25,6.5,700,20,Jowar,Urea,https://youtu.be/hxuB66J-3BI,1022.5
Solapur,Red,60,30,25,6.5,700,20,Jowar,Urea,https://youtu.be/hxuB66J-3BI,912.3
Solapur,Red,50,35,30,7.0,600,25,Jowar,Urea,https://youtu.be/hxuB66J-3BI,1169.8
Solapur,Red,55,35,30,7.0,600,25,Jowar,Urea,https://youtu.be/hxuB66J-3BI,1292.7
Solapur,Red,60,35,30,7.0,600,25,Jowar,Urea,https://youtu.be/hxuB66J-3BI,808.2
Solapur,Red,50,40,20,7.5,700,30,Jowar,Urea,https://youtu.be/hxuB66J-3BI,1133.7
Solapur,Red,55,40,20,7.5,700,30,Jowar,Urea,https://youtu.be/hxuB66J-3BI,1086.0
Solapur,Red,60,40,20,7.5,700,30,Jowar,Urea,https://youtu.be/hxuB66J-3BI,1206.8
Solapur,Red,50,30,30,6.5,600,20,Jowar,SSP,https://youtu.be/hxuB66J-3BI,1146.0
Solapur,Red,55,30,30,6.5,600,20,Jowar,SSP,https://youtu.be/hxuB66J-3BI,843.3
Solapur,Red,60,30,30,6.5,600,20,Jowar,SSP,https://youtu.be/hxuB66J-3BI,886.6
Solapur,Red,50,35,20,7.0,700,25,Jowar,SSP,https://youtu.be/hxuB66J-3BI,1147.8
Solapur,Red,55,35,20,7.0,700,25,Jowar,SSP,https://youtu.be/hxuB66J-3BI,1362.4
Solapur,Red,60,35,20,7.0,700,25,Jowar,SSP,https://youtu.be/hxuB66J-3BI,679.4
Solapur,Red,50,40,25,7.5,600,30,Jowar,SSP,https://youtu.be/hxuB66J-3BI,1194.4
Solapur,Red,55,40,25,7.5,600,30,Jowar,SSP,https://youtu.be/hxuB66J-3BI,1373.4
Solapur,Red,60,40,25,7.5,600,30,Jowar,SSP,https://youtu.be/hxuB66J-3BI,1097.7
Solapur,Red,60,40,40,6.0,500,15,Wheat,19:19:19 NPK,https://youtu.be/VNptnPJt5yo,2459.6
Solapur,Red,65,40,40,6.0,500,15,Wheat,19:19:19 NPK,https://youtu.be/VNptnPJt5yo,2034.2
Solapur,Red,70,40,40,6.0,500,15,Wheat,19:19:19 NPK,https://youtu.be/VNptnPJt5yo,2242.6
Solapur,Red,75,40,40,6.0,500,15,Wheat,19:19:19 NPK,https://youtu.be/VNptnPJt5yo,1727.6
Solapur,Red,80,40,40,6.0,500,15,Wheat,19:19:19 NPK,https://youtu.be/VNptnPJt5yo,1480.7
Solapur,Red,60,45,45,6.5,600,20,Wheat,19:19:19 NPK,https://youtu.be/VNptnPJt5yo,2657.5
Solapur,Red,65,45,45,6.5,600,20,Wheat,19:19:19 NPK,https://youtu.be/VNptnPJt5yo,1983.7
Solapur,Red,70,45,45,6.5,600,20,Wheat,19:19:19 NPK,https://youtu.be/VNptnPJt5yo,2177.4
Solapur,Red,75,45,45,6.5,600,20,Wheat,19:19:19 NPK,https://youtu.be/VNptnPJt5yo,1852.7
Solapur,Red,80,45,45,6.5,600,20,Wheat,19:19:19 NPK,https://youtu.be/VNptnPJt5yo,1849.8
Solapur,Red,60,50,50,7.0,500,25,Wheat,19:19:19 NPK,https://youtu.be/VNptnPJt5yo,2227.0
Solapur,Red,65,50,50,7.0,500,25,Wheat,19:19:19 NPK,https://youtu.be/VNptnPJt5yo,2040.4
Solapur,Red,70,50,50,7.0,500,25,Wheat,19:19:19 NPK,https://youtu.be/VNptnPJt5yo,2433.0
Solapur,Red,75,50,50,7.0,500,25,Wheat,19:19:19 NPK,https://youtu.be/VNptnPJt5yo,2466.4
Solapur,Red,80,50,50,7.0,500,25,Wheat,19:19:19 NPK,https://youtu.be/VNptnPJt5yo,2427.5
Solapur,Red,60,55,55,7.5,600,30,Wheat,19:19:19 NPK,https://youtu.be/VNptnPJt5yo,2354.5
Solapur,Red,65,55,55,7.5,600,30,Wheat,19:19:19 NPK,https://youtu.be/VNptnPJt5yo,2824.4
Solapur,Red,70,55,55,7.5,600,30,Wheat,19:19:19 NPK,https://youtu.be/VNptnPJt5yo,1915.7
Solapur,Red,75,55,55,7.5,600,30,Wheat,19:19:19 NPK,https://youtu.be/VNptnPJt5yo,2273.5
Solapur,Red,80,55,55,7.5,600,30,Wheat,19:19:19 NPK,https://youtu.be/VNptnPJt5yo,2694.3
Solapur,Red,60,60,60,6.0,500,15,Wheat,19:19:19 NPK,https://youtu.be/VNptnPJt5yo,2746.5
Solapur,Red,65,60,60,6.0,500,15,Wheat,19:19:19 NPK,https://youtu.be/VNptnPJt5yo,1813.0
Solapur,Red,70,60,60,6.0,500,15,Wheat,19:19:19 NPK,https://youtu.be/VNptnPJt5yo,2208.4
Solapur,Red,75,60,60,6.0,500,15,Wheat,19:19:19 NPK,https://youtu.be/VNptnPJt5yo,2804.1
Solapur,Red,80,60,60,6.0,500,15,Wheat,19:19:19 NPK,https://youtu.be/VNptnPJt5yo,2511.7
Solapur,Red,60,40,45,6.5,600,20,Wheat,Urea,https://youtu.be/VNptnPJt5yo,2385.0
Solapur,Red,65,40,45,6.5,600,20,Wheat,Urea,https://youtu.be/VNptnPJt5yo,2246.6
Solapur,Red,70,40,45,6.5,600,20,Wheat,Urea,https://youtu.be/VNptnPJt5yo,2194.7
Solapur,Red,75,40,45,6.5,600,20,Wheat,Urea,https://youtu.be/VNptnPJt5yo,2439.5
Solapur,Red,80,40,45,6.5,600,20,Wheat,Urea,https://youtu.be/VNptnPJt5yo,2254.5
Solapur,Red,60,45,50,7.0,500,25,Wheat,Urea,https://youtu.be/VNptnPJt5yo,2264.0
Solapur,Red,65,45,50,7.0,500,25,Wheat,Urea,https://youtu.be/VNptnPJt5yo,2312.9
Solapur,Red,70,45,50,7.0,500,25,Wheat,Urea,https://youtu.be/VNptnPJt5yo,2056.7
Solapur,Red,75,45,50,7.0,500,25,Wheat,Urea,https://youtu.be/VNptnPJt5yo,2484.9
Solapur,Red,80,45,50,7.0,500,25,Wheat,Urea,https://youtu.be/VNptnPJt5yo,3325.6
Solapur,Red,60,50,55,7.5,600,30,Wheat,Urea,https://youtu.be/VNptnPJt5yo,1653.7
Solapur,Red,65,50,55,7.5,600,30,Wheat,Urea,https://youtu.be/VNptnPJt5yo,2382.1
Solapur,Red,70,50,55,7.5,600,30,Wheat,Urea,https://youtu.be/VNptnPJt5yo,2014.8
Solapur,Red,75,50,55,7.5,600,30,Wheat,Urea,https://youtu.be/VNptnPJt5yo,2484.1
Solapur,Red,80,50,55,7.5,600,30,Wheat,Urea,https://youtu.be/VNptnPJt5yo,2307.0
Solapur,Red,60,55,60,6.0,500,15,Wheat,Urea,https://youtu.be/VNptnPJt5yo,2561.2
Solapur,Red,65,55,60,6.0,500,15,Wheat,Urea,https://youtu.be/VNptnPJt5yo,2713.4
Solapur,Red,70,55,60,6.0,500,15,Wheat,Urea,https://youtu.be/VNptnPJt5yo,2377.1
Solapur,Red,75,55,60,6.0,500,15,Wheat,Urea,https://youtu.be/VNptnPJt5yo,2714.3
Solapur,Red,80,55,60,6.0,500,15,Wheat,Urea,https://youtu.be/VNptnPJt5yo,1497.3
Solapur,Red,60,60,40,6.5,600,20,Wheat,Urea,https://youtu.be/VNptnPJt5yo,2918.4
Solapur,Red,65,60,40,6.5,600,20,Wheat,Urea,https://youtu.be/VNptnPJt5yo,2492.4
Solapur,Red,70,60,40,6.5,600,20,Wheat,Urea,https://youtu.be/VNptnPJt5yo,2751.9
Solapur,Red,75,60,40,6.5,600,20,Wheat,Urea,https://youtu.be/VNptnPJt5yo,1933.3
Solapur,Red,80,60,40,6.5,600,20,Wheat,Urea,https://youtu.be/VNptnPJt5yo,2079.4
Solapur,Red,60,40,50,7.0,500,25,Wheat,19:19:19 NPK,https://youtu.be/VNptnPJt5yo,2320.4
Solapur,Red,65,40,50,7.0,500,25,Wheat,19:19:19 NPK,https://youtu.be/VNptnPJt5yo,2271.2
Solapur,Red,70,40,50,7.0,500,25,Wheat,19:19:19 NPK,https://youtu.be/VNptnPJt5yo,2382.0
Solapur,Red,75,40,50,7.0,500,25,Wheat,19:19:19 NPK,https://youtu.be/VNptnPJt5yo,2667.6
Solapur,Red,80,40,50,7.0,500,25,Wheat,19:19:19 NPK,https://youtu.be/VNptnPJt5yo,1682.5
Solapur,Red,60,45,55,7.5,600,30,Wheat,19:19:19 NPK,https://youtu.be/VNptnPJt5yo,2588.4
Solapur,Red,65,45,55,7.5,600,30,Wheat,19:19:19 NPK,https://youtu.be/VNptnPJt5yo,2264.9
Solapur,Red,70,45,55,7.5,600,30,Wheat,19:19:19 NPK,https://youtu.be/VNptnPJt5yo,2198.7
Solapur,Red,75,45,55,7.5,600,30,Wheat,19:19:19 NPK,https://youtu.be/VNptnPJt5yo,1767.9
Solapur,Red,80,45,55,7.5,600,30,Wheat,19:19:19 NPK,https://youtu.be/VNptnPJt5yo,2456.5
Solapur,Red,60,50,60,6.0,500,15,Wheat,19:19:19 NPK,https://youtu.be/VNptnPJt5yo,1449.8
Solapur,Red,65,50,60,6.0,500,15,Wheat,19:19:19 NPK,https://youtu.be/VNptnPJt5yo,2519.8
Solapur,Red,70,50,60,6.0,500,15,Wheat,19:19:19 NPK,https://youtu.be/VNptnPJt5yo,1780.3
Solapur,Red,75,50,60,6.0,500,15,Wheat,19:19:19 NPK,https://youtu.be/VNptnPJt5yo,2326.7
Solapur,Red,80,50,60,6.0,500,15,Wheat,19:19:19 NPK,https://youtu.be/VNptnPJt5yo,2273.0
Solapur,Red,60,55,40,6.5,600,20,Wheat,19:19:19 NPK,https://youtu.be/VNptnPJt5yo,2758.1
Solapur,Red,65,55,40,6.5,600,20,Wheat,19:19:19 NPK,https://youtu.be/VNptnPJt5yo,2285.8
Solapur,Red,70,55,40,6.5,600,20,Wheat,19:19:19 NPK,https://youtu.be/VNptnPJt5yo,2108.4
Solapur,Red,75,55,40,6.5,600,20,Wheat,19:19:19 NPK,https://youtu.be/VNptnPJt5yo,2181.9
Solapur,Red,80,55,40,6.5,600,20,Wheat,19:19:19 NPK,https://youtu.be/VNptnPJt5yo,2828.1
Solapur,Red,60,60,45,7.0,500,25,Wheat,19:19:19 NPK,https://youtu.be/VNptnPJt5yo,2492.0
Solapur,Red,65,60,45,7.0,500,25,Wheat,19:19:19 NPK,https://youtu.be/VNptnPJt5yo,2176.2
Solapur,Red,70,60,45,7.0,500,25,Wheat,19:19:19 NPK,https://youtu.be/VNptnPJt5yo,2235.1
Solapur,Red,75,60,45,7.0,500,25,Wheat,19:19:19 NPK,https://youtu.be/VNptnPJt5yo,1772.5
Solapur,Red,80,60,45,7.0,500,25,Wheat,19:19:19 NPK,https://youtu.be/VNptnPJt5yo,2469.4
Solapur,Red,60,40,55,7.5,600,30,Wheat,Urea,https://youtu.be/VNptnPJt5yo,1647.2
Solapur,Red,65,40,55,7.5,600,30,Wheat,Urea,https://youtu.be/VNptnPJt5yo,2510.6
Solapur,Red,70,40,55,7.5,600,30,Wheat,Urea,https://youtu.be/VNptnPJt5yo,2304.5
Solapur,Red,75,40,55,7.5,600,30,Wheat,Urea,https://youtu.be/VNptnPJt5yo,3088.0
Solapur,Red,80,40,55,7.5,600,30,Wheat,Urea,https://youtu.be/VNptnPJt5yo,1894.5
Solapur,Red,60,45,60,6.0,500,15,Wheat,Urea,https://youtu.be/VNptnPJt5yo,2243.3
Solapur,Red,65,45,60,6.0,500,15,Wheat,Urea,https://youtu.be/VNptnPJt5yo,2909.0
Solapur,Red,70,45,60,6.0,500,15,Wheat,Urea,https://youtu.be/VNptnPJt5yo,2706.7
Solapur,Red,75,45,60,6.0,500,15,Wheat,Urea,https://youtu.be/VNptnPJt5yo,2056.6
Solapur,Red,80,45,60,6.0,500,15,Wheat,Urea,https://youtu.be/VNptnPJt5yo,2384.6
Solapur,Red,60,50,40,6.5,600,20,Wheat,Urea,https://youtu.be/VNptnPJt5yo,2334.5
Solapur,Red,65,50,40,6.5,600,20,Wheat,Urea,https://youtu.be/VNptnPJt5yo,2440.9
Solapur,Red,70,50,40,6.5,600,20,Wheat,Urea,https://youtu.be/VNptnPJt5yo,2099.0
Solapur,Red,75,50,40,6.5,600,20,Wheat,Urea,https://youtu.be/VNptnPJt5yo,2322.8
Solapur,Red,80,50,40,6.5,600,20,Wheat,Urea,https://youtu.be/VNptnPJt5yo,1789.3
Solapur,Red,60,55,45,7.0,500,25,Wheat,Urea,https://youtu.be/VNptnPJt5yo,2343.0
Solapur,Red,65,55,45,7.0,500,25,Wheat,Urea,https://youtu.be/VNptnPJt5yo,2460.0
Solapur,Red,70,55,45,7.0,500,25,Wheat,Urea,https://youtu.be/VNptnPJt5yo,2230.0
Solapur,Red,75,55,45,7.0,500,25,Wheat,Urea,https://youtu.be/VNptnPJt5yo,1749.1
Solapur,Red,80,55,45,7.0,500,25,Wheat,Urea,https://youtu.be/VNptnPJt5yo,2671.8
Solapur,Red,60,60,50,7.5,600,30,Wheat,Urea,https://youtu.be/VNptnPJt5yo,2406.8
Solapur,Red,65,60,50,7.5,600,30,Wheat,Urea,https://youtu.be/VNptnPJt5yo,2035.6
Solapur,Red,70,60,50,7.5,600,30,Wheat,Urea,https://youtu.be/VNptnPJt5yo,2196.6
Solapur,Red,75,60,50,7.5,600,30,Wheat,Urea,https://youtu.be/VNptnPJt5yo,1777.3
Solapur,Red,80,60,50,7.5,600,30,Wheat,Urea,https://youtu.be/VNptnPJt5yo,1948.9
Solapur,Red,60,40,60,6.0,500,15,Wheat,19:19:19 NPK,https://youtu.be/VNptnPJt5yo,2085.0
Solapur,Red,65,40,60,6.0,500,15,Wheat,19:19:19 NPK,https://youtu.be/VNptnPJt5yo,2701.3
Solapur,Red,70,40,60,6.0,500,15,Wheat,19:19:19 NPK,https://youtu.be/VNptnPJt5yo,2062.4
Solapur,Red,75,40,60,6.0,500,15,Wheat,19:19:19 NPK,https://youtu.be/VNptnPJt5yo,2513.2
Solapur,Red,80,40,60,6.0,500,15,Wheat,19:19:19 NPK,https://youtu.be/VNptnPJt5yo,2110.1
Solapur,Red,60,45,40,6.5,600,20,Wheat,19:19:19 NPK,https://youtu.be/VNptnPJt5yo,2412.5
Solapur,Red,65,45,40,6.5,600,20,Wheat,19:19:19 NPK,https://youtu.be/VNptnPJt5yo,2282.1
Solapur,Red,70,45,40,6.5,600,20,Wheat,19:19:19 NPK,https://youtu.be/VNptnPJt5yo,2648.8
Solapur,Red,75,45,40,6.5,600,20,Wheat,19:19:19 NPK,https://youtu.be/VNptnPJt5yo,2155.7
Solapur,Red,80,45,40,6.5,600,20,Wheat,19:19:19 NPK,https://youtu.be/VNptnPJt5yo,1791.8
Solapur,Red,60,50,45,7.0,500,25,Wheat,19:19:19 NPK,https://youtu.be/VNptnPJt5yo,1807.9
Solapur,Red,65,50,45,7.0,500,25,Wheat,19:19:19 NPK,https://youtu.be/VNptnPJt5yo,2109.1
Solapur,Red,70,50,45,7.0,500,25,Wheat,19:19:19 NPK,https://youtu.be/VNptnPJt5yo,1865.2
Solapur,Red,75,50,45,7.0,500,25,Wheat,19:19:19 NPK,https://youtu.be/VNptnPJt5yo,2451.6
Solapur,Red,80,50,45,7.0,500,25,Wheat,19:19:19 NPK,https://youtu.be/VNptnPJt5yo,2151.3
Solapur,Red,60,55,50,7.5,600,30,Wheat,19:19:19 NPK,https://youtu.be/VNptnPJt5yo,3090.6
Solapur,Red,65,55,50,7.5,600,30,Wheat,19:19:19 NPK,https://youtu.be/VNptnPJt5yo,1678.4
Solapur,Red,70,55,50,7.5,600,30,Wheat,19:19:19 NPK,https://youtu.be/VNptnPJt5yo,2356.4
Solapur,Red,75,55,50,7.5,600,30,Wheat,19:19:19 NPK,https://youtu.be/VNptnPJt5yo,1900.4
Solapur,Red,80,55,50,7.5,600,30,Wheat,19:19:19 NPK,https://youtu.be/VNptnPJt5yo,2127.3
Solapur,Red,60,60,55,6.0,500,15,Wheat,19:19:19 NPK,https://youtu.be/VNptnPJt5yo,2354.0
Solapur,Red,65,60,55,6.0,500,15,Wheat,19:19:19 NPK,https://youtu.be/VNptnPJt5yo,1496.2
Solapur,Red,70,60,55,6.0,500,15,Wheat,19:19:19 NPK,https://youtu.be/VNptnPJt5yo,2401.5
Solapur,Red,75,60,55,6.0,500,15,Wheat,19:19:19 NPK,https://youtu.be/VNptnPJt5yo,2996.2
Solapur,Red,80,60,55,6.0,500,15,Wheat,19:19:19 NPK,https://youtu.be/VNptnPJt5yo,2171.6
Solapur,Black,120,60,60,6.5,1000,20,Sugarcane,Urea,https://youtu.be/2t5Am0xLTOo,67845.6
Solapur,Black,125,60,60,6.5,1000,20,Sugarcane,Urea,https://youtu.be/2t5Am0xLTOo,75974.7
Solapur,Black,130,60,60,6.5,1000,20,Sugarcane,Urea,https://youtu.be/2t5Am0xLTOo,63818.1
Solapur,Black,135,60,60,6.5,1000,20,Sugarcane,Urea,https://youtu.be/2t5Am0xLTOo,59645.6
Solapur,Black,140,60,60,6.5,1000,20,Sugarcane,Urea,https://youtu.be/2t5Am0xLTOo,42080.0
Solapur,Black,145,60,60,6.5,1000,20,Sugarcane,Urea,https://youtu.be/2t5Am0xLTOo,72798.7
Solapur,Black,150,60,60,6.5,1000,20,Sugarcane,Urea,https://youtu.be/2t5Am0xLTOo,65066.1
Solapur,Black,120,65,65,7.0,1100,25,Sugarcane,Urea,https://youtu.be/2t5Am0xLTOo,54301.4
Solapur,Black,125,65,65,7.0,1100,25,Sugarcane,Urea,https://youtu.be/2t5Am0xLTOo,66191.3
Solapur,Black,130,65,65,7.0,1100,25,Sugarcane,Urea,https://youtu.be/2t5Am0xLTOo,59036.8
Solapur,Black,135,65,65,7.0,1100,25,Sugarcane,Urea,https://youtu.be/2t5Am0xLTOo,59773.0
Solapur,Black,140,65,65,7.0,1100,25,Sugarcane,Urea,https://youtu.be/2t5Am0xLTOo,71727.3
Solapur,Black,145,65,65,7.0,1100,25,Sugarcane,Urea,https://youtu.be/2t5Am0xLTOo,51665.5
Solapur,Black,150,65,65,7.0,1100,25,Sugarcane,Urea,https://youtu.be/2t5Am0xLTOo,76730.1
Solapur,Black,120,70,70,7.5,1200,30,Sugarcane,Urea,https://youtu.be/2t5Am0xLTOo,49913.1
Solapur,Black,125,70,70,7.5,1200,30,Sugarcane,Urea,https://youtu.be/2t5Am0xLTOo,57559.0
Solapur,Black,130,70,70,7.5,1200,30,Sugarcane,Urea,https://youtu.be/2t5Am0xLTOo,84202.5
Solapur,Black,135,70,70,7.5,1200,30,Sugarcane,Urea,https://youtu.be/2t5Am0xLTOo,76262.8
Solapur,Black,140,70,70,7.5,1200,30,Sugarcane,Urea,https://youtu.be/2t5Am0xLTOo,65866.6
Solapur,Black,145,70,70,7.5,1200,30,Sugarcane,Urea,https://youtu.be/2t5Am0xLTOo,55325.7
Solapur,Black,150,70,70,7.5,1200,30,Sugarcane,Urea,https://youtu.be/2t5Am0xLTOo,59735.8
Solapur,Black,120,75,75,8.0,1000,35,Sugarcane,Urea,https://youtu.be/2t5Am0xLTOo,63613.2
Solapur,Black,125,75,75,8.0,1000,35,Sugarcane,Urea,https://youtu.be/2t5Am0xLTOo,63432.2
Solapur,Black,130,75,75,8.0,1000,35,Sugarcane,Urea,https://youtu.be/2t5Am0xLTOo,62319.0
Solapur,Black,135,75,75,8.0,1000,35,Sugarcane,Urea,https://youtu.be/2t5Am0xLTOo,63096.0
Solapur,Black,140,75,75,8.0,1000,35,Sugarcane,Urea,https://youtu.be/2t5Am0xLTOo,61417.0
Solapur,Black,145,75,75,8.0,1000,35,Sugarcane,Urea,https://youtu.be/2t5Am0xLTOo,49157.9
Solapur,Black,150,75,75,8.0,1000,35,Sugarcane,Urea,https://youtu.be/2t5Am0xLTOo,58687.8
Solapur,Black,120,80,80,8.5,1100,20,Sugarcane,Urea,https://youtu.be/2t5Am0xLTOo,71458.1
Solapur,Black,125,80,80,8.5,1100,20,Sugarcane,Urea,https://youtu.be/2t5Am0xLTOo,48973.7
Solapur,Black,130,80,80,8.5,1100,20,Sugarcane,Urea,https://youtu.be/2t5Am0xLTOo,60852.1
Solapur,Black,135,80,80,8.5,1100,20,Sugarcane,Urea,https://youtu.be/2t5Am0xLTOo,54723.5
Solapur,Black,140,80,80,8.5,1100,20,Sugarcane,Urea,https://youtu.be/2t5Am0xLTOo,64200.4
Solapur,Black,145,80,80,8.5,1100,20,Sugarcane,Urea,https://youtu.be/2t5Am0xLTOo,59353.5
Solapur,Black,150,80,80,8.5,1100,20,Sugarcane,DAP,https://youtu.be/2t5Am0xLTOo,78309.6
Solapur,Black,120,60,65,6.5,1200,25,Sugarcane,DAP,https://youtu.be/2t5Am0xLTOo,70959.6
Solapur,Black,125,60,65,6.5,1200,25,Sugarcane,DAP,https://youtu.be/2t5Am0xLTOo,52141.2
Solapur,Black,130,60,65,6.5,1200,25,Sugarcane,DAP,https://youtu.be/2t5Am0xLTOo,73082.1
Solapur,Black,135,60,65,6.5,1200,25,Sugarcane,DAP,https://youtu.be/2t5Am0xLTOo,58079.9
Solapur,Black,140,60,65,6.5,1200,25,Sugarcane,DAP,https://youtu.be/2t5Am0xLTOo,60324.9
Solapur,Black,145,60,65,6.5,1200,25,Sugarcane,DAP,https://youtu.be/2t5Am0xLTOo,69911.0
Solapur,Black,150,60,65,6.5,1200,25,Sugarcane,DAP,https://youtu.be/2t5Am0xLTOo,61561.6
Solapur,Black,120,65,70,7.0,1000,30,Sugarcane,DAP,https://youtu.be/2t5Am0xLTOo,73536.9
Solapur,Black,125,65,70,7.0,1000,30,Sugarcane,DAP,https://youtu.be/2t5Am0xLTOo,56643.1
Solapur,Black,130,65,70,7.0,1000,30,Sugarcane,DAP,https://youtu.be/2t5Am0xLTOo,58401.2
Solapur,Black,135,65,70,7.0,1000,30,Sugarcane,DAP,https://youtu.be/2t5Am0xLTOo,58178.0
Solapur,Black,140,65,70,7.0,1000,30,Sugarcane,DAP,https://youtu.be/2t5Am0xLTOo,59277.9
Solapur,Black,145,65,70,7.0,1000,30,Sugarcane,DAP,https://youtu.be/2t5Am0xLTOo,76706.9
Solapur,Black,150,65,70,7.0,1000,30,Sugarcane,DAP,https://youtu.be/2t5Am0xLTOo,72027.2
Solapur,Black,120,70,75,7.5,1100,35,Sugarcane,DAP,https://youtu.be/2t5Am0xLTOo,81305.2
Solapur,Black,125,70,75,7.5,1100,35,Sugarcane,DAP,https://youtu.be/2t5Am0xLTOo,87209.5
Solapur,Black,130,70,75,7.5,1100,35,Sugarcane,DAP,https://youtu.be/2t5Am0xLTOo,53775.1
Solapur,Black,135,70,75,7.5,1100,35,Sugarcane,DAP,https://youtu.be/2t5Am0xLTOo,65197.3
Solapur,Black,140,70,75,7.5,1100,35,Sugarcane,DAP,https://youtu.be/2t5Am0xLTOo,52578.7
Solapur,Black,145,70,75,7.5,1100,35,Sugarcane,DAP,https://youtu.be/2t5Am0xLTOo,56826.6
Solapur,Black,150,70,75,7.5,1100,35,Sugarcane,DAP,https://youtu.be/2t5Am0xLTOo,58505.2
Solapur,Black,120,75,80,8.0,1200,20,Sugarcane,DAP,https://youtu.be/2t5Am0xLTOo,52738.4
Solapur,Black,125,75,80,8.0,1200,20,Sugarcane,DAP,https://youtu.be/2t5Am0xLTOo,52937.1
Solapur,Black,130,75,80,8.0,1200,20,Sugarcane,DAP,https://youtu.be/2t5Am0xLTOo,62267.1
Solapur,Black,135,75,80,8.0,1200,20,Sugarcane,DAP,https://youtu.be/2t5Am0xLTOo,51556.1
Solapur,Black,140,75,80,8.0,1200,20,Sugarcane,DAP,https://youtu.be/2t5Am0xLTOo,72645.5
Solapur,Black,145,75,80,8.0,1200,20,Sugarcane,DAP,https://youtu.be/2t5Am0xLTOo,54888.6
Solapur,Black,150,75,80,8.0,1200,20,Sugarcane,DAP,https://youtu.be/2t5Am0xLTOo,93169.8
Solapur,Black,120,80,60,8.5,1000,25,Sugarcane,DAP,https://youtu.be/2t5Am0xLTOo,57657.4
Solapur,Black,125,80,60,8.5,1000,25,Sugarcane,DAP,https://youtu.be/2t5Am0xLTOo,62993.6
Solapur,Black,130,80,60,8.5,1000,25,Sugarcane,DAP,https://youtu.be/2t5Am0xLTOo,49607.7
Solapur,Black,135,80,60,8.5,1000,25,Sugarcane,DAP,https://youtu.be/2t5Am0xLTOo,79591.7
Solapur,Black,140,80,60,8.5,1000,25,Sugarcane,DAP,https://youtu.be/2t5Am0xLTOo,73961.2
Solapur,Black,145,80,60,8.5,1000,25,Sugarcane,DAP,https://youtu.be/2t5Am0xLTOo,65939.0
Solapur,Black,150,80,60,8.5,1000,25,Sugarcane,DAP,https://youtu.be/2t5Am0xLTOo,49638.8
Solapur,Black,120,60,70,6.5,1100,30,Sugarcane,MOP,https://youtu.be/2t5Am0xLTOo,67652.7
Solapur,Black,125,60,70,6.5,1100,30,Sugarcane,MOP,https://youtu.be/2t5Am0xLTOo,53956.4
Solapur,Black,130,60,70,6.5,1100,30,Sugarcane,MOP,https://youtu.be/2t5Am0xLTOo,81115.3
Solapur,Black,135,60,70,6.5,1100,30,Sugarcane,MOP,https://youtu.be/2t5Am0xLTOo,74494.5
Solapur,Black,140,60,70,6.5,1100,30,Sugarcane,MOP,https://youtu.be/2t5Am0xLTOo,67198.8
Solapur,Black,145,60,70,6.5,1100,30,Sugarcane,MOP,https://youtu.be/2t5Am0xLTOo,40698.8
Solapur,Black,150,60,70,6.5,1100,30,Sugarcane,MOP,https://youtu.be/2t5Am0xLTOo,56168.0
Solapur,Black,120,65,75,7.0,1200,35,Sugarcane,MOP,https://youtu.be/2t5Am0xLTOo,72006.6
Solapur,Black,125,65,75,7.0,1200,35,Sugarcane,MOP,https://youtu.be/2t5Am0xLTOo,77634.8
Solapur,Black,130,65,75,7.0,1200,35,Sugarcane,MOP,https://youtu.be/2t5Am0xLTOo,76775.0
Solapur,Black,135,65,75,7.0,1200,35,Sugarcane,MOP,https://youtu.be/2t5Am0xLTOo,48910.8
Solapur,Black,140,65,75,7.0,1200,35,Sugarcane,MOP,https://youtu.be/2t5Am0xLTOo,68781.8
Solapur,Black,145,65,75,7.0,1200,35,Sugarcane,MOP,https://youtu.be/2t5Am0xLTOo,76432.8
Solapur,Black,150,65,75,7.0,1200,35,Sugarcane,MOP,https://youtu.be/2t5Am0xLTOo,48620.2
Solapur,Black,120,70,80,7.5,1000,20,Sugarcane,MOP,https://youtu.be/2t5Am0xLTOo,63567.2
Solapur,Black,125,70,80,7.5,1000,20,Sugarcane,MOP,https://youtu.be/2t5Am0xLTOo,66600.1
Solapur,Black,130,70,80,7.5,1000,20,Sugarcane,MOP,https://youtu.be/2t5Am0xLTOo,60945.8
Solapur,Black,135,70,80,7.5,1000,20,Sugarcane,MOP,https://youtu.be/2t5Am0xLTOo,45304.5
Solapur,Black,140,70,80,7.5,1000,20,Sugarcane,MOP,https://youtu.be/2t5Am0xLTOo,61029.5
Solapur,Black,145,70,80,7.5,1000,20,Sugarcane,MOP,https://youtu.be/2t5Am0xLTOo,61181.5
Solapur,Black,150,70,80,7.5,1000,20,Sugarcane,MOP,https://youtu.be/2t5Am0xLTOo,63191.7
Solapur,Black,120,75,60,8.0,1100,25,Sugarcane,MOP,https://youtu.be/2t5Am0xLTOo,57520.8
Solapur,Black,125,75,60,8.0,1100,25,Sugarcane,MOP,https://youtu.be/2t5Am0xLTOo,58891.8
Solapur,Black,130,75,60,8.0,1100,25,Sugarcane,MOP,https://youtu.be/2t5Am0xLTOo,63122.5
Solapur,Black,135,75,60,8.0,1100,25,Sugarcane,MOP,https://youtu.be/2t5Am0xLTOo,68173.2
Solapur,Black,140,75,60,8.0,1100,25,Sugarcane,MOP,https://youtu.be/2t5Am0xLTOo,60785.3
Solapur,Black,145,75,60,8.0,1100,25,Sugarcane,MOP,https://youtu.be/2t5Am0xLTOo,59881.7
Solapur,Black,150,75,60,8.0,1100,25,Sugarcane,MOP,https://youtu.be/2t5Am0xLTOo,65164.7
Solapur,Black,120,80,65,8.5,1200,30,Sugarcane,MOP,https://youtu.be/2t5Am0xLTOo,43503.6
Solapur,Black,125,80,65,8.5,1200,30,Sugarcane,MOP,https://youtu.be/2t5Am0xLTOo,67523.9
Solapur,Black,130,80,65,8.5,1200,30,Sugarcane,MOP,https://youtu.be/2t5Am0xLTOo,62935.8
Solapur,Black,135,80,65,8.5,1200,30,Sugarcane,MOP,https://youtu.be/2t5Am0xLTOo,63511.5
Solapur,Black,140,80,65,8.5,1200,30,Sugarcane,MOP,https://youtu.be/2t5Am0xLTOo,72940.4
Solapur,Black,145,80,65,8.5,1200,30,Sugarcane,MOP,https://youtu.be/2t5Am0xLTOo,43780.6
Solapur,Black,150,80,65,8.5,1200,30,Sugarcane,MOP,https://youtu.be/2t5Am0xLTOo,43687.0
Solapur,Black,120,60,75,6.5,1000,35,Sugarcane,MOP,https://youtu.be/2t5Am0xLTOo,67990.4
Solapur,Black,125,60,75,6.5,1000,35,Sugarcane,MOP,https://youtu.be/2t5Am0xLTOo,65266.9
Solapur,Black,130,60,75,6.5,1000,35,Sugarcane,MOP,https://youtu.be/2t5Am0xLTOo,67294.5
Solapur,Black,135,60,75,6.5,1000,35,Sugarcane,MOP,https://youtu.be/2t5Am0xLTOo,60885.5
Solapur,Black,140,60,75,6.5,1000,35,Sugarcane,MOP,https://youtu.be/2t5Am0xLTOo,72841.3
Solapur,Black,145,60,75,6.5,1000,35,Sugarcane,MOP,https://youtu.be/2t5Am0xLTOo,75858.6
Solapur,Black,150,60,75,6.5,1000,35,Sugarcane,MOP,https://youtu.be/2t5Am0xLTOo,71348.7
Solapur,Black,120,65,80,7.0,1100,20,Sugarcane,MOP,https://youtu.be/2t5Am0xLTOo,62026.6
Solapur,Black,125,65,80,7.0,1100,20,Sugarcane,MOP,https://youtu.be/2t5Am0xLTOo,43170.6
Solapur,Black,130,65,80,7.0,1100,20,Sugarcane,MOP,https://youtu.be/2t5Am0xLTOo,73015.2
Solapur,Black,135,65,80,7.0,1100,20,Sugarcane,MOP,https://youtu.be/2t5Am0xLTOo,77905.8
Solapur,Black,140,65,80,7.0,1100,20,Sugarcane,MOP,https://youtu.be/2t5Am0xLTOo,72124.8
Solapur,Black,145,65,80,7.0,1100,20,Sugarcane,MOP,https://youtu.be/2t5Am0xLTOo,56444.6
Solapur,Black,150,65,80,7.0,1100,20,Sugarcane,MOP,https://youtu.be/2t5Am0xLTOo,72828.1
Solapur,Black,120,70,60,7.5,1200,25,Sugarcane,MOP,https://youtu.be/2t5Am0xLTOo,72916.3
Solapur,Black,125,70,60,7.5,1200,25,Sugarcane,MOP,https://youtu.be/2t5Am0xLTOo,80251.0
Solapur,Black,130,70,60,7.5,1200,25,Sugarcane,MOP,https://youtu.be/2t5Am0xLTOo,55532.1
Solapur,Black,135,70,60,7.5,1200,25,Sugarcane,MOP,https://youtu.be/2t5Am0xLTOo,62357.7
Solapur,Black,140,70,60,7.5,1200,25,Sugarcane,MOP,https://youtu.be/2t5Am0xLTOo,72557.8
Solapur,Black,145,70,60,7.5,1200,25,Sugarcane,MOP,https://youtu.be/2t5Am0xLTOo,65632.0
Solapur,Black,150,70,60,7.5,1200,25,Sugarcane,MOP,https://youtu.be/2t5Am0xLTOo,53646.0
Solapur,Black,120,75,65,8.0,1000,30,Sugarcane,MOP,https://youtu.be/2t5Am0xLTOo,67021.4
Solapur,Black,125,75,65,8.0,1000,30,Sugarcane,MOP,https://youtu.be/2t5Am0xLTOo,68850.5
Solapur,Black,130,75,65,8.0,1000,30,Sugarcane,MOP,https://youtu.be/2t5Am0xLTOo,64114.6
Solapur,Black,135,75,65,8.0,1000,30,Sugarcane,MOP,https://youtu.be/2t5Am0xLTOo,65617.2
Solapur,Black,140,75,65,8.0,1000,30,Sugarcane,MOP,https://youtu.be/2t5Am0xLTOo,60969.4
Solapur,Black,145,75,65,8.0,1000,30,Sugarcane,MOP,https://youtu.be/2t5Am0xLTOo,78722.2
Solapur,Black,150,75,65,8.0,1000,30,Sugarcane,MOP,https://youtu.be/2t5Am0xLTOo,54787.8
Solapur,Black,120,80,70,8.5,1100,35,Sugarcane,MOP,https://youtu.be/2t5Am0xLTOo,56577.0
Solapur,Black,125,80,70,8.5,1100,35,Sugarcane,MOP,https://youtu.be/2t5Am0xLTOo,62677.5
Solapur,Black,130,80,70,8.5,1100,35,Sugarcane,MOP,https://youtu.be/2t5Am0xLTOo,71497.2
Solapur,Black,135,80,70,8.5,1100,35,Sugarcane,MOP,https://youtu.be/2t5Am0xLTOo,47954.2
Solapur,Black,140,80,70,8.5,1100,35,Sugarcane,MOP,https://youtu.be/2t5Am0xLTOo,49959.4
Solapur,Black,145,80,70,8.5,1100,35,Sugarcane,MOP,https://youtu.be/2t5Am0xLTOo,42789.0
Solapur,Black,150,80,70,8.5,1100,35,Sugarcane,MOP,https://youtu.be/2t5Am0xLTOo,63758.7
Solapur,Black,120,60,80,6.5,1200,20,Sugarcane,MOP,https://youtu.be/2t5Am0xLTOo,54014.1
Solapur,Black,125,60,80,6.5,1200,20,Sugarcane,MOP,https://youtu.be/2t5Am0xLTOo,61838.2
Solapur,Black,130,60,80,6.5,1200,20,Sugarcane,MOP,https://youtu.be/2t5Am0xLTOo,72978.8
Solapur,Black,135,60,80,6.5,1200,20,Sugarcane,MOP,https://youtu.be/2t5Am0xLTOo,59479.7
Solapur,Black,140,60,80,6.5,1200,20,Sugarcane,MOP,https://youtu.be/2t5Am0xLTOo,68848.3
Solapur,Black,145,60,80,6.5,1200,20,Sugarcane,MOP,https://youtu.be/2t5Am0xLTOo,63427.3
Solapur,Black,150,60,80,6.5,1200,20,Sugarcane,MOP,https://youtu.be/2t5Am0xLTOo,73902.4
Solapur,Black,120,65,60,7.0,1000,25,Sugarcane,MOP,https://youtu.be/2t5Am0xLTOo,69264.9
Solapur,Black,125,65,60,7.0,1000,25,Sugarcane,MOP,https://youtu.be/2t5Am0xLTOo,57490.0
Solapur,Black,130,65,60,7.0,1000,25,Sugarcane,MOP,https://youtu.be/2t5Am0xLTOo,63032.2
Solapur,Black,135,65,60,7.0,1000,25,Sugarcane,MOP,https://youtu.be/2t5Am0xLTOo,75711.1
Solapur,Black,140,65,60,7.0,1000,25,Sugarcane,MOP,https://youtu.be/2t5Am0xLTOo,69195.7
Solapur,Black,145,65,60,7.0,1000,25,Sugarcane,MOP,https://youtu.be/2t5Am0xLTOo,50821.2
Solapur,Black,150,65,60,7.0,1000,25,Sugarcane,MOP,https://youtu.be/2t5Am0xLTOo,72306.1
Solapur,Black,120,70,65,7.5,1100,30,Sugarcane,MOP,https://youtu.be/2t5Am0xLTOo,52930.6
Solapur,Black,125,70,65,7.5,1100,30,Sugarcane,MOP,https://youtu.be/2t5Am0xLTOo,78502.8
Solapur,Black,130,70,65,7.5,1100,30,Sugarcane,MOP,https://youtu.be/2t5Am0xLTOo,74754.7
Solapur,Black,135,70,65,7.5,1100,30,Sugarcane,MOP,https://youtu.be/2t5Am0xLTOo,67444.2
Solapur,Black,140,70,65,7.5,1100,30,Sugarcane,MOP,https://youtu.be/2t5Am0xLTOo,66268.3
Solapur,Black,145,70,65,7.5,1100,30,Sugarcane,MOP,https://youtu.be/2t5Am0xLTOo,62679.8
Solapur,Black,150,70,65,7.5,1100,30,Sugarcane,MOP,https://youtu.be/2t5Am0xLTOo,72013.7
Solapur,Black,120,75,70,8.0,1200,35,Sugarcane,MOP,https://youtu.be/2t5Am0xLTOo,59645.9
Solapur,Black,125,75,70,8.0,1200,35,Sugarcane,MOP,https://youtu.be/2t5Am0xLTOo,65929.4
Solapur,Black,130,75,70,8.0,1200,35,Sugarcane,MOP,https://youtu.be/2t5Am0xLTOo,72550.4
Solapur,Black,135,75,70,8.0,1200,35,Sugarcane,MOP,https://youtu.be/2t5Am0xLTOo,58201.5
Solapur,Black,140,75,70,8.0,1200,35,Sugarcane,MOP,https://youtu.be/2t5Am0xLTOo,57807.4
Solapur,Black,145,75,70,8.0,1200,35,Sugarcane,MOP,https://youtu.be/2t5Am0xLTOo,52066.4
Solapur,Black,150,75,70,8.0,1200,35,Sugarcane,MOP,https://youtu.be/2t5Am0xLTOo,53537.0
Solapur,Black,120,80,75,8.5,1000,20,Sugarcane,MOP,https://youtu.be/2t5Am0xLTOo,44077.0
Solapur,Black,125,80,75,8.5,1000,20,Sugarcane,MOP,https://youtu.be/2t5Am0xLTOo,69499.1
Solapur,Black,130,80,75,8.5,1000,20,Sugarcane,MOP,https://youtu.be/2t5Am0xLTOo,80392.5
Solapur,Black,135,80,75,8.5,1000,20,Sugarcane,MOP,https://youtu.be/2t5Am0xLTOo,76799.7
Solapur,Black,140,80,75,8.5,1000,20,Sugarcane,MOP,https://youtu.be/2t5Am0xLTOo,46583.2
Solapur,Black,145,80,75,8.5,1000,20,Sugarcane,MOP,https://youtu.be/2t5Am0xLTOo,70218.0
Solapur,Black,150,80,75,8.5,1000,20,Sugarcane,MOP,https://youtu.be/2t5Am0xLTOo,77400.9
Solapur,Black,20,40,20,6.0,600,25,Groundnut,Chilated Micronutrient,https://youtu.be/xW8wji2zjcU,1160.0
Solapur,Black,25,40,20,6.0,600,25,Groundnut,Chilated Micronutrient,https://youtu.be/xW8wji2zjcU,1306.9
Solapur,Black,30,40,20,6.0,600,25,Groundnut,Chilated Micronutrient,https://youtu.be/xW8wji2zjcU,767.9
Solapur,Black,20,45,25,6.5,700,30,Groundnut,Chilated Micronutrient,https://youtu.be/xW8wji2zjcU,1377.9
Solapur,Black,25,45,25,6.5,700,30,Groundnut,Chilated Micronutrient,https://youtu.be/xW8wji2zjcU,1032.4
Solapur,Black,30,45,25,6.5,700,30,Groundnut,Chilated Micronutrient,https://youtu.be/xW8wji2zjcU,1368.6
Solapur,Black,20,50,30,7.0,800,25,Groundnut,Chilated Micronutrient,https://youtu.be/xW8wji2zjcU,893.2
Solapur,Black,25,50,30,7.0,800,25,Groundnut,Chilated Micronutrient,https://youtu.be/xW8wji2zjcU,1445.6
Solapur,Black,30,50,30,7.0,800,25,Groundnut,Chilated Micronutrient,https://youtu.be/xW8wji2zjcU,1576.2
Solapur,Black,20,55,35,7.5,600,30,Groundnut,Chilated Micronutrient,https://youtu.be/xW8wji2zjcU,1072.4
Solapur,Black,25,55,35,7.5,600,30,Groundnut,Chilated Micronutrient,https://youtu.be/xW8wji2zjcU,985.2
Solapur,Black,30,55,35,7.5,600,30,Groundnut,Chilated Micronutrient,https://youtu.be/xW8wji2zjcU,726.9
Solapur,Black,20,60,40,6.0,700,25,Groundnut,Chilated Micronutrient,https://youtu.be/xW8wji2zjcU,1233.6
Solapur,Black,25,60,40,6.0,700,25,Groundnut,Chilated Micronutrient,https://youtu.be/xW8wji2zjcU,1154.8
Solapur,Black,30,60,40,6.0,700,25,Groundnut,Chilated Micronutrient,https://youtu.be/xW8wji2zjcU,903.6
Solapur,Black,20,40,25,6.5,800,30,Groundnut,SSP,https://youtu.be/xW8wji2zjcU,1428.5
Solapur,Black,25,40,25,6.5,800,30,Groundnut,SSP,https://youtu.be/xW8wji2zjcU,1195.2
Solapur,Black,30,40,25,6.5,800,30,Groundnut,SSP,https://youtu.be/xW8wji2zjcU,1033.6
Solapur,Black,20,45,30,7.0,600,25,Groundnut,SSP,https://youtu.be/xW8wji2zjcU,1139.4
Solapur,Black,25,45,30,7.0,600,25,Groundnut,SSP,https://youtu.be/xW8wji2zjcU,1561.7
Solapur,Black,30,45,30,7.0,600,25,Groundnut,SSP,https://youtu.be/xW8wji2zjcU,1445.5
Solapur,Black,20,50,35,7.5,700,30,Groundnut,SSP,https://youtu.be/xW8wji2zjcU,1240.4
Solapur,Black,25,50,35,7.5,700,30,Groundnut,SSP,https://youtu.be/xW8wji2zjcU,1436.0
Solapur,Black,30,50,35,7.5,700,30,Groundnut,SSP,https://youtu.be/xW8wji2zjcU,983.3
Solapur,Black,20,55,40,6.5,800,25,Groundnut,SSP,https://youtu.be/xW8wji2zjcU,1333.3
Solapur,Black,25,55,40,6.5,800,25,Groundnut,SSP,https://youtu.be/xW8wji2zjcU,1367.9
Solapur,Black,30,55,40,6.5,800,25,Groundnut,SSP,https://youtu.be/xW8wji2zjcU,1207.2
Solapur,Black,20,60,20,7.0,600,30,Groundnut,SSP,https://youtu.be/xW8wji2zjcU,1409.7
Solapur,Black,25,60,20,7.0,600,30,Groundnut,SSP,https://youtu.be/xW8wji2zjcU,1097.1
Solapur,Black,30,60,20,7.0,600,30,Groundnut,SSP,https://youtu.be/xW8wji2zjcU,1437.7
Solapur,Black,20,40,30,7.5,700,25,Groundnut,Chilated Micronutrient,https://youtu.be/xW8wji2zjcU,1403.7
Solapur,Black,25,40,30,7.5,700,25,Groundnut,Chilated Micronutrient,https://youtu.be/xW8wji2zjcU,526.7
Solapur,Black,30,40,30,7.5,700,25,Groundnut,Chilated Micronutrient,https://youtu.be/xW8wji2zjcU,1575.0
Solapur,Black,20,45,35,6.0,800,30,Groundnut,Chilated Micronutrient,https://youtu.be/xW8wji2zjcU,504.2
Solapur,Black,25,45,35,6.0,800,30,Groundnut,Chilated Micronutrient,https://youtu.be/xW8wji2zjcU,1138.5
Solapur,Black,30,45,35,6.0,800,30,Groundnut,Chilated Micronutrient,https://youtu.be/xW8wji2zjcU,1570.5
Solapur,Black,20,50,40,7.0,600,25,Groundnut,Chilated Micronutrient,https://youtu.be/xW8wji2zjcU,1204.9
Solapur,Black,25,50,40,7.0,600,25,Groundnut,Chilated Micronutrient,https://youtu.be/xW8wji2zjcU,911.5
Solapur,Black,30,50,40,7.0,600,25,Groundnut,Chilated Micronutrient,https://youtu.be/xW8wji2zjcU,1010.9
Solapur,Black,20,55,20,7.5,700,30,Groundnut,Chilated Micronutrient,https://youtu.be/xW8wji2zjcU,1541.5
Solapur,Black,25,55,20,7.5,700,30,Groundnut,Chilated Micronutrient,https://youtu.be/xW8wji2zjcU,788.6
Solapur,Black,30,55,20,7.5,700,30,Groundnut,Chilated Micronutrient,https://youtu.be/xW8wji2zjcU,1577.2
Solapur,Black,20,60,25,6.0,800,25,Groundnut,Chilated Micronutrient,https://youtu.be/xW8wji2zjcU,1295.3
Solapur,Black,25,60,25,6.0,800,25,Groundnut,Chilated Micronutrient,https://youtu.be/xW8wji2zjcU,999.8
Solapur,Black,30,60,25,6.0,800,25,Groundnut,Chilated Micronutrient,https://youtu.be/xW8wji2zjcU,1163.7
Solapur,Black,20,40,35,6.5,600,30,Groundnut,SSP,https://youtu.be/xW8wji2zjcU,1032.1
Solapur,Black,25,40,35,6.5,600,30,Groundnut,SSP,https://youtu.be/xW8wji2zjcU,1526.0
Solapur,Black,30,40,35,6.5,600,30,Groundnut,SSP,https://youtu.be/xW8wji2zjcU,1495.7
Solapur,Black,20,45,40,7.5,700,25,Groundnut,SSP,https://youtu.be/xW8wji2zjcU,831.7
Solapur,Black,25,45,40,7.5,700,25,Groundnut,SSP,https://youtu.be/xW8wji2zjcU,1169.7
Solapur,Black,30,45,40,7.5,700,25,Groundnut,SSP,https://youtu.be/xW8wji2zjcU,1055.7
Solapur,Black,20,50,20,6.0,800,30,Groundnut,SSP,https://youtu.be/xW8wji2zjcU,1636.8
Solapur,Black,25,50,20,6.0,800,30,Groundnut,SSP,https://youtu.be/xW8wji2zjcU,951.1
Solapur,Black,30,50,20,6.0,800,30,Groundnut,SSP,https://youtu.be/xW8wji2zjcU,1728.1
Solapur,Black,20,55,25,6.5,600,25,Groundnut,SSP,https://youtu.be/xW8wji2zjcU,1302.6
Solapur,Black,25,55,25,6.5,600,25,Groundnut,SSP,https://youtu.be/xW8wji2zjcU,1009.1
Solapur,Black,30,55,25,6.5,600,25,Groundnut,SSP,https://youtu.be/xW8wji2zjcU,1140.3
Solapur,Black,20,60,30,7.0,700,30,Groundnut,SSP,https://youtu.be/xW8wji2zjcU,1093.8
Solapur,Black,25,60,30,7.0,700,30,Groundnut,SSP,https://youtu.be/xW8wji2zjcU,973.3
Solapur,Black,30,60,30,7.0,700,30,Groundnut,SSP,https://youtu.be/xW8wji2zjcU,1335.9
Solapur,Black,20,40,40,6.0,800,25,Groundnut,Chilated Micronutrient,https://youtu.be/xW8wji2zjcU,972.6
Solapur,Black,25,40,40,6.0,800,25,Groundnut,Chilated Micronutrient,https://youtu.be/xW8wji2zjcU,728.6
Solapur,Black,30,40,40,6.0,800,25,Groundnut,Chilated Micronutrient,https://youtu.be/xW8wji2zjcU,1199.2
Solapur,Black,20,45,20,6.5,600,30,Groundnut,Chilated Micronutrient,https://youtu.be/xW8wji2zjcU,831.2
Solapur,Black,25,45,20,6.5,600,30,Groundnut,Chilated Micronutrient,https://youtu.be/xW8wji2zjcU,1108.6
Solapur,Black,30,45,20,6.5,600,30,Groundnut,Chilated Micronutrient,https://youtu.be/xW8wji2zjcU,1070.8
Solapur,Black,20,50,25,7.5,700,25,Groundnut,Chilated Micronutrient,https://youtu.be/xW8wji2zjcU,1051.3
Solapur,Black,25,50,25,7.5,700,25,Groundnut,Chilated Micronutrient,https://youtu.be/xW8wji2zjcU,1789.7
Solapur,Black,30,50,25,7.5,700,25,Groundnut,Chilated Micronutrient,https://youtu.be/xW8wji2zjcU,1295.9
Solapur,Black,20,55,30,6.0,800,30,Groundnut,Chilated Micronutrient,https://youtu.be/xW8wji2zjcU,1368.9
Solapur,Black,25,55,30,6.0,800,30,Groundnut,Chilated Micronutrient,https://youtu.be/xW8wji2zjcU,842.9
Solapur,Black,30,55,30,6.0,800,30,Groundnut,Chilated Micronutrient,https://youtu.be/xW8wji2zjcU,1140.7
Solapur,Black,20,60,35,6.5,600,20,Groundnut,Chilated Micronutrient,https://youtu.be/xW8wji2zjcU,1373.1
Solapur,Black,25,60,35,6.5,600,20,Groundnut,Chilated Micronutrient,https://youtu.be/xW8wji2zjcU,1049.3
Solapur,Black,30,60,35,6.5,600,20,Groundnut,Chilated Micronutrient,https://youtu.be/xW8wji2zjcU,1565.3
Solapur,Black,40,30,20,6.0,300,20,Soybean,Urea,https://youtu.be/EhyW9blAneM,898.2
Solapur,Black,45,30,20,6.0,300,20,Soybean,Urea,https://youtu.be/EhyW9blAneM,1059.2
Solapur,Black,50,30,20,6.0,300,20,Soybean,Urea,https://youtu.be/EhyW9blAneM,1010.6
Solapur,Black,55,30,20,6.0,300,20,Soybean,Urea,https://youtu.be/EhyW9blAneM,1144.1
Solapur,Black,60,30,20,6.0,300,20,Soybean,Urea,https://youtu.be/EhyW9blAneM,1007.4
Solapur,Black,40,35,25,6.5,400,25,Soybean,Urea,https://youtu.be/EhyW9blAneM,1084.5
Solapur,Black,45,35,25,6.5,400,25,Soybean,Urea,https://youtu.be/EhyW9blAneM,1094.0
Solapur,Black,50,35,25,6.5,400,25,Soybean,Urea,https://youtu.be/EhyW9blAneM,1008.9
Solapur,Black,55,35,25,6.5,400,25,Soybean,Urea,https://youtu.be/EhyW9blAneM,1229.1
Solapur,Black,60,35,25,6.5,400,25,Soybean,Urea,https://youtu.be/EhyW9blAneM,1188.9
Solapur,Black,40,40,30,7.0,300,30,Soybean,Urea,https://youtu.be/EhyW9blAneM,1098.5
Solapur,Black,45,40,30,7.0,300,30,Soybean,Urea,https://youtu.be/EhyW9blAneM,1042.4
Solapur,Black,50,40,30,7.0,300,30,Soybean,Urea,https://youtu.be/EhyW9blAneM,1259.8
Solapur,Black,55,40,30,7.0,300,30,Soybean,Urea,https://youtu.be/EhyW9blAneM,1082.9
Solapur,Black,60,40,30,7.0,300,30,Soybean,Urea,https://youtu.be/EhyW9blAneM,1073.8
Solapur,Black,40,30,25,6.0,400,20,Soybean,20:20:20 NPK,https://youtu.be/EhyW9blAneM,1129.1
Solapur,Black,45,30,25,6.0,400,20,Soybean,20:20:20 NPK,https://youtu.be/EhyW9blAneM,1409.0
Solapur,Black,50,30,25,6.0,400,20,Soybean,20:20:20 NPK,https://youtu.be/EhyW9blAneM,884.5
Solapur,Black,55,30,25,6.0,400,20,Soybean,20:20:20 NPK,https://youtu.be/EhyW9blAneM,1255.8
Solapur,Black,60,30,25,6.0,400,20,Soybean,20:20:20 NPK,https://youtu.be/EhyW9blAneM,793.1
Solapur,Black,40,35,30,6.5,300,25,Soybean,20:20:20 NPK,https://youtu.be/EhyW9blAneM,1164.6
Solapur,Black,45,35,30,6.5,300,25,Soybean,20:20:20 NPK,https://youtu.be/EhyW9blAneM,1407.2
Solapur,Black,50,35,30,6.5,300,25,Soybean,20:20:20 NPK,https://youtu.be/EhyW9blAneM,1219.7
Solapur,Black,55,35,30,6.5,300,25,Soybean,20:20:20 NPK,https://youtu.be/EhyW9blAneM,1167.2
Solapur,Black,60,35,30,6.5,300,25,Soybean,20:20:20 NPK,https://youtu.be/EhyW9blAneM,1040.9
Solapur,Black,40,40,20,7.0,400,30,Soybean,20:20:20 NPK,https://youtu.be/EhyW9blAneM,1125.0
Solapur,Black,45,40,20,7.0,400,30,Soybean,20:20:20 NPK,https://youtu.be/EhyW9blAneM,1079.0
Solapur,Black,50,40,20,7.0,400,30,Soybean,20:20:20 NPK,https://youtu.be/EhyW9blAneM,988.6
Solapur,Black,55,40,20,7.0,400,30,Soybean,20:20:20 NPK,https://youtu.be/EhyW9blAneM,1078.9
Solapur,Black,60,40,20,7.0,400,30,Soybean,20:20:20 NPK,https://youtu.be/EhyW9blAneM,1168.4
Solapur,Black,40,30,30,6.0,300,20,Soybean,SSP,https://youtu.be/EhyW9blAneM,973.1
Solapur,Black,45,30,30,6.0,300,20,Soybean,SSP,https://youtu.be/EhyW9blAneM,969.4
Solapur,Black,50,30,30,6.0,300,20,Soybean,SSP,https://youtu.be/EhyW9blAneM,876.5
Solapur,Black,55,30,30,6.0,300,20,Soybean,SSP,https://youtu.be/EhyW9blAneM,1183.5
Solapur,Black,60,30,30,6.0,300,20,Soybean,SSP,https://youtu.be/EhyW9blAneM,1214.1
Solapur,Black,40,35,20,6.5,400,25,Soybean,SSP,https://youtu.be/EhyW9blAneM,1173.1
Solapur,Black,45,35,20,6.5,400,25,Soybean,SSP,https://youtu.be/EhyW9blAneM,1306.6
Solapur,Black,50,35,20,6.5,400,25,Soybean,SSP,https://youtu.be/EhyW9blAneM,1154.9
Solapur,Black,55,35,20,6.5,400,25,Soybean,SSP,https://youtu.be/EhyW9blAneM,1212.6
Solapur,Black,60,35,20,6.5,400,25,Soybean,SSP,https://youtu.be/EhyW9blAneM,1200.5
Solapur,Black,40,40,25,7.0,300,30,Soybean,SSP,https://youtu.be/EhyW9blAneM,1098.0
Solapur,Black,45,40,25,7.0,300,30,Soybean,SSP,https://youtu.be/EhyW9blAneM,1024.9
Solapur,Black,50,40,25,7.0,300,30,Soybean,SSP,https://youtu.be/EhyW9blAneM,1507.3
Solapur,Black,55,40,25,7.0,300,30,Soybean,SSP,https://youtu.be/EhyW9blAneM,1045.1
Solapur,Black,60,40,25,7.0,300,30,Soybean,SSP,https://youtu.be/EhyW9blAneM,1010.7
Solapur,Black,20,40,20,6.0,700,25,Gram,DAP,https://youtu.be/WX51UmdVRok,947.0
Solapur,Black,25,40,20,6.0,700,25,Gram,DAP,https://youtu.be/WX51UmdVRok,927.1
Solapur,Black,30,40,20,6.0,700,25,Gram,DAP,https://youtu.be/WX51UmdVRok,722.0
Solapur,Black,20,45,25,6.5,800,30,Gram,DAP,https://youtu.be/WX51UmdVRok,1058.1
Solapur,Black,25,45,25,6.5,800,30,Gram,DAP,https://youtu.be/WX51UmdVRok,905.3
Solapur,Black,30,45,25,6.5,800,30,Gram,DAP,https://youtu.be/WX51UmdVRok,777.3
Solapur,Black,20,50,30,7.0,700,35,Gram,DAP,https://youtu.be/WX51UmdVRok,1049.2
Solapur,Black,25,50,30,7.0,700,35,Gram,DAP,https://youtu.be/WX51UmdVRok,981.4
Solapur,Black,30,50,30,7.0,700,35,Gram,DAP,https://youtu.be/WX51UmdVRok,745.2
Solapur,Black,20,40,25,6.0,800,25,Gram,MOP,https://youtu.be/WX51UmdVRok,1120.3
Solapur,Black,25,40,25,6.0,800,25,Gram,MOP,https://youtu.be/WX51UmdVRok,983.0
Solapur,Black,30,40,25,6.0,800,25,Gram,MOP,https://youtu.be/WX51UmdVRok,901.6
Solapur,Black,20,45,30,6.5,700,30,Gram,MOP,https://youtu.be/WX51UmdVRok,1112.1
Solapur,Black,25,45,30,6.5,700,30,Gram,MOP,https://youtu.be/WX51UmdVRok,933.0
Solapur,Black,30,45,30,6.5,700,30,Gram,MOP,https://youtu.be/WX51UmdVRok,911.9
Solapur,Black,20,50,20,7.0,800,35,Gram,MOP,https://youtu.be/WX51UmdVRok,820.8
Solapur,Black,25,50,20,7.0,800,35,Gram,MOP,https://youtu.be/WX51UmdVRok,980.8
Solapur,Black,30,50,20,7.0,800,35,Gram,MOP,https://youtu.be/WX51UmdVRok,970.3
Solapur,Black,20,40,30,6.0,700,25,Gram,DAP,https://youtu.be/WX51UmdVRok,894.7
Solapur,Black,25,40,30,6.0,700,25,Gram,DAP,https://youtu.be/WX51UmdVRok,796.7
Solapur,Black,30,40,30,6.0,700,25,Gram,DAP,https://youtu.be/WX51UmdVRok,914.6
Solapur,Black,20,45,20,6.5,800,30,Gram,DAP,https://youtu.be/WX51UmdVRok,905.6
Solapur,Black,25,45,20,6.5,800,30,Gram,DAP,https://youtu.be/WX51UmdVRok,746.4
Solapur,Black,30,45,20,6.5,800,30,Gram,DAP,https://youtu.be/WX51UmdVRok,730.9
Solapur,Black,20,50,25,7.0,700,35,Gram,DAP,https://youtu.be/WX51UmdVRok,970.8
Solapur,Black,25,50,25,7.0,700,35,Gram,DAP,https://youtu.be/WX51UmdVRok,574.3
Solapur,Black,30,50,25,7.0,700,35,Gram,DAP,https://youtu.be/WX51UmdVRok,931.2
Solapur,Red,30,20,20,6.0,500,25,Tur,Urea,https://youtu.be/WaWgxSZHiWo,773.3
Solapur,Red,35,20,20,6.0,500,25,Tur,Urea,https://youtu.be/WaWgxSZHiWo,1019.2
Solapur,Red,40,20,20,6.0,500,25,Tur,Urea,https://youtu.be/WaWgxSZHiWo,776.0
Solapur,Red,30,25,25,6.5,600,30,Tur,Urea,https://youtu.be/WaWgxSZHiWo,950.6
Solapur,Red,35,25,25,6.5,600,30,Tur,Urea,https://youtu.be/WaWgxSZHiWo,806.0
Solapur,Red,40,25,25,6.5,600,30,Tur,Urea,https://youtu.be/WaWgxSZHiWo,880.1
Solapur,Red,30,30,20,7.0,500,35,Tur,Urea,https://youtu.be/WaWgxSZHiWo,945.7
Solapur,Red,35,30,20,7.0,500,35,Tur,Urea,https://youtu.be/WaWgxSZHiWo,783.9
Solapur,Red,40,30,20,7.0,500,35,Tur,Urea,https://youtu.be/WaWgxSZHiWo,987.4
Solapur,Red,30,20,25,6.0,600,25,Tur,MOP,https://youtu.be/WaWgxSZHiWo,706.9
Solapur,Red,35,20,25,6.0,600,25,Tur,MOP,https://youtu.be/WaWgxSZHiWo,885.6
Solapur,Red,40,20,25,6.0,600,25,Tur,MOP,https://youtu.be/WaWgxSZHiWo,974.7
Solapur,Red,30,25,20,6.5,500,30,Tur,MOP,https://youtu.be/WaWgxSZHiWo,945.8
Solapur,Red,35,25,20,6.5,500,30,Tur,MOP,https://youtu.be/WaWgxSZHiWo,1123.3
Solapur,Red,40,25,20,6.5,500,30,Tur,MOP,https://youtu.be/WaWgxSZHiWo,753.3
Solapur,Red,30,30,25,7.0,600,35,Tur,MOP,https://youtu.be/WaWgxSZHiWo,659.3
Solapur,Red,35,30,25,7.0,600,35,Tur,MOP,https://youtu.be/WaWgxSZHiWo,714.5
Solapur,Red,40,30,25,7.0,600,35,Tur,MOP,https://youtu.be/WaWgxSZHiWo,945.9
Solapur,Black,60,30,20,6.5,400,25,Urad,Urea,https://youtu.be/XtPP-cXCip8,590.4
Solapur,Black,65,30,20,6.5,400,25,Urad,Urea,https://youtu.be/XtPP-cXCip9,551.4
Solapur,Black,70,30,20,6.5,400,25,Urad,Urea,https://youtu.be/XtPP-cXCip10,426.6
Solapur,Black,75,30,20,6.5,400,25,Urad,Urea,https://youtu.be/XtPP-cXCip11,623.7
Solapur,Black,80,30,20,6.5,400,25,Urad,Urea,https://youtu.be/XtPP-cXCip12,418.6
Solapur,Black,60,35,25,7.0,500,30,Urad,Urea,https://youtu.be/XtPP-cXCip13,654.2
Solapur,Black,65,35,25,7.0,500,30,Urad,Urea,https://youtu.be/XtPP-cXCip14,830.0
Solapur,Black,70,35,25,7.0,500,30,Urad,Urea,https://youtu.be/XtPP-cXCip15,576.8
Solapur,Black,75,35,25,7.0,500,30,Urad,Urea,https://youtu.be/XtPP-cXCip16,600.9
Solapur,Black,80,35,25,7.0,500,30,Urad,Urea,https://youtu.be/XtPP-cXCip17,491.5
Solapur,Black,60,40,30,7.5,600,25,Urad,Urea,https://youtu.be/XtPP-cXCip18,348.9
Solapur,Black,65,40,30,7.5,600,25,Urad,Urea,https://youtu.be/XtPP-cXCip19,472.8
Solapur,Black,70,40,30,7.5,600,25,Urad,Urea,https://youtu.be/XtPP-cXCip20,424.2
Solapur,Black,75,40,30,7.5,600,25,Urad,Urea,https://youtu.be/XtPP-cXCip21,389.2
Solapur,Black,80,40,30,7.5,600,25,Urad,Urea,https://youtu.be/XtPP-cXCip22,715.6
Solapur,Black,60,30,25,6.5,400,30,Urad,SSP,https://youtu.be/XtPP-cXCip23,567.3
Solapur,Black,65,30,25,6.5,400,30,Urad,SSP,https://youtu.be/XtPP-cXCip24,580.0
Solapur,Black,70,30,25,6.5,400,30,Urad,SSP,https://youtu.be/XtPP-cXCip25,510.6
Solapur,Black,75,30,25,6.5,400,30,Urad,SSP,https://youtu.be/XtPP-cXCip26,526.3
Solapur,Black,80,30,25,6.5,400,30,Urad,SSP,https://youtu.be/XtPP-cXCip27,646.1
Solapur,Black,60,35,30,7.0,500,25,Urad,SSP,https://youtu.be/XtPP-cXCip28,532.6
Solapur,Black,65,35,30,7.0,500,25,Urad,SSP,https://youtu.be/XtPP-cXCip29,591.9
Solapur,Black,70,35,30,7.0,500,25,Urad,SSP,https://youtu.be/XtPP-cXCip30,519.1
Solapur,Black,75,35,30,7.0,500,25,Urad,SSP,https://youtu.be/XtPP-cXCip31,505.6
Solapur,Black,80,35,30,7.0,500,25,Urad,SSP,https://youtu.be/XtPP-cXCip32,397.1
Solapur,Black,60,40,20,7.5,600,30,Urad,SSP,https://youtu.be/XtPP-cXCip33,331.9
Solapur,Black,65,40,20,7.5,600,30,Urad,SSP,https://youtu.be/XtPP-cXCip34,507.4
Solapur,Black,70,40,20,7.5,600,30,Urad,SSP,https://youtu.be/XtPP-cXCip35,541.4
Solapur,Black,75,40,20,7.5,600,30,Urad,SSP,https://youtu.be/XtPP-cXCip36,405.7
Solapur,Black,80,40,20,7.5,600,30,Urad,SSP,https://youtu.be/XtPP-cXCip37,535.3
Solapur,Black,60,30,30,6.5,400,25,Urad,DAP,https://youtu.be/XtPP-cXCip38,544.8
Solapur,Black,65,30,30,6.5,400,25,Urad,DAP,https://youtu.be/XtPP-cXCip39,318.9
Solapur,Black,70,30,30,6.5,400,25,Urad,DAP,https://youtu.be/XtPP-cXCip40,448.0
Solapur,Black,75,30,30,6.5,400,25,Urad,DAP,https://youtu.be/XtPP-cXCip41,586.4
Solapur,Black,80,30,30,6.5,400,25,Urad,DAP,https://youtu.be/XtPP-cXCip42,586.1
Solapur,Black,60,35,20,7.0,500,30,Urad,DAP,https://youtu.be/XtPP-cXCip43,418.2
Solapur,Black,65,35,20,7.0,500,30,Urad,DAP,https://youtu.be/XtPP-cXCip44,553.8
Solapur,Black,70,35,20,7.0,500,30,Urad,DAP,https://youtu.be/XtPP-cXCip45,644.1
Solapur,Black,75,35,20,7.0,500,30,Urad,DAP,https://youtu.be/XtPP-cXCip46,620.8
Solapur,Black,80,35,20,7.0,500,30,Urad,DAP,https://youtu.be/XtPP-cXCip47,532.6
Solapur,Black,60,40,25,7.5,600,25,Urad,DAP,https://youtu.be/XtPP-cXCip48,485.0
Solapur,Black,65,40,25,7.5,600,25,Urad,DAP,https://youtu.be/XtPP-cXCip49,470.0
Solapur,Black,70,40,25,7.5,600,25,Urad,DAP,https://youtu.be/XtPP-cXCip50,583.4
Solapur,Black,75,40,25,7.5,600,25,Urad,DAP,https://youtu.be/XtPP-cXCip51,557.2
Solapur,Black,80,40,25,7.5,600,25,Urad,DAP,https://youtu.be/XtPP-cXCip52,603.4
Solapur,Black,60,30,20,6.0,500,25,Moong,MOP,https://youtu.be/sQwNkYRVxM8,501.2
Solapur,Black,65,30,20,6.0,500,25,Moong,MOP,https://youtu.be/sQwNkYRVxM9,559.4
Solapur,Black,70,30,20,6.0,500,25,Moong,MOP,https://youtu.be/sQwNkYRVxM10,501.1
Solapur,Black,75,30,20,6.0,500,25,Moong,MOP,https://youtu.be/sQwNkYRVxM11,560.0
Solapur,Black,80,30,20,6.0,500,25,Moong,MOP,https://youtu.be/sQwNkYRVxM12,568.9
Solapur,Black,60,35,25,6.5,600,30,Moong,MOP,https://youtu.be/sQwNkYRVxM13,434.3
Solapur,Black,65,35,25,6.5,600,30,Moong,MOP,https://youtu.be/sQwNkYRVxM14,350.7
Solapur,Black,70,35,25,6.5,600,30,Moong,MOP,https://youtu.be/sQwNkYRVxM15,636.2
Solapur,Black,75,35,25,6.5,600,30,Moong,MOP,https://youtu.be/sQwNkYRVxM16,528.6
Solapur,Black,80,35,25,6.5,600,30,Moong,MOP,https://youtu.be/sQwNkYRVxM17,361.9
Solapur,Black,60,40,30,7.0,700,35,Moong,MOP,https://youtu.be/sQwNkYRVxM18,439.2
Solapur,Black,65,40,30,7.0,700,35,Moong,MOP,https://youtu.be/sQwNkYRVxM19,565.4
Solapur,Black,70,40,30,7.0,700,35,Moong,MOP,https://youtu.be/sQwNkYRVxM20,478.4
Solapur,Black,75,40,30,7.0,700,35,Moong,MOP,https://youtu.be/sQwNkYRVxM21,460.2
Solapur,Black,80,40,30,7.0,700,35,Moong,MOP,https://youtu.be/sQwNkYRVxM22,623.9
Solapur,Black,60,30,25,6.0,500,25,Moong,Urea,https://youtu.be/sQwNkYRVxM23,404.0
Solapur,Black,65,30,25,6.0,500,25,Moong,Urea,https://youtu.be/sQwNkYRVxM24,425.8
Solapur,Black,70,30,25,6.0,500,25,Moong,Urea,https://youtu.be/sQwNkYRVxM25,510.8
Solapur,Black,75,30,25,6.0,500,25,Moong,Urea,https://youtu.be/sQwNkYRVxM26,527.2
Solapur,Black,80,30,25,6.0,500,25,Moong,Urea,https://youtu.be/sQwNkYRVxM27,537.7
Solapur,Black,60,35,30,6.5,600,30,Moong,Urea,https://youtu.be/sQwNkYRVxM28,579.1
Solapur,Black,65,35,30,6.5,600,30,Moong,Urea,https://youtu.be/sQwNkYRVxM29,520.5
Solapur,Black,70,35,30,6.5,600,30,Moong,Urea,https://youtu.be/sQwNkYRVxM30,546.8
Solapur,Black,75,35,30,6.5,600,30,Moong,Urea,https://youtu.be/sQwNkYRVxM31,484.7
Solapur,Black,80,35,30,6.5,600,30,Moong,Urea,https://youtu.be/sQwNkYRVxM32,513.6
Solapur,Black,60,40,20,7.0,700,35,Moong,Urea,https://youtu.be/sQwNkYRVxM33,508.0
Solapur,Black,65,40,20,7.0,700,35,Moong,Urea,https://youtu.be/sQwNkYRVxM34,518.6
Solapur,Black,70,40,20,7.0,700,35,Moong,Urea,https://youtu.be/sQwNkYRVxM35,567.2
Solapur,Black,75,40,20,7.0,700,35,Moong,Urea,https://youtu.be/sQwNkYRVxM36,550.5
Solapur,Black,80,40,20,7.0,700,35,Moong,Urea,https://youtu.be/sQwNkYRVxM37,508.8
Solapur,Black,60,30,30,6.0,500,25,Moong,SSP,https://youtu.be/sQwNkYRVxM38,423.6
Solapur,Black,65,30,30,6.0,500,25,Moong,SSP,https://youtu.be/sQwNkYRVxM39,497.4
Solapur,Black,70,30,30,6.0,500,25,Moong,SSP,https://youtu.be/sQwNkYRVxM40,491.0
Solapur,Black,75,30,30,6.0,500,25,Moong,SSP,https://youtu.be/sQwNkYRVxM41,510.8
Solapur,Black,80,30,30,6.0,500,25,Moong,SSP,https://youtu.be/sQwNkYRVxM42,680.3
Solapur,Black,60,35,20,6.5,600,30,Moong,SSP,https://youtu.be/sQwNkYRVxM43,458.0
Solapur,Black,65,35,20,6.5,600,30,Moong,SSP,https://youtu.be/sQwNkYRVxM44,539.4
Solapur,Black,70,35,20,6.5,600,30,Moong,SSP,https://youtu.be/sQwNkYRVxM45,595.9
Solapur,Black,75,35,20,6.5,600,30,Moong,SSP,https://youtu.be/sQwNkYRVxM46,515.1
Solapur,Black,80,35,20,6.5,600,30,Moong,SSP,https://youtu.be/sQwNkYRVxM47,707.9
Solapur,Black,60,40,25,7.0,700,35,Moong,SSP,https://youtu.be/sQwNkYRVxM48,467.3
Solapur,Black,65,40,25,7.0,700,35,Moong,SSP,https://youtu.be/sQwNkYRVxM49,527.8
Solapur,Black,70,40,25,7.0,700,35,Moong,SSP,https://youtu.be/sQwNkYRVxM50,434.6
Solapur,Black,75,40,25,7.0,700,35,Moong,SSP,https://youtu.be/sQwNkYRVxM51,473.8
Solapur,Black,80,40,25,7.0,700,35,Moong,SSP,https://youtu.be/sQwNkYRVxM52,526.1
Satara,Red,50,30,20,6.0,600,25,Tur,Urea,https://youtu.be/WaWgxSZHiWo,977.6
Satara,Red,55,30,20,6.0,600,25,Tur,Urea,https://youtu.be/WaWgxSZHiWo,906.9
Satara,Red,60,30,20,6.0,600,25,Tur,Urea,https://youtu.be/WaWgxSZHiWo,1041.5
Satara,Red,50,35,25,6.5,700,30,Tur,Urea,https://youtu.be/WaWgxSZHiWo,867.0
Satara,Red,55,35,25,6.5,700,30,Tur,Urea,https://youtu.be/WaWgxSZHiWo,835.7
Satara,Red,60,35,25,6.5,700,30,Tur,Urea,https://youtu.be/WaWgxSZHiWo,1274.2
Satara,Red,50,40,20,6.0,600,35,Tur,Urea,https://youtu.be/WaWgxSZHiWo,921.6
Satara,Red,55,40,20,6.0,600,35,Tur,Urea,https://youtu.be/WaWgxSZHiWo,767.5
Satara,Red,60,40,20,6.0,600,35,Tur,Urea,https://youtu.be/WaWgxSZHiWo,773.4
Satara,Red,50,30,25,6.5,700,25,Tur,SSP,https://youtu.be/WaWgxSZHiWo,743.2
Satara,Red,55,30,25,6.5,700,25,Tur,SSP,https://youtu.be/WaWgxSZHiWo,1013.5
Satara,Red,60,30,25,6.5,700,25,Tur,SSP,https://youtu.be/WaWgxSZHiWo,830.4
Satara,Red,50,35,20,6.0,600,30,Tur,SSP,https://youtu.be/WaWgxSZHiWo,880.8
Satara,Red,55,35,20,6.0,600,30,Tur,SSP,https://youtu.be/WaWgxSZHiWo,856.7
Satara,Red,60,35,20,6.0,600,30,Tur,SSP,https://youtu.be/WaWgxSZHiWo,971.2
Satara,Red,50,40,25,6.5,700,35,Tur,SSP,https://youtu.be/WaWgxSZHiWo,762.6
Satara,Red,55,40,25,6.5,700,35,Tur,SSP,https://youtu.be/WaWgxSZHiWo,732.0
Satara,Red,60,40,25,6.5,700,35,Tur,SSP,https://youtu.be/WaWgxSZHiWo,921.6
Satara,Black,40,25,10,6.0,500,20,Gram,DAP,https://youtu.be/WX51UmdVRok,958.7
Satara,Black,45,25,10,6.0,500,20,Gram,DAP,https://youtu.be/WX51UmdVRok,928.4
Satara,Black,50,25,10,6.0,500,20,Gram,DAP,https://youtu.be/WX51UmdVRok,789.2
Satara,Black,40,30,15,6.5,600,25,Gram,DAP,https://youtu.be/WX51UmdVRok,991.8
Satara,Black,45,30,15,6.5,600,25,Gram,DAP,https://youtu.be/WX51UmdVRok,814.3
Satara,Black,50,30,15,6.5,600,25,Gram,DAP,https://youtu.be/WX51UmdVRok,845.1
Satara,Black,40,25,15,6.0,500,20,Gram,MOP,https://youtu.be/WX51UmdVRok,767.7
Satara,Black,45,25,15,6.0,500,20,Gram,MOP,https://youtu.be/WX51UmdVRok,1048.5
Satara,Black,50,25,15,6.0,500,20,Gram,MOP,https://youtu.be/WX51UmdVRok,968.7
Satara,Black,40,30,10,6.5,600,25,Gram,MOP,https://youtu.be/WX51UmdVRok,982.6
Satara,Black,45,30,10,6.5,600,25,Gram,MOP,https://youtu.be/WX51UmdVRok,1067.2
Satara,Black,50,30,10,6.5,600,25,Gram,MOP,https://youtu.be/WX51UmdVRok,1269.9
Satara,Red,80,40,40,6.0,1000,25,Rice,Urea,https://youtu.be/jvixDVYRMDs,1075.8
Satara,Red,85,40,40,6.0,1000,25,Rice,Urea,https://youtu.be/jvixDVYRMDs,1744.2
Satara,Red,90,40,40,6.0,1000,25,Rice,Urea,https://youtu.be/jvixDVYRMDs,1833.2
Satara,Red,95,40,40,6.0,1000,25,Rice,Urea,https://youtu.be/jvixDVYRMDs,1676.8
Satara,Red,100,40,40,6.0,1000,25,Rice,Urea,https://youtu.be/jvixDVYRMDs,1524.9
Satara,Red,105,40,40,6.0,1000,25,Rice,Urea,https://youtu.be/jvixDVYRMDs,2068.6
Satara,Red,110,40,40,6.0,1000,25,Rice,Urea,https://youtu.be/jvixDVYRMDs,1437.1
Satara,Red,115,40,40,6.0,1000,25,Rice,Urea,https://youtu.be/jvixDVYRMDs,2522.9
Satara,Red,120,40,40,6.0,1000,25,Rice,Urea,https://youtu.be/jvixDVYRMDs,2332.1
Satara,Red,80,45,45,6.5,1100,30,Rice,Urea,https://youtu.be/jvixDVYRMDs,2633.6
Satara,Red,85,45,45,6.5,1100,30,Rice,Urea,https://youtu.be/jvixDVYRMDs,2659.9
Satara,Red,90,45,45,6.5,1100,30,Rice,Urea,https://youtu.be/jvixDVYRMDs,2734.6
Satara,Red,95,45,45,6.5,1100,30,Rice,Urea,https://youtu.be/jvixDVYRMDs,2053.6
Satara,Red,100,45,45,6.5,1100,30,Rice,Urea,https://youtu.be/jvixDVYRMDs,3824.6
Satara,Red,105,45,45,6.5,1100,30,Rice,Urea,https://youtu.be/jvixDVYRMDs,2496.7
Satara,Red,110,45,45,6.5,1100,30,Rice,Urea,https://youtu.be/jvixDVYRMDs,1011.6
Satara,Red,115,45,45,6.5,1100,30,Rice,Urea,https://youtu.be/jvixDVYRMDs,1628.3
Satara,Red,120,45,45,6.5,1100,30,Rice,Urea,https://youtu.be/jvixDVYRMDs,1104.6
Satara,Red,80,50,50,7.0,1200,35,Rice,Urea,https://youtu.be/jvixDVYRMDs,2290.5
Satara,Red,85,50,50,7.0,1200,35,Rice,Urea,https://youtu.be/jvixDVYRMDs,2200.3
Satara,Red,90,50,50,7.0,1200,35,Rice,Urea,https://youtu.be/jvixDVYRMDs,1964.7
Satara,Red,95,50,50,7.0,1200,35,Rice,Urea,https://youtu.be/jvixDVYRMDs,3705.4
Satara,Red,100,50,50,7.0,1200,35,Rice,Urea,https://youtu.be/jvixDVYRMDs,2689.9
Satara,Red,105,50,50,7.0,1200,35,Rice,Urea,https://youtu.be/jvixDVYRMDs,2822.2
Satara,Red,110,50,50,7.0,1200,35,Rice,Urea,https://youtu.be/jvixDVYRMDs,1660.6
Satara,Red,115,50,50,7.0,1200,35,Rice,Urea,https://youtu.be/jvixDVYRMDs,1617.1
Satara,Red,120,50,50,7.0,1200,35,Rice,Urea,https://youtu.be/jvixDVYRMDs,2357.0
Satara,Red,80,55,55,7.5,1300,25,Rice,Urea,https://youtu.be/jvixDVYRMDs,2370.5
Satara,Red,85,55,55,7.5,1300,25,Rice,Urea,https://youtu.be/jvixDVYRMDs,981.7
Satara,Red,90,55,55,7.5,1300,25,Rice,Urea,https://youtu.be/jvixDVYRMDs,2140.4
Satara,Red,95,55,55,7.5,1300,25,Rice,Urea,https://youtu.be/jvixDVYRMDs,2280.9
Satara,Red,100,55,55,7.5,1300,25,Rice,Urea,https://youtu.be/jvixDVYRMDs,2128.4
Satara,Red,105,55,55,7.5,1300,25,Rice,Urea,https://youtu.be/jvixDVYRMDs,1718.3
Satara,Red,110,55,55,7.5,1300,25,Rice,Urea,https://youtu.be/jvixDVYRMDs,1914.2
Satara,Red,115,55,55,7.5,1300,25,Rice,Urea,https://youtu.be/jvixDVYRMDs,2173.2
Satara,Red,120,55,55,7.5,1300,25,Rice,Urea,https://youtu.be/jvixDVYRMDs,2367.1
Satara,Red,80,60,60,6.0,1400,30,Rice,Urea,https://youtu.be/jvixDVYRMDs,2717.5
Satara,Red,85,60,60,6.0,1400,30,Rice,Urea,https://youtu.be/jvixDVYRMDs,3058.8
Satara,Red,90,60,60,6.0,1400,30,Rice,Urea,https://youtu.be/jvixDVYRMDs,2101.1
Satara,Red,95,60,60,6.0,1400,30,Rice,Urea,https://youtu.be/jvixDVYRMDs,1993.0
Satara,Red,100,60,60,6.0,1400,30,Rice,Urea,https://youtu.be/jvixDVYRMDs,2630.3
Satara,Red,105,60,60,6.0,1400,30,Rice,Urea,https://youtu.be/jvixDVYRMDs,2760.5
Satara,Red,110,60,60,6.0,1400,30,Rice,Urea,https://youtu.be/jvixDVYRMDs,2025.5
Satara,Red,115,60,60,6.0,1400,30,Rice,Urea,https://youtu.be/jvixDVYRMDs,2904.0
Satara,Red,120,60,60,6.0,1400,30,Rice,Urea,https://youtu.be/jvixDVYRMDs,3047.4
Satara,Red,80,40,45,6.5,1500,35,Rice,50:26:26 NPK,https://youtu.be/jvixDVYRMDs,3199.8
Satara,Red,85,40,45,6.5,1500,35,Rice,50:26:26 NPK,https://youtu.be/jvixDVYRMDs,3550.4
Satara,Red,90,40,45,6.5,1500,35,Rice,50:26:26 NPK,https://youtu.be/jvixDVYRMDs,1700.4
Satara,Red,95,40,45,6.5,1500,35,Rice,50:26:26 NPK,https://youtu.be/jvixDVYRMDs,2326.3
Satara,Red,100,40,45,6.5,1500,35,Rice,50:26:26 NPK,https://youtu.be/jvixDVYRMDs,2331.1
Satara,Red,105,40,45,6.5,1500,35,Rice,50:26:26 NPK,https://youtu.be/jvixDVYRMDs,2260.2
Satara,Red,110,40,45,6.5,1500,35,Rice,50:26:26 NPK,https://youtu.be/jvixDVYRMDs,1874.5
Satara,Red,115,40,45,6.5,1500,35,Rice,50:26:26 NPK,https://youtu.be/jvixDVYRMDs,1283.1
Satara,Red,120,40,45,6.5,1500,35,Rice,50:26:26 NPK,https://youtu.be/jvixDVYRMDs,2416.0
Satara,Red,80,45,50,7.0,1000,25,Rice,50:26:26 NPK,https://youtu.be/jvixDVYRMDs,1724.9
Satara,Red,85,45,50,7.0,1000,25,Rice,50:26:26 NPK,https://youtu.be/jvixDVYRMDs,2317.4
Satara,Red,90,45,50,7.0,1000,25,Rice,50:26:26 NPK,https://youtu.be/jvixDVYRMDs,1717.2
Satara,Red,95,45,50,7.0,1000,25,Rice,50:26:26 NPK,https://youtu.be/jvixDVYRMDs,1510.8
Satara,Red,100,45,50,7.0,1000,25,Rice,50:26:26 NPK,https://youtu.be/jvixDVYRMDs,2440.4
Satara,Red,105,45,50,7.0,1000,25,Rice,50:26:26 NPK,https://youtu.be/jvixDVYRMDs,2389.4
Satara,Red,110,45,50,7.0,1000,25,Rice,50:26:26 NPK,https://youtu.be/jvixDVYRMDs,2695.1
Satara,Red,115,45,50,7.0,1000,25,Rice,50:26:26 NPK,https://youtu.be/jvixDVYRMDs,3826.9
Satara,Red,120,45,50,7.0,1000,25,Rice,50:26:26 NPK,https://youtu.be/jvixDVYRMDs,2498.7
Satara,Red,80,50,55,7.5,1100,30,Rice,50:26:26 NPK,https://youtu.be/jvixDVYRMDs,2566.6
Satara,Red,85,50,55,7.5,1100,30,Rice,50:26:26 NPK,https://youtu.be/jvixDVYRMDs,1506.8
Satara,Red,90,50,55,7.5,1100,30,Rice,50:26:26 NPK,https://youtu.be/jvixDVYRMDs,1367.7
Satara,Red,95,50,55,7.5,1100,30,Rice,50:26:26 NPK,https://youtu.be/jvixDVYRMDs,3342.8
Satara,Red,100,50,55,7.5,1100,30,Rice,50:26:26 NPK,https://youtu.be/jvixDVYRMDs,1625.9
Satara,Red,105,50,55,7.5,1100,30,Rice,50:26:26 NPK,https://youtu.be/jvixDVYRMDs,1547.3
Satara,Red,110,50,55,7.5,1100,30,Rice,50:26:26 NPK,https://youtu.be/jvixDVYRMDs,2247.8
Satara,Red,115,50,55,7.5,1100,30,Rice,50:26:26 NPK,https://youtu.be/jvixDVYRMDs,2218.7
Satara,Red,120,50,55,7.5,1100,30,Rice,50:26:26 NPK,https://youtu.be/jvixDVYRMDs,1659.1
Satara,Red,80,55,60,6.0,1200,35,Rice,50:26:26 NPK,https://youtu.be/jvixDVYRMDs,2074.3
Satara,Red,85,55,60,6.0,1200,35,Rice,50:26:26 NPK,https://youtu.be/jvixDVYRMDs,3151.7
Satara,Red,90,55,60,6.0,1200,35,Rice,50:26:26 NPK,https://youtu.be/jvixDVYRMDs,1735.3
Satara,Red,95,55,60,6.0,1200,35,Rice,50:26:26 NPK,https://youtu.be/jvixDVYRMDs,1327.5
Satara,Red,100,55,60,6.0,1200,35,Rice,50:26:26 NPK,https://youtu.be/jvixDVYRMDs,2976.7
Satara,Red,105,55,60,6.0,1200,35,Rice,50:26:26 NPK,https://youtu.be/jvixDVYRMDs,2667.1
Satara,Red,110,55,60,6.0,1200,35,Rice,50:26:26 NPK,https://youtu.be/jvixDVYRMDs,1886.4
Satara,Red,115,55,60,6.0,1200,35,Rice,50:26:26 NPK,https://youtu.be/jvixDVYRMDs,1208.7
Satara,Red,120,55,60,6.0,1200,35,Rice,50:26:26 NPK,https://youtu.be/jvixDVYRMDs,1808.7
Satara,Red,80,60,40,6.5,1300,25,Rice,50:26:26 NPK,https://youtu.be/jvixDVYRMDs,2291.0
Satara,Red,85,60,40,6.5,1300,25,Rice,50:26:26 NPK,https://youtu.be/jvixDVYRMDs,3165.8
Satara,Red,90,60,40,6.5,1300,25,Rice,50:26:26 NPK,https://youtu.be/jvixDVYRMDs,1603.5
Satara,Red,95,60,40,6.5,1300,25,Rice,50:26:26 NPK,https://youtu.be/jvixDVYRMDs,2289.2
Satara,Red,100,60,40,6.5,1300,25,Rice,50:26:26 NPK,https://youtu.be/jvixDVYRMDs,2840.8
Satara,Red,105,60,40,6.5,1300,25,Rice,50:26:26 NPK,https://youtu.be/jvixDVYRMDs,649.5
Satara,Red,110,60,40,6.5,1300,25,Rice,50:26:26 NPK,https://youtu.be/jvixDVYRMDs,3115.6
Satara,Red,115,60,40,6.5,1300,25,Rice,50:26:26 NPK,https://youtu.be/jvixDVYRMDs,1520.7
Satara,Red,120,60,40,6.5,1300,25,Rice,50:26:26 NPK,https://youtu.be/jvixDVYRMDs,2623.9
Satara,Red,80,40,50,7.0,1400,30,Rice,Urea,https://youtu.be/jvixDVYRMDs,2432.0
Satara,Red,85,40,50,7.0,1400,30,Rice,Urea,https://youtu.be/jvixDVYRMDs,3017.9
Satara,Red,90,40,50,7.0,1400,30,Rice,Urea,https://youtu.be/jvixDVYRMDs,2656.9
Satara,Red,95,40,50,7.0,1400,30,Rice,Urea,https://youtu.be/jvixDVYRMDs,629.9
Satara,Red,100,40,50,7.0,1400,30,Rice,Urea,https://youtu.be/jvixDVYRMDs,1741.4
Satara,Red,105,40,50,7.0,1400,30,Rice,Urea,https://youtu.be/jvixDVYRMDs,2391.4
Satara,Red,110,40,50,7.0,1400,30,Rice,Urea,https://youtu.be/jvixDVYRMDs,2164.7
Satara,Red,115,40,50,7.0,1400,30,Rice,Urea,https://youtu.be/jvixDVYRMDs,2643.6
Satara,Red,120,40,50,7.0,1400,30,Rice,Urea,https://youtu.be/jvixDVYRMDs,2870.8
Satara,Red,80,45,55,7.5,1500,35,Rice,Urea,https://youtu.be/jvixDVYRMDs,2649.9
Satara,Red,85,45,55,7.5,1500,35,Rice,Urea,https://youtu.be/jvixDVYRMDs,2095.9
Satara,Red,90,45,55,7.5,1500,35,Rice,Urea,https://youtu.be/jvixDVYRMDs,984.4
Satara,Red,95,45,55,7.5,1500,35,Rice,Urea,https://youtu.be/jvixDVYRMDs,1942.3
Satara,Red,100,45,55,7.5,1500,35,Rice,Urea,https://youtu.be/jvixDVYRMDs,2548.2
Satara,Red,105,45,55,7.5,1500,35,Rice,Urea,https://youtu.be/jvixDVYRMDs,1514.9
Satara,Red,110,45,55,7.5,1500,35,Rice,Urea,https://youtu.be/jvixDVYRMDs,2711.6
Satara,Red,115,45,55,7.5,1500,35,Rice,Urea,https://youtu.be/jvixDVYRMDs,2911.8
Satara,Red,120,45,55,7.5,1500,35,Rice,Urea,https://youtu.be/jvixDVYRMDs,2375.6
Satara,Red,80,50,60,6.0,1000,25,Rice,Urea,https://youtu.be/jvixDVYRMDs,405.7
Satara,Red,85,50,60,6.0,1000,25,Rice,Urea,https://youtu.be/jvixDVYRMDs,1384.4
Satara,Red,90,50,60,6.0,1000,25,Rice,Urea,https://youtu.be/jvixDVYRMDs,3578.5
Satara,Red,95,50,60,6.0,1000,25,Rice,Urea,https://youtu.be/jvixDVYRMDs,1900.2
Satara,Red,100,50,60,6.0,1000,25,Rice,Urea,https://youtu.be/jvixDVYRMDs,904.8
Satara,Red,105,50,60,6.0,1000,25,Rice,Urea,https://youtu.be/jvixDVYRMDs,3155.0
Satara,Red,110,50,60,6.0,1000,25,Rice,Urea,https://youtu.be/jvixDVYRMDs,2308.5
Satara,Red,115,50,60,6.0,1000,25,Rice,Urea,https://youtu.be/jvixDVYRMDs,3081.5
Satara,Red,120,50,60,6.0,1000,25,Rice,Urea,https://youtu.be/jvixDVYRMDs,2507.3
Satara,Red,80,55,40,6.5,1100,30,Rice,Urea,https://youtu.be/jvixDVYRMDs,2636.8
Satara,Red,85,55,40,6.5,1100,30,Rice,Urea,https://youtu.be/jvixDVYRMDs,2576.9
Satara,Red,90,55,40,6.5,1100,30,Rice,Urea,https://youtu.be/jvixDVYRMDs,2821.2
Satara,Red,95,55,40,6.5,1100,30,Rice,Urea,https://youtu.be/jvixDVYRMDs,3952.1
Satara,Red,100,55,40,6.5,1100,30,Rice,Urea,https://youtu.be/jvixDVYRMDs,3032.3
Satara,Red,105,55,40,6.5,1100,30,Rice,Urea,https://youtu.be/jvixDVYRMDs,1217.5
Satara,Red,110,55,40,6.5,1100,30,Rice,Urea,https://youtu.be/jvixDVYRMDs,2673.7
Satara,Red,115,55,40,6.5,1100,30,Rice,Urea,https://youtu.be/jvixDVYRMDs,3180.6
Satara,Red,120,55,40,6.5,1100,30,Rice,Urea,https://youtu.be/jvixDVYRMDs,3233.7
Satara,Red,80,60,45,7.0,1200,35,Rice,Urea,https://youtu.be/jvixDVYRMDs,1996.7
Satara,Red,85,60,45,7.0,1200,35,Rice,Urea,https://youtu.be/jvixDVYRMDs,3117.8
Satara,Red,90,60,45,7.0,1200,35,Rice,Urea,https://youtu.be/jvixDVYRMDs,2959.9
Satara,Red,95,60,45,7.0,1200,35,Rice,Urea,https://youtu.be/jvixDVYRMDs,4127.5
Satara,Red,100,60,45,7.0,1200,35,Rice,Urea,https://youtu.be/jvixDVYRMDs,1790.9
Satara,Red,105,60,45,7.0,1200,35,Rice,Urea,https://youtu.be/jvixDVYRMDs,1967.9
Satara,Red,110,60,45,7.0,1200,35,Rice,Urea,https://youtu.be/jvixDVYRMDs,2116.5
Satara,Red,115,60,45,7.0,1200,35,Rice,Urea,https://youtu.be/jvixDVYRMDs,1991.2
Satara,Red,120,60,45,7.0,1200,35,Rice,Urea,https://youtu.be/jvixDVYRMDs,1711.1
Satara,Red,80,40,55,7.5,1300,25,Rice,50:26:26 NPK,https://youtu.be/jvixDVYRMDs,405.7
Satara,Red,85,40,55,7.5,1300,25,Rice,50:26:26 NPK,https://youtu.be/jvixDVYRMDs,1938.4
Satara,Red,90,40,55,7.5,1300,25,Rice,50:26:26 NPK,https://youtu.be/jvixDVYRMDs,2492.5
Satara,Red,95,40,55,7.5,1300,25,Rice,50:26:26 NPK,https://youtu.be/jvixDVYRMDs,1909.5
Satara,Red,100,40,55,7.5,1300,25,Rice,50:26:26 NPK,https://youtu.be/jvixDVYRMDs,3581.5
Satara,Red,105,40,55,7.5,1300,25,Rice,50:26:26 NPK,https://youtu.be/jvixDVYRMDs,2269.1
Satara,Red,110,40,55,7.5,1300,25,Rice,50:26:26 NPK,https://youtu.be/jvixDVYRMDs,3157.3
Satara,Red,115,40,55,7.5,1300,25,Rice,50:26:26 NPK,https://youtu.be/jvixDVYRMDs,2453.7
Satara,Red,120,40,55,7.5,1300,25,Rice,50:26:26 NPK,https://youtu.be/jvixDVYRMDs,2852.8
Satara,Red,80,45,60,6.0,1400,30,Rice,50:26:26 NPK,https://youtu.be/jvixDVYRMDs,2463.3
Satara,Red,85,45,60,6.0,1400,30,Rice,50:26:26 NPK,https://youtu.be/jvixDVYRMDs,3225.8
Satara,Red,90,45,60,6.0,1400,30,Rice,50:26:26 NPK,https://youtu.be/jvixDVYRMDs,2322.3
Satara,Red,95,45,60,6.0,1400,30,Rice,50:26:26 NPK,https://youtu.be/jvixDVYRMDs,2635.9
Satara,Red,100,45,60,6.0,1400,30,Rice,50:26:26 NPK,https://youtu.be/jvixDVYRMDs,2552.6
Satara,Red,105,45,60,6.0,1400,30,Rice,50:26:26 NPK,https://youtu.be/jvixDVYRMDs,2100.8
Satara,Red,110,45,60,6.0,1400,30,Rice,50:26:26 NPK,https://youtu.be/jvixDVYRMDs,2594.4
Satara,Red,115,45,60,6.0,1400,30,Rice,50:26:26 NPK,https://youtu.be/jvixDVYRMDs,3892.0
Satara,Red,120,45,60,6.0,1400,30,Rice,50:26:26 NPK,https://youtu.be/jvixDVYRMDs,2131.4
Satara,Red,80,50,40,6.5,1500,35,Rice,50:26:26 NPK,https://youtu.be/jvixDVYRMDs,2608.6
Satara,Red,85,50,40,6.5,1500,35,Rice,50:26:26 NPK,https://youtu.be/jvixDVYRMDs,3208.3
Satara,Red,90,50,40,6.5,1500,35,Rice,50:26:26 NPK,https://youtu.be/jvixDVYRMDs,3134.2
Satara,Red,95,50,40,6.5,1500,35,Rice,50:26:26 NPK,https://youtu.be/jvixDVYRMDs,2341.4
Satara,Red,100,50,40,6.5,1500,35,Rice,50:26:26 NPK,https://youtu.be/jvixDVYRMDs,641.6
Satara,Red,105,50,40,6.5,1500,35,Rice,50:26:26 NPK,https://youtu.be/jvixDVYRMDs,2715.6
Satara,Red,110,50,40,6.5,1500,35,Rice,50:26:26 NPK,https://youtu.be/jvixDVYRMDs,762.7
Satara,Red,115,50,40,6.5,1500,35,Rice,50:26:26 NPK,https://youtu.be/jvixDVYRMDs,3415.9
Satara,Red,120,50,40,6.5,1500,35,Rice,50:26:26 NPK,https://youtu.be/jvixDVYRMDs,2488.5
Satara,Red,80,55,45,7.0,1000,25,Rice,50:26:26 NPK,https://youtu.be/jvixDVYRMDs,2958.5
Satara,Red,85,55,45,7.0,1000,25,Rice,50:26:26 NPK,https://youtu.be/jvixDVYRMDs,1649.8
Satara,Red,90,55,45,7.0,1000,25,Rice,50:26:26 NPK,https://youtu.be/jvixDVYRMDs,1202.7
Satara,Red,95,55,45,7.0,1000,25,Rice,50:26:26 NPK,https://youtu.be/jvixDVYRMDs,2469.4
Satara,Red,100,55,45,7.0,1000,25,Rice,50:26:26 NPK,https://youtu.be/jvixDVYRMDs,2270.8
Satara,Red,105,55,45,7.0,1000,25,Rice,50:26:26 NPK,https://youtu.be/jvixDVYRMDs,1956.4
Satara,Red,110,55,45,7.0,1000,25,Rice,50:26:26 NPK,https://youtu.be/jvixDVYRMDs,2366.9
Satara,Red,115,55,45,7.0,1000,25,Rice,50:26:26 NPK,https://youtu.be/jvixDVYRMDs,4263.9
Satara,Red,120,55,45,7.0,1000,25,Rice,50:26:26 NPK,https://youtu.be/jvixDVYRMDs,2910.2
Satara,Red,80,60,50,7.5,1100,30,Rice,50:26:26 NPK,https://youtu.be/jvixDVYRMDs,2972.2
Satara,Red,85,60,50,7.5,1100,30,Rice,50:26:26 NPK,https://youtu.be/jvixDVYRMDs,2839.3
Satara,Red,90,60,50,7.5,1100,30,Rice,50:26:26 NPK,https://youtu.be/jvixDVYRMDs,3285.8
Satara,Red,95,60,50,7.5,1100,30,Rice,50:26:26 NPK,https://youtu.be/jvixDVYRMDs,2140.2
Satara,Red,100,60,50,7.5,1100,30,Rice,50:26:26 NPK,https://youtu.be/jvixDVYRMDs,852.7
Satara,Red,105,60,50,7.5,1100,30,Rice,50:26:26 NPK,https://youtu.be/jvixDVYRMDs,2153.4
Satara,Red,110,60,50,7.5,1100,30,Rice,50:26:26 NPK,https://youtu.be/jvixDVYRMDs,2857.4
Satara,Red,115,60,50,7.5,1100,30,Rice,50:26:26 NPK,https://youtu.be/jvixDVYRMDs,1619.0
Satara,Red,120,60,50,7.5,1100,30,Rice,50:26:26 NPK,https://youtu.be/jvixDVYRMDs,2180.2
Satara,Red,80,40,60,6.0,1200,35,Rice,Urea,https://youtu.be/jvixDVYRMDs,1785.6
Satara,Red,85,40,60,6.0,1200,35,Rice,Urea,https://youtu.be/jvixDVYRMDs,3306.3
Satara,Red,90,40,60,6.0,1200,35,Rice,Urea,https://youtu.be/jvixDVYRMDs,2794.4
Satara,Red,95,40,60,6.0,1200,35,Rice,Urea,https://youtu.be/jvixDVYRMDs,2734.4
Satara,Red,100,40,60,6.0,1200,35,Rice,Urea,https://youtu.be/jvixDVYRMDs,2721.4
Satara,Red,105,40,60,6.0,1200,35,Rice,Urea,https://youtu.be/jvixDVYRMDs,2268.8
Satara,Red,110,40,60,6.0,1200,35,Rice,Urea,https://youtu.be/jvixDVYRMDs,2439.8
Satara,Red,115,40,60,6.0,1200,35,Rice,Urea,https://youtu.be/jvixDVYRMDs,1475.0
Satara,Red,120,40,60,6.0,1200,35,Rice,Urea,https://youtu.be/jvixDVYRMDs,773.5
Satara,Red,80,45,40,6.5,1300,25,Rice,Urea,https://youtu.be/jvixDVYRMDs,2410.2
Satara,Red,85,45,40,6.5,1300,25,Rice,Urea,https://youtu.be/jvixDVYRMDs,2539.5
Satara,Red,90,45,40,6.5,1300,25,Rice,Urea,https://youtu.be/jvixDVYRMDs,3171.8
Satara,Red,95,45,40,6.5,1300,25,Rice,Urea,https://youtu.be/jvixDVYRMDs,3437.2
Satara,Red,100,45,40,6.5,1300,25,Rice,Urea,https://youtu.be/jvixDVYRMDs,3446.1
Satara,Red,105,45,40,6.5,1300,25,Rice,Urea,https://youtu.be/jvixDVYRMDs,1627.5
Satara,Red,110,45,40,6.5,1300,25,Rice,Urea,https://youtu.be/jvixDVYRMDs,2093.2
Satara,Red,115,45,40,6.5,1300,25,Rice,Urea,https://youtu.be/jvixDVYRMDs,2695.3
Satara,Red,120,45,40,6.5,1300,25,Rice,Urea,https://youtu.be/jvixDVYRMDs,4176.1
Satara,Red,80,50,45,7.0,1400,30,Rice,Urea,https://youtu.be/jvixDVYRMDs,3305.4
Satara,Red,85,50,45,7.0,1400,30,Rice,Urea,https://youtu.be/jvixDVYRMDs,3063.9
Satara,Red,90,50,45,7.0,1400,30,Rice,Urea,https://youtu.be/jvixDVYRMDs,2021.0
Satara,Red,95,50,45,7.0,1400,30,Rice,Urea,https://youtu.be/jvixDVYRMDs,1680.0
Satara,Red,100,50,45,7.0,1400,30,Rice,Urea,https://youtu.be/jvixDVYRMDs,2858.3
Satara,Red,105,50,45,7.0,1400,30,Rice,Urea,https://youtu.be/jvixDVYRMDs,1536.6
Satara,Red,110,50,45,7.0,1400,30,Rice,Urea,https://youtu.be/jvixDVYRMDs,2149.5
Satara,Red,115,50,45,7.0,1400,30,Rice,Urea,https://youtu.be/jvixDVYRMDs,2243.1
Satara,Red,120,50,45,7.0,1400,30,Rice,Urea,https://youtu.be/jvixDVYRMDs,3461.4
Satara,Red,80,55,50,7.5,1500,35,Rice,Urea,https://youtu.be/jvixDVYRMDs,2008.6
Satara,Red,85,55,50,7.5,1500,35,Rice,Urea,https://youtu.be/jvixDVYRMDs,580.9
Satara,Red,90,55,50,7.5,1500,35,Rice,Urea,https://youtu.be/jvixDVYRMDs,2612.6
Satara,Red,95,55,50,7.5,1500,35,Rice,Urea,https://youtu.be/jvixDVYRMDs,1787.7
Satara,Red,100,55,50,7.5,1500,35,Rice,Urea,https://youtu.be/jvixDVYRMDs,2307.2
Satara,Red,105,55,50,7.5,1500,35,Rice,Urea,https://youtu.be/jvixDVYRMDs,2223.8
Satara,Red,110,55,50,7.5,1500,35,Rice,Urea,https://youtu.be/jvixDVYRMDs,2099.6
Satara,Red,115,55,50,7.5,1500,35,Rice,Urea,https://youtu.be/jvixDVYRMDs,2849.8
Satara,Red,120,55,50,7.5,1500,35,Rice,Urea,https://youtu.be/jvixDVYRMDs,1228.2
Satara,Red,80,60,55,6.0,1000,20,Rice,Urea,https://youtu.be/jvixDVYRMDs,1917.9
Satara,Red,85,60,55,6.0,1000,20,Rice,Urea,https://youtu.be/jvixDVYRMDs,2758.3
Satara,Red,90,60,55,6.0,1000,20,Rice,Urea,https://youtu.be/jvixDVYRMDs,1861.3
Satara,Red,95,60,55,6.0,1000,20,Rice,Urea,https://youtu.be/jvixDVYRMDs,1171.1
Satara,Red,100,60,55,6.0,1000,20,Rice,Urea,https://youtu.be/jvixDVYRMDs,2771.2
Satara,Red,105,60,55,6.0,1000,20,Rice,Urea,https://youtu.be/jvixDVYRMDs,3098.7
Satara,Red,110,60,55,6.0,1000,20,Rice,Urea,https://youtu.be/jvixDVYRMDs,2283.8
Satara,Red,115,60,55,6.0,1000,20,Rice,Urea,https://youtu.be/jvixDVYRMDs,935.6
Satara,Red,120,60,55,6.0,1000,20,Rice,Urea,https://youtu.be/jvixDVYRMDs,2829.3
Satara,Black,40,20,20,6.0,400,25,Jowar,10:26:26 NPK,https://youtu.be/hxuB66J-3BI,766.3
Satara,Black,45,20,20,6.0,400,25,Jowar,10:26:26 NPK,https://youtu.be/hxuB66J-3BI,1171.0
Satara,Black,50,20,20,6.0,400,25,Jowar,10:26:26 NPK,https://youtu.be/hxuB66J-3BI,929.4
Satara,Black,55,20,20,6.0,400,25,Jowar,10:26:26 NPK,https://youtu.be/hxuB66J-3BI,876.3
Satara,Black,60,20,20,6.0,400,25,Jowar,10:26:26 NPK,https://youtu.be/hxuB66J-3BI,1027.1
Satara,Black,40,25,25,6.5,500,30,Jowar,10:26:26 NPK,https://youtu.be/hxuB66J-3BI,1093.3
Satara,Black,45,25,25,6.5,500,30,Jowar,10:26:26 NPK,https://youtu.be/hxuB66J-3BI,1000.1
Satara,Black,50,25,25,6.5,500,30,Jowar,10:26:26 NPK,https://youtu.be/hxuB66J-3BI,1262.2
Satara,Black,55,25,25,6.5,500,30,Jowar,10:26:26 NPK,https://youtu.be/hxuB66J-3BI,1048.1
Satara,Black,60,25,25,6.5,500,30,Jowar,10:26:26 NPK,https://youtu.be/hxuB66J-3BI,1352.7
Satara,Black,40,30,30,7.0,600,35,Jowar,10:26:26 NPK,https://youtu.be/hxuB66J-3BI,1183.0
Satara,Black,45,30,30,7.0,600,35,Jowar,10:26:26 NPK,https://youtu.be/hxuB66J-3BI,982.9
Satara,Black,50,30,30,7.0,600,35,Jowar,10:26:26 NPK,https://youtu.be/hxuB66J-3BI,950.8
Satara,Black,55,30,30,7.0,600,35,Jowar,10:26:26 NPK,https://youtu.be/hxuB66J-3BI,790.0
Satara,Black,60,30,30,7.0,600,35,Jowar,10:26:26 NPK,https://youtu.be/hxuB66J-3BI,1199.5
Satara,Black,40,35,35,7.5,400,25,Jowar,10:26:26 NPK,https://youtu.be/hxuB66J-3BI,1028.4
Satara,Black,45,35,35,7.5,400,25,Jowar,10:26:26 NPK,https://youtu.be/hxuB66J-3BI,620.8
Satara,Black,50,35,35,7.5,400,25,Jowar,10:26:26 NPK,https://youtu.be/hxuB66J-3BI,997.8
Satara,Black,55,35,35,7.5,400,25,Jowar,10:26:26 NPK,https://youtu.be/hxuB66J-3BI,926.0
Satara,Black,60,35,35,7.5,400,25,Jowar,10:26:26 NPK,https://youtu.be/hxuB66J-3BI,1437.8
Satara,Black,40,40,40,6.0,500,30,Jowar,10:26:26 NPK,https://youtu.be/hxuB66J-3BI,773.3
Satara,Black,45,40,40,6.0,500,30,Jowar,10:26:26 NPK,https://youtu.be/hxuB66J-3BI,830.2
Satara,Black,50,40,40,6.0,500,30,Jowar,10:26:26 NPK,https://youtu.be/hxuB66J-3BI,1366.7
Satara,Black,55,40,40,6.0,500,30,Jowar,10:26:26 NPK,https://youtu.be/hxuB66J-3BI,1422.7
Satara,Black,60,40,40,6.0,500,30,Jowar,10:26:26 NPK,https://youtu.be/hxuB66J-3BI,984.5
Satara,Black,40,20,25,6.5,600,35,Jowar,Urea,https://youtu.be/hxuB66J-3BI,1000.9
Satara,Black,45,20,25,6.5,600,35,Jowar,Urea,https://youtu.be/hxuB66J-3BI,1265.7
Satara,Black,50,20,25,6.5,600,35,Jowar,Urea,https://youtu.be/hxuB66J-3BI,650.6
Satara,Black,55,20,25,6.5,600,35,Jowar,Urea,https://youtu.be/hxuB66J-3BI,750.9
Satara,Black,60,20,25,6.5,600,35,Jowar,Urea,https://youtu.be/hxuB66J-3BI,1087.6
Satara,Black,40,25,30,7.0,400,25,Jowar,Urea,https://youtu.be/hxuB66J-3BI,1425.8
Satara,Black,45,25,30,7.0,400,25,Jowar,Urea,https://youtu.be/hxuB66J-3BI,1022.8
Satara,Black,50,25,30,7.0,400,25,Jowar,Urea,https://youtu.be/hxuB66J-3BI,1136.5
Satara,Black,55,25,30,7.0,400,25,Jowar,Urea,https://youtu.be/hxuB66J-3BI,1353.2
Satara,Black,60,25,30,7.0,400,25,Jowar,Urea,https://youtu.be/hxuB66J-3BI,1558.9
Satara,Black,40,30,35,7.5,500,30,Jowar,Urea,https://youtu.be/hxuB66J-3BI,984.6
Satara,Black,45,30,35,7.5,500,30,Jowar,Urea,https://youtu.be/hxuB66J-3BI,1101.8
Satara,Black,50,30,35,7.5,500,30,Jowar,Urea,https://youtu.be/hxuB66J-3BI,1481.3
Satara,Black,55,30,35,7.5,500,30,Jowar,Urea,https://youtu.be/hxuB66J-3BI,799.8
Satara,Black,60,30,35,7.5,500,30,Jowar,Urea,https://youtu.be/hxuB66J-3BI,1326.9
Satara,Black,40,35,40,6.0,600,35,Jowar,Urea,https://youtu.be/hxuB66J-3BI,916.9
Satara,Black,45,35,40,6.0,600,35,Jowar,Urea,https://youtu.be/hxuB66J-3BI,1153.8
Satara,Black,50,35,40,6.0,600,35,Jowar,Urea,https://youtu.be/hxuB66J-3BI,1085.0
Satara,Black,55,35,40,6.0,600,35,Jowar,Urea,https://youtu.be/hxuB66J-3BI,937.9
Satara,Black,60,35,40,6.0,600,35,Jowar,Urea,https://youtu.be/hxuB66J-3BI,935.5
Satara,Black,40,40,20,6.5,400,25,Jowar,Urea,https://youtu.be/hxuB66J-3BI,1196.9
Satara,Black,45,40,20,6.5,400,25,Jowar,Urea,https://youtu.be/hxuB66J-3BI,1352.1
Satara,Black,50,40,20,6.5,400,25,Jowar,Urea,https://youtu.be/hxuB66J-3BI,1118.4
Satara,Black,55,40,20,6.5,400,25,Jowar,Urea,https://youtu.be/hxuB66J-3BI,1164.2
Satara,Black,60,40,20,6.5,400,25,Jowar,Urea,https://youtu.be/hxuB66J-3BI,1274.3
Satara,Black,40,20,30,7.0,500,30,Jowar,SSP,https://youtu.be/hxuB66J-3BI,911.2
Satara,Black,45,20,30,7.0,500,30,Jowar,SSP,https://youtu.be/hxuB66J-3BI,1265.7
Satara,Black,50,20,30,7.0,500,30,Jowar,SSP,https://youtu.be/hxuB66J-3BI,1286.0
Satara,Black,55,20,30,7.0,500,30,Jowar,SSP,https://youtu.be/hxuB66J-3BI,1658.8
Satara,Black,60,20,30,7.0,500,30,Jowar,SSP,https://youtu.be/hxuB66J-3BI,1046.1
Satara,Black,40,25,35,7.5,600,35,Jowar,SSP,https://youtu.be/hxuB66J-3BI,1010.0
Satara,Black,45,25,35,7.5,600,35,Jowar,SSP,https://youtu.be/hxuB66J-3BI,1263.6
Satara,Black,50,25,35,7.5,600,35,Jowar,SSP,https://youtu.be/hxuB66J-3BI,1277.8
Satara,Black,55,25,35,7.5,600,35,Jowar,SSP,https://youtu.be/hxuB66J-3BI,1003.5
Satara,Black,60,25,35,7.5,600,35,Jowar,SSP,https://youtu.be/hxuB66J-3BI,1033.8
Satara,Black,40,30,40,6.0,400,25,Jowar,SSP,https://youtu.be/hxuB66J-3BI,1224.2
Satara,Black,45,30,40,6.0,400,25,Jowar,SSP,https://youtu.be/hxuB66J-3BI,946.1
Satara,Black,50,30,40,6.0,400,25,Jowar,SSP,https://youtu.be/hxuB66J-3BI,1035.2
Satara,Black,55,30,40,6.0,400,25,Jowar,SSP,https://youtu.be/hxuB66J-3BI,1142.0
Satara,Black,60,30,40,6.0,400,25,Jowar,SSP,https://youtu.be/hxuB66J-3BI,1334.0
Satara,Black,40,35,20,6.5,500,30,Jowar,SSP,https://youtu.be/hxuB66J-3BI,1013.1
Satara,Black,45,35,20,6.5,500,30,Jowar,SSP,https://youtu.be/hxuB66J-3BI,755.0
Satara,Black,50,35,20,6.5,500,30,Jowar,SSP,https://youtu.be/hxuB66J-3BI,741.6
Satara,Black,55,35,20,6.5,500,30,Jowar,SSP,https://youtu.be/hxuB66J-3BI,883.4
Satara,Black,60,35,20,6.5,500,30,Jowar,SSP,https://youtu.be/hxuB66J-3BI,874.7
Satara,Black,40,40,25,7.0,600,35,Jowar,SSP,https://youtu.be/hxuB66J-3BI,1100.9
Satara,Black,45,40,25,7.0,600,35,Jowar,SSP,https://youtu.be/hxuB66J-3BI,887.4
Satara,Black,50,40,25,7.0,600,35,Jowar,SSP,https://youtu.be/hxuB66J-3BI,992.3
Satara,Black,55,40,25,7.0,600,35,Jowar,SSP,https://youtu.be/hxuB66J-3BI,980.3
Satara,Black,60,40,25,7.0,600,35,Jowar,SSP,https://youtu.be/hxuB66J-3BI,1053.9
Satara,Black,40,20,35,7.5,400,25,Jowar,10:26:26 NPK,https://youtu.be/hxuB66J-3BI,1353.0
Satara,Black,45,20,35,7.5,400,25,Jowar,10:26:26 NPK,https://youtu.be/hxuB66J-3BI,1224.3
Satara,Black,50,20,35,7.5,400,25,Jowar,10:26:26 NPK,https://youtu.be/hxuB66J-3BI,1097.7
Satara,Black,55,20,35,7.5,400,25,Jowar,10:26:26 NPK,https://youtu.be/hxuB66J-3BI,1004.5
Satara,Black,60,20,35,7.5,400,25,Jowar,10:26:26 NPK,https://youtu.be/hxuB66J-3BI,1013.2
Satara,Black,40,25,40,6.0,500,30,Jowar,10:26:26 NPK,https://youtu.be/hxuB66J-3BI,1181.9
Satara,Black,45,25,40,6.0,500,30,Jowar,10:26:26 NPK,https://youtu.be/hxuB66J-3BI,1238.5
Satara,Black,50,25,40,6.0,500,30,Jowar,10:26:26 NPK,https://youtu.be/hxuB66J-3BI,933.7
Satara,Black,55,25,40,6.0,500,30,Jowar,10:26:26 NPK,https://youtu.be/hxuB66J-3BI,1132.5
Satara,Black,60,25,40,6.0,500,30,Jowar,10:26:26 NPK,https://youtu.be/hxuB66J-3BI,705.5
Satara,Black,40,30,20,6.5,600,35,Jowar,10:26:26 NPK,https://youtu.be/hxuB66J-3BI,1186.3
Satara,Black,45,30,20,6.5,600,35,Jowar,10:26:26 NPK,https://youtu.be/hxuB66J-3BI,1306.3
Satara,Black,50,30,20,6.5,600,35,Jowar,10:26:26 NPK,https://youtu.be/hxuB66J-3BI,1089.4
Satara,Black,55,30,20,6.5,600,35,Jowar,10:26:26 NPK,https://youtu.be/hxuB66J-3BI,1538.4
Satara,Black,60,30,20,6.5,600,35,Jowar,10:26:26 NPK,https://youtu.be/hxuB66J-3BI,967.9
Satara,Black,40,35,25,7.0,400,25,Jowar,10:26:26 NPK,https://youtu.be/hxuB66J-3BI,1162.2
Satara,Black,45,35,25,7.0,400,25,Jowar,10:26:26 NPK,https://youtu.be/hxuB66J-3BI,1113.5
Satara,Black,50,35,25,7.0,400,25,Jowar,10:26:26 NPK,https://youtu.be/hxuB66J-3BI,1103.5
Satara,Black,55,35,25,7.0,400,25,Jowar,10:26:26 NPK,https://youtu.be/hxuB66J-3BI,1104.0
Satara,Black,60,35,25,7.0,400,25,Jowar,10:26:26 NPK,https://youtu.be/hxuB66J-3BI,1153.6
Satara,Black,40,40,30,7.5,500,30,Jowar,10:26:26 NPK,https://youtu.be/hxuB66J-3BI,1284.0
Satara,Black,45,40,30,7.5,500,30,Jowar,10:26:26 NPK,https://youtu.be/hxuB66J-3BI,1396.8
Satara,Black,50,40,30,7.5,500,30,Jowar,10:26:26 NPK,https://youtu.be/hxuB66J-3BI,1116.7
Satara,Black,55,40,30,7.5,500,30,Jowar,10:26:26 NPK,https://youtu.be/hxuB66J-3BI,1289.1
Satara,Black,60,40,30,7.5,500,30,Jowar,10:26:26 NPK,https://youtu.be/hxuB66J-3BI,978.4
Satara,Black,40,20,40,6.0,600,35,Jowar,Urea,https://youtu.be/hxuB66J-3BI,1273.7
Satara,Black,45,20,40,6.0,600,35,Jowar,Urea,https://youtu.be/hxuB66J-3BI,962.1
Satara,Black,50,20,40,6.0,600,35,Jowar,Urea,https://youtu.be/hxuB66J-3BI,1348.8
Satara,Black,55,20,40,6.0,600,35,Jowar,Urea,https://youtu.be/hxuB66J-3BI,1585.7
Satara,Black,60,20,40,6.0,600,35,Jowar,Urea,https://youtu.be/hxuB66J-3BI,1104.4
Satara,Black,40,25,20,6.5,400,25,Jowar,Urea,https://youtu.be/hxuB66J-3BI,670.4
Satara,Black,45,25,20,6.5,400,25,Jowar,Urea,https://youtu.be/hxuB66J-3BI,1015.0
Satara,Black,50,25,20,6.5,400,25,Jowar,Urea,https://youtu.be/hxuB66J-3BI,1390.1
Satara,Black,55,25,20,6.5,400,25,Jowar,Urea,https://youtu.be/hxuB66J-3BI,1252.1
Satara,Black,60,25,20,6.5,400,25,Jowar,Urea,https://youtu.be/hxuB66J-3BI,1192.0
Satara,Black,40,30,25,7.0,500,30,Jowar,Urea,https://youtu.be/hxuB66J-3BI,1327.1
Satara,Black,45,30,25,7.0,500,30,Jowar,Urea,https://youtu.be/hxuB66J-3BI,1222.6
Satara,Black,50,30,25,7.0,500,30,Jowar,Urea,https://youtu.be/hxuB66J-3BI,1378.7
Satara,Black,55,30,25,7.0,500,30,Jowar,Urea,https://youtu.be/hxuB66J-3BI,1320.8
Satara,Black,60,30,25,7.0,500,30,Jowar,Urea,https://youtu.be/hxuB66J-3BI,1450.7
Satara,Black,40,35,30,7.5,600,35,Jowar,Urea,https://youtu.be/hxuB66J-3BI,1185.3
Satara,Black,45,35,30,7.5,600,35,Jowar,Urea,https://youtu.be/hxuB66J-3BI,1301.4
Satara,Black,50,35,30,7.5,600,35,Jowar,Urea,https://youtu.be/hxuB66J-3BI,1055.2
Satara,Black,55,35,30,7.5,600,35,Jowar,Urea,https://youtu.be/hxuB66J-3BI,997.5
Satara,Black,60,35,30,7.5,600,35,Jowar,Urea,https://youtu.be/hxuB66J-3BI,1479.7
Satara,Black,40,40,35,6.0,400,25,Jowar,Urea,https://youtu.be/hxuB66J-3BI,1166.5
Satara,Black,45,40,35,6.0,400,25,Jowar,Urea,https://youtu.be/hxuB66J-3BI,1292.3
Satara,Black,50,40,35,6.0,400,25,Jowar,Urea,https://youtu.be/hxuB66J-3BI,1154.4
Satara,Black,55,40,35,6.0,400,25,Jowar,Urea,https://youtu.be/hxuB66J-3BI,1009.6
Satara,Black,60,40,35,6.0,400,25,Jowar,Urea,https://youtu.be/hxuB66J-3BI,1137.9
Satara,Black,120,60,120,6.0,900,20,Sugarcane,Urea,https://youtu.be/2t5Am0xLTOo,78445.3
Satara,Black,125,60,120,6.0,900,20,Sugarcane,Urea,https://youtu.be/2t5Am0xLTOo,69707.8
Satara,Black,130,60,120,6.0,900,20,Sugarcane,Urea,https://youtu.be/2t5Am0xLTOo,46782.1
Satara,Black,135,60,120,6.0,900,20,Sugarcane,Urea,https://youtu.be/2t5Am0xLTOo,62219.0
Satara,Black,140,60,120,6.0,900,20,Sugarcane,Urea,https://youtu.be/2t5Am0xLTOo,82884.0
Satara,Black,145,60,120,6.0,900,20,Sugarcane,Urea,https://youtu.be/2t5Am0xLTOo,62582.4
Satara,Black,150,60,120,6.0,900,20,Sugarcane,Urea,https://youtu.be/2t5Am0xLTOo,46389.6
Satara,Black,120,65,125,6.5,1000,25,Sugarcane,Urea,https://youtu.be/2t5Am0xLTOo,85041.5
Satara,Black,125,65,125,6.5,1000,25,Sugarcane,Urea,https://youtu.be/2t5Am0xLTOo,72674.7
Satara,Black,130,65,125,6.5,1000,25,Sugarcane,Urea,https://youtu.be/2t5Am0xLTOo,65021.9
Satara,Black,135,65,125,6.5,1000,25,Sugarcane,Urea,https://youtu.be/2t5Am0xLTOo,62047.4
Satara,Black,140,65,125,6.5,1000,25,Sugarcane,Urea,https://youtu.be/2t5Am0xLTOo,77483.0
Satara,Black,145,65,125,6.5,1000,25,Sugarcane,Urea,https://youtu.be/2t5Am0xLTOo,60596.4
Satara,Black,150,65,125,6.5,1000,25,Sugarcane,Urea,https://youtu.be/2t5Am0xLTOo,78608.2
Satara,Black,120,70,130,7.0,900,30,Sugarcane,Urea,https://youtu.be/2t5Am0xLTOo,69869.1
Satara,Black,125,70,130,7.0,900,30,Sugarcane,Urea,https://youtu.be/2t5Am0xLTOo,67017.4
Satara,Black,130,70,130,7.0,900,30,Sugarcane,Urea,https://youtu.be/2t5Am0xLTOo,66186.2
Satara,Black,135,70,130,7.0,900,30,Sugarcane,Urea,https://youtu.be/2t5Am0xLTOo,63069.6
Satara,Black,140,70,130,7.0,900,30,Sugarcane,Urea,https://youtu.be/2t5Am0xLTOo,75853.4
Satara,Black,145,70,130,7.0,900,30,Sugarcane,Urea,https://youtu.be/2t5Am0xLTOo,56269.3
Satara,Black,150,70,130,7.0,900,30,Sugarcane,Urea,https://youtu.be/2t5Am0xLTOo,48566.4
Satara,Black,120,75,135,6.0,1000,35,Sugarcane,Urea,https://youtu.be/2t5Am0xLTOo,71184.7
Satara,Black,125,75,135,6.0,1000,35,Sugarcane,Urea,https://youtu.be/2t5Am0xLTOo,71556.3
Satara,Black,130,75,135,6.0,1000,35,Sugarcane,Urea,https://youtu.be/2t5Am0xLTOo,70191.1
Satara,Black,135,75,135,6.0,1000,35,Sugarcane,Urea,https://youtu.be/2t5Am0xLTOo,69632.3
Satara,Black,140,75,135,6.0,1000,35,Sugarcane,Urea,https://youtu.be/2t5Am0xLTOo,62240.8
Satara,Black,145,75,135,6.0,1000,35,Sugarcane,Urea,https://youtu.be/2t5Am0xLTOo,73981.9
Satara,Black,150,75,135,6.0,1000,35,Sugarcane,Urea,https://youtu.be/2t5Am0xLTOo,65462.6
Satara,Black,120,80,140,6.5,900,20,Sugarcane,Urea,https://youtu.be/2t5Am0xLTOo,60681.1
Satara,Black,125,80,140,6.5,900,20,Sugarcane,Urea,https://youtu.be/2t5Am0xLTOo,62685.1
Satara,Black,130,80,140,6.5,900,20,Sugarcane,Urea,https://youtu.be/2t5Am0xLTOo,87354.3
Satara,Black,135,80,140,6.5,900,20,Sugarcane,Urea,https://youtu.be/2t5Am0xLTOo,48047.5
Satara,Black,140,80,140,6.5,900,20,Sugarcane,Urea,https://youtu.be/2t5Am0xLTOo,71778.6
Satara,Black,145,80,140,6.5,900,20,Sugarcane,Urea,https://youtu.be/2t5Am0xLTOo,48904.5
Satara,Black,150,80,140,6.5,900,20,Sugarcane,Urea,https://youtu.be/2t5Am0xLTOo,65718.2
Satara,Black,120,85,145,7.0,1000,25,Sugarcane,Urea,https://youtu.be/2t5Am0xLTOo,60811.2
Satara,Black,125,85,145,7.0,1000,25,Sugarcane,Urea,https://youtu.be/2t5Am0xLTOo,43806.5
Satara,Black,130,85,145,7.0,1000,25,Sugarcane,Urea,https://youtu.be/2t5Am0xLTOo,69725.6
Satara,Black,135,85,145,7.0,1000,25,Sugarcane,Urea,https://youtu.be/2t5Am0xLTOo,61875.6
Satara,Black,140,85,145,7.0,1000,25,Sugarcane,Urea,https://youtu.be/2t5Am0xLTOo,44019.9
Satara,Black,145,85,145,7.0,1000,25,Sugarcane,Urea,https://youtu.be/2t5Am0xLTOo,75037.0
Satara,Black,150,85,145,7.0,1000,25,Sugarcane,Urea,https://youtu.be/2t5Am0xLTOo,81518.8
Satara,Black,120,90,150,6.0,900,30,Sugarcane,Urea,https://youtu.be/2t5Am0xLTOo,80668.0
Satara,Black,125,90,150,6.0,900,30,Sugarcane,Urea,https://youtu.be/2t5Am0xLTOo,69141.7
Satara,Black,130,90,150,6.0,900,30,Sugarcane,Urea,https://youtu.be/2t5Am0xLTOo,66073.4
Satara,Black,135,90,150,6.0,900,30,Sugarcane,Urea,https://youtu.be/2t5Am0xLTOo,79645.8
Satara,Black,140,90,150,6.0,900,30,Sugarcane,Urea,https://youtu.be/2t5Am0xLTOo,83574.1
Satara,Black,145,90,150,6.0,900,30,Sugarcane,Urea,https://youtu.be/2t5Am0xLTOo,78039.3
Satara,Black,150,90,150,6.0,900,30,Sugarcane,Urea,https://youtu.be/2t5Am0xLTOo,56400.9
Satara,Black,120,60,125,6.5,1000,35,Sugarcane,DAP,https://youtu.be/2t5Am0xLTOo,67240.7
Satara,Black,125,60,125,6.5,1000,35,Sugarcane,DAP,https://youtu.be/2t5Am0xLTOo,69900.9
Satara,Black,130,60,125,6.5,1000,35,Sugarcane,DAP,https://youtu.be/2t5Am0xLTOo,46695.7
Satara,Black,135,60,125,6.5,1000,35,Sugarcane,DAP,https://youtu.be/2t5Am0xLTOo,70604.3
Satara,Black,140,60,125,6.5,1000,35,Sugarcane,DAP,https://youtu.be/2t5Am0xLTOo,89672.0
Satara,Black,145,60,125,6.5,1000,35,Sugarcane,DAP,https://youtu.be/2t5Am0xLTOo,72787.6
Satara,Black,150,60,125,6.5,1000,35,Sugarcane,DAP,https://youtu.be/2t5Am0xLTOo,81758.3
Satara,Black,120,65,130,7.0,900,20,Sugarcane,DAP,https://youtu.be/2t5Am0xLTOo,65966.9
Satara,Black,125,65,130,7.0,900,20,Sugarcane,DAP,https://youtu.be/2t5Am0xLTOo,63538.0
Satara,Black,130,65,130,7.0,900,20,Sugarcane,DAP,https://youtu.be/2t5Am0xLTOo,68368.8
Satara,Black,135,65,130,7.0,900,20,Sugarcane,DAP,https://youtu.be/2t5Am0xLTOo,56271.7
Satara,Black,140,65,130,7.0,900,20,Sugarcane,DAP,https://youtu.be/2t5Am0xLTOo,54905.9
Satara,Black,145,65,130,7.0,900,20,Sugarcane,DAP,https://youtu.be/2t5Am0xLTOo,78078.6
Satara,Black,150,65,130,7.0,900,20,Sugarcane,DAP,https://youtu.be/2t5Am0xLTOo,79393.0
Satara,Black,120,70,135,6.0,1000,25,Sugarcane,DAP,https://youtu.be/2t5Am0xLTOo,54459.8
Satara,Black,125,70,135,6.0,1000,25,Sugarcane,DAP,https://youtu.be/2t5Am0xLTOo,74773.9
Satara,Black,130,70,135,6.0,1000,25,Sugarcane,DAP,https://youtu.be/2t5Am0xLTOo,64094.8
Satara,Black,135,70,135,6.0,1000,25,Sugarcane,DAP,https://youtu.be/2t5Am0xLTOo,68689.2
Satara,Black,140,70,135,6.0,1000,25,Sugarcane,DAP,https://youtu.be/2t5Am0xLTOo,70129.0
Satara,Black,145,70,135,6.0,1000,25,Sugarcane,DAP,https://youtu.be/2t5Am0xLTOo,75880.8
Satara,Black,150,70,135,6.0,1000,25,Sugarcane,DAP,https://youtu.be/2t5Am0xLTOo,66577.1
Satara,Black,120,75,140,6.5,900,30,Sugarcane,DAP,https://youtu.be/2t5Am0xLTOo,80214.7
Satara,Black,125,75,140,6.5,900,30,Sugarcane,DAP,https://youtu.be/2t5Am0xLTOo,68951.4
Satara,Black,130,75,140,6.5,900,30,Sugarcane,DAP,https://youtu.be/2t5Am0xLTOo,72437.8
Satara,Black,135,75,140,6.5,900,30,Sugarcane,DAP,https://youtu.be/2t5Am0xLTOo,57344.4
Satara,Black,140,75,140,6.5,900,30,Sugarcane,DAP,https://youtu.be/2t5Am0xLTOo,88988.2
Satara,Black,145,75,140,6.5,900,30,Sugarcane,DAP,https://youtu.be/2t5Am0xLTOo,71413.0
Satara,Black,150,75,140,6.5,900,30,Sugarcane,DAP,https://youtu.be/2t5Am0xLTOo,74183.0
Satara,Black,120,80,145,7.0,1000,35,Sugarcane,DAP,https://youtu.be/2t5Am0xLTOo,48462.8
Satara,Black,125,80,145,7.0,1000,35,Sugarcane,DAP,https://youtu.be/2t5Am0xLTOo,56737.2
Satara,Black,130,80,145,7.0,1000,35,Sugarcane,DAP,https://youtu.be/2t5Am0xLTOo,78307.1
Satara,Black,135,80,145,7.0,1000,35,Sugarcane,DAP,https://youtu.be/2t5Am0xLTOo,68613.3
Satara,Black,140,80,145,7.0,1000,35,Sugarcane,DAP,https://youtu.be/2t5Am0xLTOo,45807.1
Satara,Black,145,80,145,7.0,1000,35,Sugarcane,DAP,https://youtu.be/2t5Am0xLTOo,76863.6
Satara,Black,150,80,145,7.0,1000,35,Sugarcane,DAP,https://youtu.be/2t5Am0xLTOo,60452.0
Satara,Black,120,85,150,6.0,900,20,Sugarcane,DAP,https://youtu.be/2t5Am0xLTOo,79575.5
Satara,Black,125,85,150,6.0,900,20,Sugarcane,DAP,https://youtu.be/2t5Am0xLTOo,64278.5
Satara,Black,130,85,150,6.0,900,20,Sugarcane,DAP,https://youtu.be/2t5Am0xLTOo,67493.0
Satara,Black,135,85,150,6.0,900,20,Sugarcane,DAP,https://youtu.be/2t5Am0xLTOo,77819.7
Satara,Black,140,85,150,6.0,900,20,Sugarcane,DAP,https://youtu.be/2t5Am0xLTOo,56361.8
Satara,Black,145,85,150,6.0,900,20,Sugarcane,DAP,https://youtu.be/2t5Am0xLTOo,55518.6
Satara,Black,150,85,150,6.0,900,20,Sugarcane,DAP,https://youtu.be/2t5Am0xLTOo,64027.8
Satara,Black,120,90,120,6.5,1000,25,Sugarcane,DAP,https://youtu.be/2t5Am0xLTOo,75270.2
Satara,Black,125,90,120,6.5,1000,25,Sugarcane,DAP,https://youtu.be/2t5Am0xLTOo,52615.9
Satara,Black,130,90,120,6.5,1000,25,Sugarcane,DAP,https://youtu.be/2t5Am0xLTOo,49178.9
Satara,Black,135,90,120,6.5,1000,25,Sugarcane,DAP,https://youtu.be/2t5Am0xLTOo,75855.2
Satara,Black,140,90,120,6.5,1000,25,Sugarcane,DAP,https://youtu.be/2t5Am0xLTOo,60824.0
Satara,Black,145,90,120,6.5,1000,25,Sugarcane,DAP,https://youtu.be/2t5Am0xLTOo,63246.8
Satara,Black,150,90,120,6.5,1000,25,Sugarcane,DAP,https://youtu.be/2t5Am0xLTOo,47690.3
Satara,Black,120,60,130,7.0,900,30,Sugarcane,MOP,https://youtu.be/2t5Am0xLTOo,56992.3
Satara,Black,125,60,130,7.0,900,30,Sugarcane,MOP,https://youtu.be/2t5Am0xLTOo,63982.9
Satara,Black,130,60,130,7.0,900,30,Sugarcane,MOP,https://youtu.be/2t5Am0xLTOo,73730.8
Satara,Black,135,60,130,7.0,900,30,Sugarcane,MOP,https://youtu.be/2t5Am0xLTOo,56531.6
Satara,Black,140,60,130,7.0,900,30,Sugarcane,MOP,https://youtu.be/2t5Am0xLTOo,81602.6
Satara,Black,145,60,130,7.0,900,30,Sugarcane,MOP,https://youtu.be/2t5Am0xLTOo,57739.9
Satara,Black,150,60,130,7.0,900,30,Sugarcane,MOP,https://youtu.be/2t5Am0xLTOo,57915.8
Satara,Black,120,65,135,6.0,1000,35,Sugarcane,MOP,https://youtu.be/2t5Am0xLTOo,80128.2
Satara,Black,125,65,135,6.0,1000,35,Sugarcane,MOP,https://youtu.be/2t5Am0xLTOo,66754.8
Satara,Black,130,65,135,6.0,1000,35,Sugarcane,MOP,https://youtu.be/2t5Am0xLTOo,59089.5
Satara,Black,135,65,135,6.0,1000,35,Sugarcane,MOP,https://youtu.be/2t5Am0xLTOo,63347.2
Satara,Black,140,65,135,6.0,1000,35,Sugarcane,MOP,https://youtu.be/2t5Am0xLTOo,79120.5
Satara,Black,145,65,135,6.0,1000,35,Sugarcane,MOP,https://youtu.be/2t5Am0xLTOo,80512.9
Satara,Black,150,65,135,6.0,1000,35,Sugarcane,MOP,https://youtu.be/2t5Am0xLTOo,56994.7
Satara,Black,120,70,140,6.5,900,20,Sugarcane,MOP,https://youtu.be/2t5Am0xLTOo,64870.1
Satara,Black,125,70,140,6.5,900,20,Sugarcane,MOP,https://youtu.be/2t5Am0xLTOo,66431.0
Satara,Black,130,70,140,6.5,900,20,Sugarcane,MOP,https://youtu.be/2t5Am0xLTOo,55391.3
Satara,Black,135,70,140,6.5,900,20,Sugarcane,MOP,https://youtu.be/2t5Am0xLTOo,65277.5
Satara,Black,140,70,140,6.5,900,20,Sugarcane,MOP,https://youtu.be/2t5Am0xLTOo,66098.8
Satara,Black,145,70,140,6.5,900,20,Sugarcane,MOP,https://youtu.be/2t5Am0xLTOo,78216.7
Satara,Black,150,70,140,6.5,900,20,Sugarcane,MOP,https://youtu.be/2t5Am0xLTOo,79141.8
Satara,Black,120,75,145,7.0,1000,25,Sugarcane,MOP,https://youtu.be/2t5Am0xLTOo,61466.5
Satara,Black,125,75,145,7.0,1000,25,Sugarcane,MOP,https://youtu.be/2t5Am0xLTOo,62827.8
Satara,Black,130,75,145,7.0,1000,25,Sugarcane,MOP,https://youtu.be/2t5Am0xLTOo,72097.1
Satara,Black,135,75,145,7.0,1000,25,Sugarcane,MOP,https://youtu.be/2t5Am0xLTOo,59321.3
Satara,Black,140,75,145,7.0,1000,25,Sugarcane,MOP,https://youtu.be/2t5Am0xLTOo,71708.3
Satara,Black,145,75,145,7.0,1000,25,Sugarcane,MOP,https://youtu.be/2t5Am0xLTOo,64841.2
Satara,Black,150,75,145,7.0,1000,25,Sugarcane,MOP,https://youtu.be/2t5Am0xLTOo,55789.5
Satara,Black,120,80,150,6.0,900,30,Sugarcane,MOP,https://youtu.be/2t5Am0xLTOo,54939.0
Satara,Black,125,80,150,6.0,900,30,Sugarcane,MOP,https://youtu.be/2t5Am0xLTOo,79889.0
Satara,Black,130,80,150,6.0,900,30,Sugarcane,MOP,https://youtu.be/2t5Am0xLTOo,63524.6
Satara,Black,135,80,150,6.0,900,30,Sugarcane,MOP,https://youtu.be/2t5Am0xLTOo,82337.8
Satara,Black,140,80,150,6.0,900,30,Sugarcane,MOP,https://youtu.be/2t5Am0xLTOo,60161.0
Satara,Black,145,80,150,6.0,900,30,Sugarcane,MOP,https://youtu.be/2t5Am0xLTOo,68721.2
Satara,Black,150,80,150,6.0,900,30,Sugarcane,MOP,https://youtu.be/2t5Am0xLTOo,90888.4
Satara,Black,120,85,120,6.5,1000,35,Sugarcane,MOP,https://youtu.be/2t5Am0xLTOo,55170.2
Satara,Black,125,85,120,6.5,1000,35,Sugarcane,MOP,https://youtu.be/2t5Am0xLTOo,46450.0
Satara,Black,130,85,120,6.5,1000,35,Sugarcane,MOP,https://youtu.be/2t5Am0xLTOo,80289.2
Satara,Black,135,85,120,6.5,1000,35,Sugarcane,MOP,https://youtu.be/2t5Am0xLTOo,58075.2
Satara,Black,140,85,120,6.5,1000,35,Sugarcane,MOP,https://youtu.be/2t5Am0xLTOo,66814.9
Satara,Black,145,85,120,6.5,1000,35,Sugarcane,MOP,https://youtu.be/2t5Am0xLTOo,60964.7
Satara,Black,150,85,120,6.5,1000,35,Sugarcane,MOP,https://youtu.be/2t5Am0xLTOo,70271.8
Satara,Black,120,90,125,7.0,900,20,Sugarcane,MOP,https://youtu.be/2t5Am0xLTOo,55386.9
Satara,Black,125,90,125,7.0,900,20,Sugarcane,MOP,https://youtu.be/2t5Am0xLTOo,63544.2
Satara,Black,130,90,125,7.0,900,20,Sugarcane,MOP,https://youtu.be/2t5Am0xLTOo,70278.8
Satara,Black,135,90,125,7.0,900,20,Sugarcane,MOP,https://youtu.be/2t5Am0xLTOo,55243.1
Satara,Black,140,90,125,7.0,900,20,Sugarcane,MOP,https://youtu.be/2t5Am0xLTOo,58622.7
Satara,Black,145,90,125,7.0,900,20,Sugarcane,MOP,https://youtu.be/2t5Am0xLTOo,62487.0
Satara,Black,150,90,125,7.0,900,20,Sugarcane,MOP,https://youtu.be/2t5Am0xLTOo,51269.8
Satara,Black,120,60,135,6.0,1000,25,Sugarcane,Urea,https://youtu.be/2t5Am0xLTOo,59873.8
Satara,Black,125,60,135,6.0,1000,25,Sugarcane,Urea,https://youtu.be/2t5Am0xLTOo,65574.7
Satara,Black,130,60,135,6.0,1000,25,Sugarcane,Urea,https://youtu.be/2t5Am0xLTOo,60446.3
Satara,Black,135,60,135,6.0,1000,25,Sugarcane,Urea,https://youtu.be/2t5Am0xLTOo,61932.6
Satara,Black,140,60,135,6.0,1000,25,Sugarcane,Urea,https://youtu.be/2t5Am0xLTOo,64696.9
Satara,Black,145,60,135,6.0,1000,25,Sugarcane,Urea,https://youtu.be/2t5Am0xLTOo,58305.7
Satara,Black,150,60,135,6.0,1000,25,Sugarcane,Urea,https://youtu.be/2t5Am0xLTOo,72424.4
Satara,Black,120,65,140,6.5,900,30,Sugarcane,Urea,https://youtu.be/2t5Am0xLTOo,79920.9
Satara,Black,125,65,140,6.5,900,30,Sugarcane,Urea,https://youtu.be/2t5Am0xLTOo,60451.9
Satara,Black,130,65,140,6.5,900,30,Sugarcane,Urea,https://youtu.be/2t5Am0xLTOo,70490.0
Satara,Black,135,65,140,6.5,900,30,Sugarcane,Urea,https://youtu.be/2t5Am0xLTOo,63133.6
Satara,Black,140,65,140,6.5,900,30,Sugarcane,Urea,https://youtu.be/2t5Am0xLTOo,69633.6
Satara,Black,145,65,140,6.5,900,30,Sugarcane,Urea,https://youtu.be/2t5Am0xLTOo,82406.1
Satara,Black,150,65,140,6.5,900,30,Sugarcane,Urea,https://youtu.be/2t5Am0xLTOo,71525.8
Satara,Black,120,70,145,7.0,1000,35,Sugarcane,Urea,https://youtu.be/2t5Am0xLTOo,46431.1
Satara,Black,125,70,145,7.0,1000,35,Sugarcane,Urea,https://youtu.be/2t5Am0xLTOo,69484.0
Satara,Black,130,70,145,7.0,1000,35,Sugarcane,Urea,https://youtu.be/2t5Am0xLTOo,77715.5
Satara,Black,135,70,145,7.0,1000,35,Sugarcane,Urea,https://youtu.be/2t5Am0xLTOo,62879.4
Satara,Black,140,70,145,7.0,1000,35,Sugarcane,Urea,https://youtu.be/2t5Am0xLTOo,75685.2
Satara,Black,145,70,145,7.0,1000,35,Sugarcane,Urea,https://youtu.be/2t5Am0xLTOo,58352.2
Satara,Black,150,70,145,7.0,1000,35,Sugarcane,Urea,https://youtu.be/2t5Am0xLTOo,50212.8
Satara,Black,120,75,150,6.0,900,20,Sugarcane,Urea,https://youtu.be/2t5Am0xLTOo,66003.2
Satara,Black,125,75,150,6.0,900,20,Sugarcane,Urea,https://youtu.be/2t5Am0xLTOo,46680.9
Satara,Black,130,75,150,6.0,900,20,Sugarcane,Urea,https://youtu.be/2t5Am0xLTOo,62445.4
Satara,Black,135,75,150,6.0,900,20,Sugarcane,Urea,https://youtu.be/2t5Am0xLTOo,78399.3
Satara,Black,140,75,150,6.0,900,20,Sugarcane,Urea,https://youtu.be/2t5Am0xLTOo,45482.4
Satara,Black,145,75,150,6.0,900,20,Sugarcane,Urea,https://youtu.be/2t5Am0xLTOo,52159.1
Satara,Black,150,75,150,6.0,900,20,Sugarcane,Urea,https://youtu.be/2t5Am0xLTOo,54882.2
Satara,Black,120,80,120,6.5,1000,25,Sugarcane,Urea,https://youtu.be/2t5Am0xLTOo,65409.2
Satara,Black,125,80,120,6.5,1000,25,Sugarcane,Urea,https://youtu.be/2t5Am0xLTOo,62409.1
Satara,Black,130,80,120,6.5,1000,25,Sugarcane,Urea,https://youtu.be/2t5Am0xLTOo,81200.8
Satara,Black,135,80,120,6.5,1000,25,Sugarcane,Urea,https://youtu.be/2t5Am0xLTOo,76719.2
Satara,Black,140,80,120,6.5,1000,25,Sugarcane,Urea,https://youtu.be/2t5Am0xLTOo,72060.3
Satara,Black,145,80,120,6.5,1000,25,Sugarcane,Urea,https://youtu.be/2t5Am0xLTOo,68538.6
Satara,Black,150,80,120,6.5,1000,25,Sugarcane,Urea,https://youtu.be/2t5Am0xLTOo,71367.0
Satara,Black,120,85,125,7.0,900,30,Sugarcane,Urea,https://youtu.be/2t5Am0xLTOo,56109.4
Satara,Black,125,85,125,7.0,900,30,Sugarcane,Urea,https://youtu.be/2t5Am0xLTOo,74060.8
Satara,Black,130,85,125,7.0,900,30,Sugarcane,Urea,https://youtu.be/2t5Am0xLTOo,53825.4
Satara,Black,135,85,125,7.0,900,30,Sugarcane,Urea,https://youtu.be/2t5Am0xLTOo,74243.6
Satara,Black,140,85,125,7.0,900,30,Sugarcane,Urea,https://youtu.be/2t5Am0xLTOo,78108.9
Satara,Black,145,85,125,7.0,900,30,Sugarcane,Urea,https://youtu.be/2t5Am0xLTOo,68116.3
Satara,Black,150,85,125,7.0,900,30,Sugarcane,Urea,https://youtu.be/2t5Am0xLTOo,64240.7
Satara,Black,120,90,130,6.0,1000,35,Sugarcane,Urea,https://youtu.be/2t5Am0xLTOo,69699.2
Satara,Black,125,90,130,6.0,1000,35,Sugarcane,Urea,https://youtu.be/2t5Am0xLTOo,35854.9
Satara,Black,130,90,130,6.0,1000,35,Sugarcane,Urea,https://youtu.be/2t5Am0xLTOo,69057.1
Satara,Black,135,90,130,6.0,1000,35,Sugarcane,Urea,https://youtu.be/2t5Am0xLTOo,64885.6
Satara,Black,140,90,130,6.0,1000,35,Sugarcane,Urea,https://youtu.be/2t5Am0xLTOo,65722.7
Satara,Black,145,90,130,6.0,1000,35,Sugarcane,Urea,https://youtu.be/2t5Am0xLTOo,73889.2
Satara,Black,150,90,130,6.0,1000,35,Sugarcane,Urea,https://youtu.be/2t5Am0xLTOo,65825.4
Satara,Black,120,60,140,6.5,900,20,Sugarcane,DAP,https://youtu.be/2t5Am0xLTOo,53110.5
Satara,Black,125,60,140,6.5,900,20,Sugarcane,DAP,https://youtu.be/2t5Am0xLTOo,63575.2
Satara,Black,130,60,140,6.5,900,20,Sugarcane,DAP,https://youtu.be/2t5Am0xLTOo,65918.2
Satara,Black,135,60,140,6.5,900,20,Sugarcane,DAP,https://youtu.be/2t5Am0xLTOo,66595.4
Satara,Black,140,60,140,6.5,900,20,Sugarcane,DAP,https://youtu.be/2t5Am0xLTOo,67271.3
Satara,Black,145,60,140,6.5,900,20,Sugarcane,DAP,https://youtu.be/2t5Am0xLTOo,76622.7
Satara,Black,150,60,140,6.5,900,20,Sugarcane,DAP,https://youtu.be/2t5Am0xLTOo,54578.0
Satara,Black,120,65,145,7.0,1000,25,Sugarcane,DAP,https://youtu.be/2t5Am0xLTOo,66202.6
Satara,Black,125,65,145,7.0,1000,25,Sugarcane,DAP,https://youtu.be/2t5Am0xLTOo,77815.2
Satara,Black,130,65,145,7.0,1000,25,Sugarcane,DAP,https://youtu.be/2t5Am0xLTOo,46927.4
Satara,Black,135,65,145,7.0,1000,25,Sugarcane,DAP,https://youtu.be/2t5Am0xLTOo,66799.8
Satara,Black,140,65,145,7.0,1000,25,Sugarcane,DAP,https://youtu.be/2t5Am0xLTOo,59073.8
Satara,Black,145,65,145,7.0,1000,25,Sugarcane,DAP,https://youtu.be/2t5Am0xLTOo,61463.6
Satara,Black,150,65,145,7.0,1000,25,Sugarcane,DAP,https://youtu.be/2t5Am0xLTOo,56079.5
Satara,Black,120,70,150,6.0,900,30,Sugarcane,DAP,https://youtu.be/2t5Am0xLTOo,62598.6
Satara,Black,125,70,150,6.0,900,30,Sugarcane,DAP,https://youtu.be/2t5Am0xLTOo,83372.2
Satara,Black,130,70,150,6.0,900,30,Sugarcane,DAP,https://youtu.be/2t5Am0xLTOo,51702.8
Satara,Black,135,70,150,6.0,900,30,Sugarcane,DAP,https://youtu.be/2t5Am0xLTOo,52823.8
Satara,Black,140,70,150,6.0,900,30,Sugarcane,DAP,https://youtu.be/2t5Am0xLTOo,51603.8
Satara,Black,145,70,150,6.0,900,30,Sugarcane,DAP,https://youtu.be/2t5Am0xLTOo,83125.9
Satara,Black,150,70,150,6.0,900,30,Sugarcane,DAP,https://youtu.be/2t5Am0xLTOo,60611.0
Satara,Black,120,75,120,6.5,1000,35,Sugarcane,DAP,https://youtu.be/2t5Am0xLTOo,65576.5
Satara,Black,125,75,120,6.5,1000,35,Sugarcane,DAP,https://youtu.be/2t5Am0xLTOo,61804.7
Satara,Black,130,75,120,6.5,1000,35,Sugarcane,DAP,https://youtu.be/2t5Am0xLTOo,56281.6
Satara,Black,135,75,120,6.5,1000,35,Sugarcane,DAP,https://youtu.be/2t5Am0xLTOo,63915.0
Satara,Black,140,75,120,6.5,1000,35,Sugarcane,DAP,https://youtu.be/2t5Am0xLTOo,92565.4
Satara,Black,145,75,120,6.5,1000,35,Sugarcane,DAP,https://youtu.be/2t5Am0xLTOo,81517.7
Satara,Black,150,75,120,6.5,1000,35,Sugarcane,DAP,https://youtu.be/2t5Am0xLTOo,57877.0
Satara,Black,120,80,125,7.0,900,20,Sugarcane,DAP,https://youtu.be/2t5Am0xLTOo,71443.1
Satara,Black,125,80,125,7.0,900,20,Sugarcane,DAP,https://youtu.be/2t5Am0xLTOo,56384.7
Satara,Black,130,80,125,7.0,900,20,Sugarcane,DAP,https://youtu.be/2t5Am0xLTOo,46767.9
Satara,Black,135,80,125,7.0,900,20,Sugarcane,DAP,https://youtu.be/2t5Am0xLTOo,75898.0
Satara,Black,140,80,125,7.0,900,20,Sugarcane,DAP,https://youtu.be/2t5Am0xLTOo,77569.9
Satara,Black,145,80,125,7.0,900,20,Sugarcane,DAP,https://youtu.be/2t5Am0xLTOo,76594.2
Satara,Black,150,80,125,7.0,900,20,Sugarcane,DAP,https://youtu.be/2t5Am0xLTOo,60950.3
Satara,Black,120,85,130,6.0,1000,25,Sugarcane,DAP,https://youtu.be/2t5Am0xLTOo,63578.5
Satara,Black,125,85,130,6.0,1000,25,Sugarcane,DAP,https://youtu.be/2t5Am0xLTOo,73285.2
Satara,Black,130,85,130,6.0,1000,25,Sugarcane,DAP,https://youtu.be/2t5Am0xLTOo,69751.2
Satara,Black,135,85,130,6.0,1000,25,Sugarcane,DAP,https://youtu.be/2t5Am0xLTOo,61733.4
Satara,Black,140,85,130,6.0,1000,25,Sugarcane,DAP,https://youtu.be/2t5Am0xLTOo,49054.1
Satara,Black,145,85,130,6.0,1000,25,Sugarcane,DAP,https://youtu.be/2t5Am0xLTOo,67407.5
Satara,Black,150,85,130,6.0,1000,25,Sugarcane,DAP,https://youtu.be/2t5Am0xLTOo,77765.8
Satara,Black,120,90,135,6.5,900,30,Sugarcane,DAP,https://youtu.be/2t5Am0xLTOo,53632.3
Satara,Black,125,90,135,6.5,900,30,Sugarcane,DAP,https://youtu.be/2t5Am0xLTOo,73145.2
Satara,Black,130,90,135,6.5,900,30,Sugarcane,DAP,https://youtu.be/2t5Am0xLTOo,70098.4
Satara,Black,135,90,135,6.5,900,30,Sugarcane,DAP,https://youtu.be/2t5Am0xLTOo,74729.8
Satara,Black,140,90,135,6.5,900,30,Sugarcane,DAP,https://youtu.be/2t5Am0xLTOo,76230.2
Satara,Black,145,90,135,6.5,900,30,Sugarcane,DAP,https://youtu.be/2t5Am0xLTOo,59738.2
Satara,Black,150,90,135,6.5,900,30,Sugarcane,DAP,https://youtu.be/2t5Am0xLTOo,50039.2
Satara,Black,120,60,145,7.0,1000,35,Sugarcane,MOP,https://youtu.be/2t5Am0xLTOo,58743.0
Satara,Black,125,60,145,7.0,1000,35,Sugarcane,MOP,https://youtu.be/2t5Am0xLTOo,73447.3
Satara,Black,130,60,145,7.0,1000,35,Sugarcane,MOP,https://youtu.be/2t5Am0xLTOo,58986.4
Satara,Black,135,60,145,7.0,1000,35,Sugarcane,MOP,https://youtu.be/2t5Am0xLTOo,57588.8
Satara,Black,140,60,145,7.0,1000,35,Sugarcane,MOP,https://youtu.be/2t5Am0xLTOo,46131.6
Satara,Black,145,60,145,7.0,1000,35,Sugarcane,MOP,https://youtu.be/2t5Am0xLTOo,83195.0
Satara,Black,150,60,145,7.0,1000,35,Sugarcane,MOP,https://youtu.be/2t5Am0xLTOo,73819.8
Satara,Black,120,65,150,6.0,900,20,Sugarcane,MOP,https://youtu.be/2t5Am0xLTOo,71941.9
Satara,Black,125,65,150,6.0,900,20,Sugarcane,MOP,https://youtu.be/2t5Am0xLTOo,74163.8
Satara,Black,130,65,150,6.0,900,20,Sugarcane,MOP,https://youtu.be/2t5Am0xLTOo,70369.4
Satara,Black,135,65,150,6.0,900,20,Sugarcane,MOP,https://youtu.be/2t5Am0xLTOo,62138.3
Satara,Black,140,65,150,6.0,900,20,Sugarcane,MOP,https://youtu.be/2t5Am0xLTOo,63141.0
Satara,Black,145,65,150,6.0,900,20,Sugarcane,MOP,https://youtu.be/2t5Am0xLTOo,60593.7
Satara,Black,150,65,150,6.0,900,20,Sugarcane,MOP,https://youtu.be/2t5Am0xLTOo,92460.2
Satara,Black,120,70,120,6.5,1000,25,Sugarcane,MOP,https://youtu.be/2t5Am0xLTOo,71407.6
Satara,Black,125,70,120,6.5,1000,25,Sugarcane,MOP,https://youtu.be/2t5Am0xLTOo,60952.9
Satara,Black,130,70,120,6.5,1000,25,Sugarcane,MOP,https://youtu.be/2t5Am0xLTOo,70859.1
Satara,Black,135,70,120,6.5,1000,25,Sugarcane,MOP,https://youtu.be/2t5Am0xLTOo,55544.6
Satara,Black,140,70,120,6.5,1000,25,Sugarcane,MOP,https://youtu.be/2t5Am0xLTOo,82199.0
Satara,Black,145,70,120,6.5,1000,25,Sugarcane,MOP,https://youtu.be/2t5Am0xLTOo,59547.7
Satara,Black,150,70,120,6.5,1000,25,Sugarcane,MOP,https://youtu.be/2t5Am0xLTOo,72023.0
Satara,Black,120,75,125,7.0,900,30,Sugarcane,MOP,https://youtu.be/2t5Am0xLTOo,75483.3
Satara,Black,125,75,125,7.0,900,30,Sugarcane,MOP,https://youtu.be/2t5Am0xLTOo,68691.8
Satara,Black,130,75,125,7.0,900,30,Sugarcane,MOP,https://youtu.be/2t5Am0xLTOo,65890.8
Satara,Black,135,75,125,7.0,900,30,Sugarcane,MOP,https://youtu.be/2t5Am0xLTOo,65209.1
Satara,Black,140,75,125,7.0,900,30,Sugarcane,MOP,https://youtu.be/2t5Am0xLTOo,64692.9
Satara,Black,145,75,125,7.0,900,30,Sugarcane,MOP,https://youtu.be/2t5Am0xLTOo,59464.1
Satara,Black,150,75,125,7.0,900,30,Sugarcane,MOP,https://youtu.be/2t5Am0xLTOo,60954.0
Satara,Black,120,80,130,6.0,1000,35,Sugarcane,MOP,https://youtu.be/2t5Am0xLTOo,80373.1
Satara,Black,125,80,130,6.0,1000,35,Sugarcane,MOP,https://youtu.be/2t5Am0xLTOo,64138.1
Satara,Black,130,80,130,6.0,1000,35,Sugarcane,MOP,https://youtu.be/2t5Am0xLTOo,57277.6
Satara,Black,135,80,130,6.0,1000,35,Sugarcane,MOP,https://youtu.be/2t5Am0xLTOo,60243.8
Satara,Black,140,80,130,6.0,1000,35,Sugarcane,MOP,https://youtu.be/2t5Am0xLTOo,77302.0
Satara,Black,145,80,130,6.0,1000,35,Sugarcane,MOP,https://youtu.be/2t5Am0xLTOo,73063.5
Satara,Black,150,80,130,6.0,1000,35,Sugarcane,MOP,https://youtu.be/2t5Am0xLTOo,72052.1
Satara,Black,120,85,135,6.5,900,20,Sugarcane,MOP,https://youtu.be/2t5Am0xLTOo,63298.5
Satara,Black,125,85,135,6.5,900,20,Sugarcane,MOP,https://youtu.be/2t5Am0xLTOo,72205.7
Satara,Black,130,85,135,6.5,900,20,Sugarcane,MOP,https://youtu.be/2t5Am0xLTOo,59581.8
Satara,Black,135,85,135,6.5,900,20,Sugarcane,MOP,https://youtu.be/2t5Am0xLTOo,63803.5
Satara,Black,140,85,135,6.5,900,20,Sugarcane,MOP,https://youtu.be/2t5Am0xLTOo,77006.1
Satara,Black,145,85,135,6.5,900,20,Sugarcane,MOP,https://youtu.be/2t5Am0xLTOo,76202.5
Satara,Black,150,85,135,6.5,900,20,Sugarcane,MOP,https://youtu.be/2t5Am0xLTOo,56634.9
Satara,Black,120,90,140,7.0,1000,25,Sugarcane,MOP,https://youtu.be/2t5Am0xLTOo,56630.9
Satara,Black,125,90,140,7.0,1000,25,Sugarcane,MOP,https://youtu.be/2t5Am0xLTOo,66848.3
Satara,Black,130,90,140,7.0,1000,25,Sugarcane,MOP,https://youtu.be/2t5Am0xLTOo,83955.6
Satara,Black,135,90,140,7.0,1000,25,Sugarcane,MOP,https://youtu.be/2t5Am0xLTOo,45976.8
Satara,Black,140,90,140,7.0,1000,25,Sugarcane,MOP,https://youtu.be/2t5Am0xLTOo,69183.6
Satara,Black,145,90,140,7.0,1000,25,Sugarcane,MOP,https://youtu.be/2t5Am0xLTOo,51919.5
Satara,Black,150,90,140,7.0,1000,25,Sugarcane,MOP,https://youtu.be/2t5Am0xLTOo,59906.3
Satara,Black,120,60,150,6.0,900,30,Sugarcane,Urea,https://youtu.be/2t5Am0xLTOo,60182.9
Satara,Black,125,60,150,6.0,900,30,Sugarcane,Urea,https://youtu.be/2t5Am0xLTOo,59782.4
Satara,Black,130,60,150,6.0,900,30,Sugarcane,Urea,https://youtu.be/2t5Am0xLTOo,58795.2
Satara,Black,135,60,150,6.0,900,30,Sugarcane,Urea,https://youtu.be/2t5Am0xLTOo,64494.5
Satara,Black,140,60,150,6.0,900,30,Sugarcane,Urea,https://youtu.be/2t5Am0xLTOo,59110.6
Satara,Black,145,60,150,6.0,900,30,Sugarcane,Urea,https://youtu.be/2t5Am0xLTOo,49737.9
Satara,Black,150,60,150,6.0,900,30,Sugarcane,Urea,https://youtu.be/2t5Am0xLTOo,73006.7
Satara,Black,120,65,120,6.5,1000,35,Sugarcane,Urea,https://youtu.be/2t5Am0xLTOo,73203.4
Satara,Black,125,65,120,6.5,1000,35,Sugarcane,Urea,https://youtu.be/2t5Am0xLTOo,74348.7
Satara,Black,130,65,120,6.5,1000,35,Sugarcane,Urea,https://youtu.be/2t5Am0xLTOo,49666.3
Satara,Black,135,65,120,6.5,1000,35,Sugarcane,Urea,https://youtu.be/2t5Am0xLTOo,69065.8
Satara,Black,140,65,120,6.5,1000,35,Sugarcane,Urea,https://youtu.be/2t5Am0xLTOo,73216.5
Satara,Black,145,65,120,6.5,1000,35,Sugarcane,Urea,https://youtu.be/2t5Am0xLTOo,55445.9
Satara,Black,150,65,120,6.5,1000,35,Sugarcane,Urea,https://youtu.be/2t5Am0xLTOo,66582.6
Satara,Black,120,70,125,7.0,900,20,Sugarcane,Urea,https://youtu.be/2t5Am0xLTOo,63142.9
Satara,Black,125,70,125,7.0,900,20,Sugarcane,Urea,https://youtu.be/2t5Am0xLTOo,83381.4
Satara,Black,130,70,125,7.0,900,20,Sugarcane,Urea,https://youtu.be/2t5Am0xLTOo,84460.5
Satara,Black,135,70,125,7.0,900,20,Sugarcane,Urea,https://youtu.be/2t5Am0xLTOo,47727.4
Satara,Black,140,70,125,7.0,900,20,Sugarcane,Urea,https://youtu.be/2t5Am0xLTOo,90813.7
Satara,Black,145,70,125,7.0,900,20,Sugarcane,Urea,https://youtu.be/2t5Am0xLTOo,55752.6
Satara,Black,150,70,125,7.0,900,20,Sugarcane,Urea,https://youtu.be/2t5Am0xLTOo,75599.5
Satara,Black,120,75,130,6.0,1000,25,Sugarcane,Urea,https://youtu.be/2t5Am0xLTOo,74851.6
Satara,Black,125,75,130,6.0,1000,25,Sugarcane,Urea,https://youtu.be/2t5Am0xLTOo,54754.6
Satara,Black,130,75,130,6.0,1000,25,Sugarcane,Urea,https://youtu.be/2t5Am0xLTOo,70326.0
Satara,Black,135,75,130,6.0,1000,25,Sugarcane,Urea,https://youtu.be/2t5Am0xLTOo,64281.5
Satara,Black,140,75,130,6.0,1000,25,Sugarcane,Urea,https://youtu.be/2t5Am0xLTOo,71351.0
Satara,Black,145,75,130,6.0,1000,25,Sugarcane,Urea,https://youtu.be/2t5Am0xLTOo,68167.8
Satara,Black,150,75,130,6.0,1000,25,Sugarcane,Urea,https://youtu.be/2t5Am0xLTOo,78465.9
Satara,Black,120,80,135,6.5,900,30,Sugarcane,Urea,https://youtu.be/2t5Am0xLTOo,66555.6
Satara,Black,125,80,135,6.5,900,30,Sugarcane,Urea,https://youtu.be/2t5Am0xLTOo,64193.4
Satara,Black,130,80,135,6.5,900,30,Sugarcane,Urea,https://youtu.be/2t5Am0xLTOo,77644.9
Satara,Black,135,80,135,6.5,900,30,Sugarcane,Urea,https://youtu.be/2t5Am0xLTOo,72429.7
Satara,Black,140,80,135,6.5,900,30,Sugarcane,Urea,https://youtu.be/2t5Am0xLTOo,74228.7
Satara,Black,145,80,135,6.5,900,30,Sugarcane,Urea,https://youtu.be/2t5Am0xLTOo,59647.0
Satara,Black,150,80,135,6.5,900,30,Sugarcane,Urea,https://youtu.be/2t5Am0xLTOo,55768.9
Satara,Black,120,85,140,7.0,1000,35,Sugarcane,Urea,https://youtu.be/2t5Am0xLTOo,59420.6
Satara,Black,125,85,140,7.0,1000,35,Sugarcane,Urea,https://youtu.be/2t5Am0xLTOo,59032.6
Satara,Black,130,85,140,7.0,1000,35,Sugarcane,Urea,https://youtu.be/2t5Am0xLTOo,73867.0
Satara,Black,135,85,140,7.0,1000,35,Sugarcane,Urea,https://youtu.be/2t5Am0xLTOo,76054.4
Satara,Black,140,85,140,7.0,1000,35,Sugarcane,Urea,https://youtu.be/2t5Am0xLTOo,64403.3
Satara,Black,145,85,140,7.0,1000,35,Sugarcane,Urea,https://youtu.be/2t5Am0xLTOo,81254.2
Satara,Black,150,85,140,7.0,1000,35,Sugarcane,Urea,https://youtu.be/2t5Am0xLTOo,80817.3
Satara,Black,120,90,145,6.0,900,20,Sugarcane,Urea,https://youtu.be/2t5Am0xLTOo,67754.0
Satara,Black,125,90,145,6.0,900,20,Sugarcane,Urea,https://youtu.be/2t5Am0xLTOo,56876.3
Satara,Black,130,90,145,6.0,900,20,Sugarcane,Urea,https://youtu.be/2t5Am0xLTOo,82002.2
Satara,Black,135,90,145,6.0,900,20,Sugarcane,Urea,https://youtu.be/2t5Am0xLTOo,65136.9
Satara,Black,140,90,145,6.0,900,20,Sugarcane,Urea,https://youtu.be/2t5Am0xLTOo,67275.9
Satara,Black,145,90,145,6.0,900,20,Sugarcane,Urea,https://youtu.be/2t5Am0xLTOo,62568.7
Satara,Black,150,90,145,6.0,900,20,Sugarcane,Urea,https://youtu.be/2t5Am0xLTOo,56945.8
Satara,Black,40,40,60,5.5,900,20,Ginger,Urea,https://youtu.be/rPrZO6MqCqI,2957.9
Satara,Black,45,40,60,5.5,900,20,Ginger,Urea,https://youtu.be/rPrZO6MqCqI,7388.4
Satara,Black,50,40,60,5.5,900,20,Ginger,Urea,https://youtu.be/rPrZO6MqCqI,4421.7
Satara,Black,55,40,60,5.5,900,20,Ginger,Urea,https://youtu.be/rPrZO6MqCqI,12568.8
Satara,Black,60,40,60,5.5,900,20,Ginger,Urea,https://youtu.be/rPrZO6MqCqI,3805.6
Satara,Black,40,45,65,6.0,1000,25,Ginger,Urea,https://youtu.be/rPrZO6MqCqI,3483.9
Satara,Black,45,45,65,6.0,1000,25,Ginger,Urea,https://youtu.be/rPrZO6MqCqI,7303.6
Satara,Black,50,45,65,6.0,1000,25,Ginger,Urea,https://youtu.be/rPrZO6MqCqI,9528.3
Satara,Black,55,45,65,6.0,1000,25,Ginger,Urea,https://youtu.be/rPrZO6MqCqI,6381.0
Satara,Black,60,45,65,6.0,1000,25,Ginger,Urea,https://youtu.be/rPrZO6MqCqI,7503.7
Satara,Black,40,50,70,6.5,900,30,Ginger,Urea,https://youtu.be/rPrZO6MqCqI,2255.4
Satara,Black,45,50,70,6.5,900,30,Ginger,Urea,https://youtu.be/rPrZO6MqCqI,4810.3
Satara,Black,50,50,70,6.5,900,30,Ginger,Urea,https://youtu.be/rPrZO6MqCqI,3956.4
Satara,Black,55,50,70,6.5,900,30,Ginger,Urea,https://youtu.be/rPrZO6MqCqI,2162.4
Satara,Black,60,50,70,6.5,900,30,Ginger,Urea,https://youtu.be/rPrZO6MqCqI,6604.9
Satara,Black,40,55,75,5.5,1000,35,Ginger,Urea,https://youtu.be/rPrZO6MqCqI,1355.6
Satara,Black,45,55,75,5.5,1000,35,Ginger,Urea,https://youtu.be/rPrZO6MqCqI,3328.0
Satara,Black,50,55,75,5.5,1000,35,Ginger,Urea,https://youtu.be/rPrZO6MqCqI,5021.2
Satara,Black,55,55,75,5.5,1000,35,Ginger,Urea,https://youtu.be/rPrZO6MqCqI,4403.4
Satara,Black,60,55,75,5.5,1000,35,Ginger,Urea,https://youtu.be/rPrZO6MqCqI,7064.5
Satara,Black,40,60,80,6.0,900,20,Ginger,Urea,https://youtu.be/rPrZO6MqCqI,6884.8
Satara,Black,45,60,80,6.0,900,20,Ginger,Urea,https://youtu.be/rPrZO6MqCqI,8180.8
Satara,Black,50,60,80,6.0,900,20,Ginger,Urea,https://youtu.be/rPrZO6MqCqI,7897.3
Satara,Black,55,60,80,6.0,900,20,Ginger,Urea,https://youtu.be/rPrZO6MqCqI,8767.8
Satara,Black,60,60,80,6.0,900,20,Ginger,Urea,https://youtu.be/rPrZO6MqCqI,6293.6
Satara,Black,40,40,65,6.5,1000,25,Ginger,Ammonium Sulphate,https://youtu.be/rPrZO6MqCqI,6916.1
Satara,Black,45,40,65,6.5,1000,25,Ginger,Ammonium Sulphate,https://youtu.be/rPrZO6MqCqI,7390.3
Satara,Black,50,40,65,6.5,1000,25,Ginger,Ammonium Sulphate,https://youtu.be/rPrZO6MqCqI,6603.7
Satara,Black,55,40,65,6.5,1000,25,Ginger,Ammonium Sulphate,https://youtu.be/rPrZO6MqCqI,5441.7
Satara,Black,60,40,65,6.5,1000,25,Ginger,Ammonium Sulphate,https://youtu.be/rPrZO6MqCqI,5600.2
Satara,Black,40,45,70,5.5,900,30,Ginger,Ammonium Sulphate,https://youtu.be/rPrZO6MqCqI,4339.9
Satara,Black,45,45,70,5.5,900,30,Ginger,Ammonium Sulphate,https://youtu.be/rPrZO6MqCqI,6969.9
Satara,Black,50,45,70,5.5,900,30,Ginger,Ammonium Sulphate,https://youtu.be/rPrZO6MqCqI,5898.5
Satara,Black,55,45,70,5.5,900,30,Ginger,Ammonium Sulphate,https://youtu.be/rPrZO6MqCqI,4706.9
Satara,Black,60,45,70,5.5,900,30,Ginger,Ammonium Sulphate,https://youtu.be/rPrZO6MqCqI,4722.8
Satara,Black,40,50,75,6.0,1000,35,Ginger,Ammonium Sulphate,https://youtu.be/rPrZO6MqCqI,3598.2
Satara,Black,45,50,75,6.0,1000,35,Ginger,Ammonium Sulphate,https://youtu.be/rPrZO6MqCqI,8344.6
Satara,Black,50,50,75,6.0,1000,35,Ginger,Ammonium Sulphate,https://youtu.be/rPrZO6MqCqI,6416.2
Satara,Black,55,50,75,6.0,1000,35,Ginger,Ammonium Sulphate,https://youtu.be/rPrZO6MqCqI,4386.6
Satara,Black,60,50,75,6.0,1000,35,Ginger,Ammonium Sulphate,https://youtu.be/rPrZO6MqCqI,8047.0
Satara,Black,40,55,80,6.5,900,20,Ginger,Ammonium Sulphate,https://youtu.be/rPrZO6MqCqI,5069.9
Satara,Black,45,55,80,6.5,900,20,Ginger,Ammonium Sulphate,https://youtu.be/rPrZO6MqCqI,3229.2
Satara,Black,50,55,80,6.5,900,20,Ginger,Ammonium Sulphate,https://youtu.be/rPrZO6MqCqI,8579.5
Satara,Black,55,55,80,6.5,900,20,Ginger,Ammonium Sulphate,https://youtu.be/rPrZO6MqCqI,5166.6
Satara,Black,60,55,80,6.5,900,20,Ginger,Ammonium Sulphate,https://youtu.be/rPrZO6MqCqI,5465.5
Satara,Black,40,60,60,5.5,1000,25,Ginger,Ammonium Sulphate,https://youtu.be/rPrZO6MqCqI,6247.7
Satara,Black,45,60,60,5.5,1000,25,Ginger,Ammonium Sulphate,https://youtu.be/rPrZO6MqCqI,8629.7
Satara,Black,50,60,60,5.5,1000,25,Ginger,Ammonium Sulphate,https://youtu.be/rPrZO6MqCqI,6239.0
Satara,Black,55,60,60,5.5,1000,25,Ginger,Ammonium Sulphate,https://youtu.be/rPrZO6MqCqI,3625.6
Satara,Black,60,60,60,5.5,1000,25,Ginger,Ammonium Sulphate,https://youtu.be/rPrZO6MqCqI,7409.5
Satara,Black,40,40,70,6.0,900,30,Ginger,DAP,https://youtu.be/rPrZO6MqCqI,5099.0
Satara,Black,45,40,70,6.0,900,30,Ginger,DAP,https://youtu.be/rPrZO6MqCqI,10184.1
Satara,Black,50,40,70,6.0,900,30,Ginger,DAP,https://youtu.be/rPrZO6MqCqI,6166.5
Satara,Black,55,40,70,6.0,900,30,Ginger,DAP,https://youtu.be/rPrZO6MqCqI,1383.5
Satara,Black,60,40,70,6.0,900,30,Ginger,DAP,https://youtu.be/rPrZO6MqCqI,6976.1
Satara,Black,40,45,75,6.5,1000,35,Ginger,DAP,https://youtu.be/rPrZO6MqCqI,10522.1
Satara,Black,45,45,75,6.5,1000,35,Ginger,DAP,https://youtu.be/rPrZO6MqCqI,9746.8
Satara,Black,50,45,75,6.5,1000,35,Ginger,DAP,https://youtu.be/rPrZO6MqCqI,10335.4
Satara,Black,55,45,75,6.5,1000,35,Ginger,DAP,https://youtu.be/rPrZO6MqCqI,4091.6
Satara,Black,60,45,75,6.5,1000,35,Ginger,DAP,https://youtu.be/rPrZO6MqCqI,8368.3
Satara,Black,40,50,80,5.5,900,20,Ginger,DAP,https://youtu.be/rPrZO6MqCqI,4558.1
Satara,Black,45,50,80,5.5,900,20,Ginger,DAP,https://youtu.be/rPrZO6MqCqI,6577.6
Satara,Black,50,50,80,5.5,900,20,Ginger,DAP,https://youtu.be/rPrZO6MqCqI,3413.9
Satara,Black,55,50,80,5.5,900,20,Ginger,DAP,https://youtu.be/rPrZO6MqCqI,4764.2
Satara,Black,60,50,80,5.5,900,20,Ginger,DAP,https://youtu.be/rPrZO6MqCqI,4710.3
Satara,Black,40,55,60,6.0,1000,25,Ginger,DAP,https://youtu.be/rPrZO6MqCqI,8177.0
Satara,Black,45,55,60,6.0,1000,25,Ginger,DAP,https://youtu.be/rPrZO6MqCqI,7988.7
Satara,Black,50,55,60,6.0,1000,25,Ginger,DAP,https://youtu.be/rPrZO6MqCqI,6871.4
Satara,Black,55,55,60,6.0,1000,25,Ginger,DAP,https://youtu.be/rPrZO6MqCqI,3337.8
Satara,Black,60,55,60,6.0,1000,25,Ginger,DAP,https://youtu.be/rPrZO6MqCqI,5622.9
Satara,Black,40,60,65,6.5,900,30,Ginger,DAP,https://youtu.be/rPrZO6MqCqI,4681.2
Satara,Black,45,60,65,6.5,900,30,Ginger,DAP,https://youtu.be/rPrZO6MqCqI,8252.2
Satara,Black,50,60,65,6.5,900,30,Ginger,DAP,https://youtu.be/rPrZO6MqCqI,8957.8
Satara,Black,55,60,65,6.5,900,30,Ginger,DAP,https://youtu.be/rPrZO6MqCqI,8714.4
Satara,Black,60,60,65,6.5,900,30,Ginger,DAP,https://youtu.be/rPrZO6MqCqI,4716.3
Satara,Black,40,40,75,5.5,1000,35,Ginger,Urea,https://youtu.be/rPrZO6MqCqI,500.0
Satara,Black,45,40,75,5.5,1000,35,Ginger,Urea,https://youtu.be/rPrZO6MqCqI,2350.8
Satara,Black,50,40,75,5.5,1000,35,Ginger,Urea,https://youtu.be/rPrZO6MqCqI,9120.1
Satara,Black,55,40,75,5.5,1000,35,Ginger,Urea,https://youtu.be/rPrZO6MqCqI,5269.8
Satara,Black,60,40,75,5.5,1000,35,Ginger,Urea,https://youtu.be/rPrZO6MqCqI,4539.8
Satara,Black,40,45,80,6.0,900,20,Ginger,Urea,https://youtu.be/rPrZO6MqCqI,9667.3
Satara,Black,45,45,80,6.0,900,20,Ginger,Urea,https://youtu.be/rPrZO6MqCqI,8886.7
Satara,Black,50,45,80,6.0,900,20,Ginger,Urea,https://youtu.be/rPrZO6MqCqI,6244.5
Satara,Black,55,45,80,6.0,900,20,Ginger,Urea,https://youtu.be/rPrZO6MqCqI,5577.4
Satara,Black,60,45,80,6.0,900,20,Ginger,Urea,https://youtu.be/rPrZO6MqCqI,5942.9
Satara,Black,40,50,60,6.5,1000,25,Ginger,Urea,https://youtu.be/rPrZO6MqCqI,6800.7
Satara,Black,45,50,60,6.5,1000,25,Ginger,Urea,https://youtu.be/rPrZO6MqCqI,9835.9
Satara,Black,50,50,60,6.5,1000,25,Ginger,Urea,https://youtu.be/rPrZO6MqCqI,7271.3
Satara,Black,55,50,60,6.5,1000,25,Ginger,Urea,https://youtu.be/rPrZO6MqCqI,7963.3
Satara,Black,60,50,60,6.5,1000,25,Ginger,Urea,https://youtu.be/rPrZO6MqCqI,8968.8
Satara,Black,40,55,65,5.5,900,30,Ginger,Urea,https://youtu.be/rPrZO6MqCqI,3625.4
Satara,Black,45,55,65,5.5,900,30,Ginger,Urea,https://youtu.be/rPrZO6MqCqI,7730.9
Satara,Black,50,55,65,5.5,900,30,Ginger,Urea,https://youtu.be/rPrZO6MqCqI,5514.4
Satara,Black,55,55,65,5.5,900,30,Ginger,Urea,https://youtu.be/rPrZO6MqCqI,776.1
Satara,Black,60,55,65,5.5,900,30,Ginger,Urea,https://youtu.be/rPrZO6MqCqI,1611.1
Satara,Black,40,60,70,6.0,1000,35,Ginger,Urea,https://youtu.be/rPrZO6MqCqI,4042.7
Satara,Black,45,60,70,6.0,1000,35,Ginger,Urea,https://youtu.be/rPrZO6MqCqI,7430.9
Satara,Black,50,60,70,6.0,1000,35,Ginger,Urea,https://youtu.be/rPrZO6MqCqI,6540.4
Satara,Black,55,60,70,6.0,1000,35,Ginger,Urea,https://youtu.be/rPrZO6MqCqI,6714.2
Satara,Black,60,60,70,6.0,1000,35,Ginger,Urea,https://youtu.be/rPrZO6MqCqI,10617.4
Satara,Black,40,40,80,6.5,900,20,Ginger,Ammonium Sulphate,https://youtu.be/rPrZO6MqCqI,3480.9
Satara,Black,45,40,80,6.5,900,20,Ginger,Ammonium Sulphate,https://youtu.be/rPrZO6MqCqI,6184.6
Satara,Black,50,40,80,6.5,900,20,Ginger,Ammonium Sulphate,https://youtu.be/rPrZO6MqCqI,6925.1
Satara,Black,55,40,80,6.5,900,20,Ginger,Ammonium Sulphate,https://youtu.be/rPrZO6MqCqI,4674.9
Satara,Black,60,40,80,6.5,900,20,Ginger,Ammonium Sulphate,https://youtu.be/rPrZO6MqCqI,6362.2
Satara,Black,40,45,60,5.5,1000,25,Ginger,Ammonium Sulphate,https://youtu.be/rPrZO6MqCqI,2706.0
Satara,Black,45,45,60,5.5,1000,25,Ginger,Ammonium Sulphate,https://youtu.be/rPrZO6MqCqI,9102.0
Satara,Black,50,45,60,5.5,1000,25,Ginger,Ammonium Sulphate,https://youtu.be/rPrZO6MqCqI,4676.9
Satara,Black,55,45,60,5.5,1000,25,Ginger,Ammonium Sulphate,https://youtu.be/rPrZO6MqCqI,10482.9
Satara,Black,60,45,60,5.5,1000,25,Ginger,Ammonium Sulphate,https://youtu.be/rPrZO6MqCqI,6094.6
Satara,Black,40,50,65,6.0,900,30,Ginger,Ammonium Sulphate,https://youtu.be/rPrZO6MqCqI,8384.4
Satara,Black,45,50,65,6.0,900,30,Ginger,Ammonium Sulphate,https://youtu.be/rPrZO6MqCqI,6081.8
Satara,Black,50,50,65,6.0,900,30,Ginger,Ammonium Sulphate,https://youtu.be/rPrZO6MqCqI,6148.5
Satara,Black,55,50,65,6.0,900,30,Ginger,Ammonium Sulphate,https://youtu.be/rPrZO6MqCqI,4968.7
Satara,Black,60,50,65,6.0,900,30,Ginger,Ammonium Sulphate,https://youtu.be/rPrZO6MqCqI,6510.5
Satara,Black,40,55,70,6.5,1000,35,Ginger,Ammonium Sulphate,https://youtu.be/rPrZO6MqCqI,7025.6
Satara,Black,45,55,70,6.5,1000,35,Ginger,Ammonium Sulphate,https://youtu.be/rPrZO6MqCqI,4616.7
Satara,Black,50,55,70,6.5,1000,35,Ginger,Ammonium Sulphate,https://youtu.be/rPrZO6MqCqI,6087.6
Satara,Black,55,55,70,6.5,1000,35,Ginger,Ammonium Sulphate,https://youtu.be/rPrZO6MqCqI,5030.1
Satara,Black,60,55,70,6.5,1000,35,Ginger,Ammonium Sulphate,https://youtu.be/rPrZO6MqCqI,11515.3
Satara,Black,40,60,75,5.5,900,20,Ginger,Ammonium Sulphate,https://youtu.be/rPrZO6MqCqI,5938.3
Satara,Black,45,60,75,5.5,900,20,Ginger,Ammonium Sulphate,https://youtu.be/rPrZO6MqCqI,9447.3
Satara,Black,50,60,75,5.5,900,20,Ginger,Ammonium Sulphate,https://youtu.be/rPrZO6MqCqI,5746.6
Satara,Black,55,60,75,5.5,900,20,Ginger,Ammonium Sulphate,https://youtu.be/rPrZO6MqCqI,6740.7
Satara,Black,60,60,75,5.5,900,20,Ginger,Ammonium Sulphate,https://youtu.be/rPrZO6MqCqI,3355.2
Satara,Red,50,50,40,5.5,900,20,Turmeric,Urea,https://youtu.be/RiBSAjxgFvU,2678.3
Satara,Red,55,50,40,5.5,900,20,Turmeric,Urea,https://youtu.be/RiBSAjxgFvU,3180.3
Satara,Red,60,50,40,5.5,900,20,Turmeric,Urea,https://youtu.be/RiBSAjxgFvU,4226.0
Satara,Red,50,55,45,6.0,1000,25,Turmeric,Urea,https://youtu.be/RiBSAjxgFvU,3256.5
Satara,Red,55,55,45,6.0,1000,25,Turmeric,Urea,https://youtu.be/RiBSAjxgFvU,4160.0
Satara,Red,60,55,45,6.0,1000,25,Turmeric,Urea,https://youtu.be/RiBSAjxgFvU,3598.8
Satara,Red,50,60,50,6.5,900,30,Turmeric,Urea,https://youtu.be/RiBSAjxgFvU,4395.3
Satara,Red,55,60,50,6.5,900,30,Turmeric,Urea,https://youtu.be/RiBSAjxgFvU,3092.5
Satara,Red,60,60,50,6.5,900,30,Turmeric,Urea,https://youtu.be/RiBSAjxgFvU,5018.1
Satara,Red,50,50,45,7.0,1000,20,Turmeric,Ferrous Sulphate,https://youtu.be/RiBSAjxgFvU,2703.8
Satara,Red,55,50,45,7.0,1000,20,Turmeric,Ferrous Sulphate,https://youtu.be/RiBSAjxgFvU,2496.3
Satara,Red,60,50,45,7.0,1000,20,Turmeric,Ferrous Sulphate,https://youtu.be/RiBSAjxgFvU,2162.6
Satara,Red,50,55,50,7.5,900,25,Turmeric,Ferrous Sulphate,https://youtu.be/RiBSAjxgFvU,4776.8
Satara,Red,55,55,50,7.5,900,25,Turmeric,Ferrous Sulphate,https://youtu.be/RiBSAjxgFvU,3651.1
Satara,Red,60,55,50,7.5,900,25,Turmeric,Ferrous Sulphate,https://youtu.be/RiBSAjxgFvU,2789.5
Satara,Red,50,60,40,5.5,1000,30,Turmeric,Ferrous Sulphate,https://youtu.be/RiBSAjxgFvU,3997.5
Satara,Red,55,60,40,5.5,1000,30,Turmeric,Ferrous Sulphate,https://youtu.be/RiBSAjxgFvU,3582.3
Satara,Red,60,60,40,5.5,1000,30,Turmeric,Ferrous Sulphate,https://youtu.be/RiBSAjxgFvU,4567.8
Satara,Red,50,50,50,6.0,900,20,Turmeric,White Potash,https://youtu.be/RiBSAjxgFvU,1882.4
Satara,Red,55,50,50,6.0,900,20,Turmeric,White Potash,https://youtu.be/RiBSAjxgFvU,2866.4
Satara,Red,60,50,50,6.0,900,20,Turmeric,White Potash,https://youtu.be/RiBSAjxgFvU,2724.0
Satara,Red,50,55,40,6.5,1000,25,Turmeric,White Potash,https://youtu.be/RiBSAjxgFvU,1595.9
Satara,Red,55,55,40,6.5,1000,25,Turmeric,White Potash,https://youtu.be/RiBSAjxgFvU,3970.7
Satara,Red,60,55,40,6.5,1000,25,Turmeric,White Potash,https://youtu.be/RiBSAjxgFvU,2939.8
Satara,Red,50,60,45,7.0,900,30,Turmeric,White Potash,https://youtu.be/RiBSAjxgFvU,3649.2
Satara,Red,55,60,45,7.0,900,30,Turmeric,White Potash,https://youtu.be/RiBSAjxgFvU,4905.0
Satara,Red,60,60,45,7.0,900,30,Turmeric,White Potash,https://youtu.be/RiBSAjxgFvU,2828.3
Satara,Black,60,40,40,6.0,500,15,Wheat,19:19:19 NPK,https://youtu.be/VNptnPJt5yo,2125.2
Satara,Black,65,40,40,6.0,500,15,Wheat,19:19:19 NPK,https://youtu.be/VNptnPJt5yo,2318.0
Satara,Black,70,40,40,6.0,500,15,Wheat,19:19:19 NPK,https://youtu.be/VNptnPJt5yo,2625.9
Satara,Black,75,40,40,6.0,500,15,Wheat,19:19:19 NPK,https://youtu.be/VNptnPJt5yo,2093.9
Satara,Black,80,40,40,6.0,500,15,Wheat,19:19:19 NPK,https://youtu.be/VNptnPJt5yo,2077.8
Satara,Black,60,45,45,6.5,600,20,Wheat,19:19:19 NPK,https://youtu.be/VNptnPJt5yo,2697.9
Satara,Black,65,45,45,6.5,600,20,Wheat,19:19:19 NPK,https://youtu.be/VNptnPJt5yo,2466.0
Satara,Black,70,45,45,6.5,600,20,Wheat,19:19:19 NPK,https://youtu.be/VNptnPJt5yo,1613.6
Satara,Black,75,45,45,6.5,600,20,Wheat,19:19:19 NPK,https://youtu.be/VNptnPJt5yo,1910.0
Satara,Black,80,45,45,6.5,600,20,Wheat,19:19:19 NPK,https://youtu.be/VNptnPJt5yo,2888.8
Satara,Black,60,50,50,7.0,700,25,Wheat,19:19:19 NPK,https://youtu.be/VNptnPJt5yo,2451.1
Satara,Black,65,50,50,7.0,700,25,Wheat,19:19:19 NPK,https://youtu.be/VNptnPJt5yo,2049.3
Satara,Black,70,50,50,7.0,700,25,Wheat,19:19:19 NPK,https://youtu.be/VNptnPJt5yo,2263.9
Satara,Black,75,50,50,7.0,700,25,Wheat,19:19:19 NPK,https://youtu.be/VNptnPJt5yo,2335.5
Satara,Black,80,50,50,7.0,700,25,Wheat,19:19:19 NPK,https://youtu.be/VNptnPJt5yo,2598.6
Satara,Black,60,55,55,7.5,500,15,Wheat,19:19:19 NPK,https://youtu.be/VNptnPJt5yo,1795.2
Satara,Black,65,55,55,7.5,500,15,Wheat,19:19:19 NPK,https://youtu.be/VNptnPJt5yo,1978.5
Satara,Black,70,55,55,7.5,500,15,Wheat,19:19:19 NPK,https://youtu.be/VNptnPJt5yo,2368.7
Satara,Black,75,55,55,7.5,500,15,Wheat,19:19:19 NPK,https://youtu.be/VNptnPJt5yo,2246.7
Satara,Black,80,55,55,7.5,500,15,Wheat,19:19:19 NPK,https://youtu.be/VNptnPJt5yo,2486.5
Satara,Black,60,60,60,6.0,600,20,Wheat,19:19:19 NPK,https://youtu.be/VNptnPJt5yo,1884.1
Satara,Black,65,60,60,6.0,600,20,Wheat,19:19:19 NPK,https://youtu.be/VNptnPJt5yo,2448.7
Satara,Black,70,60,60,6.0,600,20,Wheat,19:19:19 NPK,https://youtu.be/VNptnPJt5yo,2715.4
Satara,Black,75,60,60,6.0,600,20,Wheat,19:19:19 NPK,https://youtu.be/VNptnPJt5yo,2509.1
Satara,Black,80,60,60,6.0,600,20,Wheat,19:19:19 NPK,https://youtu.be/VNptnPJt5yo,2392.9
Satara,Black,60,40,45,6.5,700,25,Wheat,Urea,https://youtu.be/VNptnPJt5yo,2294.1
Satara,Black,65,40,45,6.5,700,25,Wheat,Urea,https://youtu.be/VNptnPJt5yo,2039.3
Satara,Black,70,40,45,6.5,700,25,Wheat,Urea,https://youtu.be/VNptnPJt5yo,2316.4
Satara,Black,75,40,45,6.5,700,25,Wheat,Urea,https://youtu.be/VNptnPJt5yo,2797.7
Satara,Black,80,40,45,6.5,700,25,Wheat,Urea,https://youtu.be/VNptnPJt5yo,2313.4
Satara,Black,60,45,50,7.0,500,15,Wheat,Urea,https://youtu.be/VNptnPJt5yo,1971.2
Satara,Black,65,45,50,7.0,500,15,Wheat,Urea,https://youtu.be/VNptnPJt5yo,2115.0
Satara,Black,70,45,50,7.0,500,15,Wheat,Urea,https://youtu.be/VNptnPJt5yo,2362.3
Satara,Black,75,45,50,7.0,500,15,Wheat,Urea,https://youtu.be/VNptnPJt5yo,2169.1
Satara,Black,80,45,50,7.0,500,15,Wheat,Urea,https://youtu.be/VNptnPJt5yo,2476.0
Satara,Black,60,50,55,7.5,600,20,Wheat,Urea,https://youtu.be/VNptnPJt5yo,2443.3
Satara,Black,65,50,55,7.5,600,20,Wheat,Urea,https://youtu.be/VNptnPJt5yo,2576.7
Satara,Black,70,50,55,7.5,600,20,Wheat,Urea,https://youtu.be/VNptnPJt5yo,2769.0
Satara,Black,75,50,55,7.5,600,20,Wheat,Urea,https://youtu.be/VNptnPJt5yo,2629.1
Satara,Black,80,50,55,7.5,600,20,Wheat,Urea,https://youtu.be/VNptnPJt5yo,1966.3
Satara,Black,60,55,60,6.0,700,25,Wheat,Urea,https://youtu.be/VNptnPJt5yo,2001.1
Satara,Black,65,55,60,6.0,700,25,Wheat,Urea,https://youtu.be/VNptnPJt5yo,2299.0
Satara,Black,70,55,60,6.0,700,25,Wheat,Urea,https://youtu.be/VNptnPJt5yo,2173.0
Satara,Black,75,55,60,6.0,700,25,Wheat,Urea,https://youtu.be/VNptnPJt5yo,1935.6
Satara,Black,80,55,60,6.0,700,25,Wheat,Urea,https://youtu.be/VNptnPJt5yo,2189.1
Satara,Black,60,60,40,6.5,500,15,Wheat,Urea,https://youtu.be/VNptnPJt5yo,2171.2
Satara,Black,65,60,40,6.5,500,15,Wheat,Urea,https://youtu.be/VNptnPJt5yo,2107.5
Satara,Black,70,60,40,6.5,500,15,Wheat,Urea,https://youtu.be/VNptnPJt5yo,2240.8
Satara,Black,75,60,40,6.5,500,15,Wheat,Urea,https://youtu.be/VNptnPJt5yo,2782.5
Satara,Black,80,60,40,6.5,500,15,Wheat,Urea,https://youtu.be/VNptnPJt5yo,2439.1
Satara,Black,60,40,50,7.0,600,20,Wheat,19:19:19 NPK,https://youtu.be/VNptnPJt5yo,3137.0
Satara,Black,65,40,50,7.0,600,20,Wheat,19:19:19 NPK,https://youtu.be/VNptnPJt5yo,2347.7
Satara,Black,70,40,50,7.0,600,20,Wheat,19:19:19 NPK,https://youtu.be/VNptnPJt5yo,2194.4
Satara,Black,75,40,50,7.0,600,20,Wheat,19:19:19 NPK,https://youtu.be/VNptnPJt5yo,2303.7
Satara,Black,80,40,50,7.0,600,20,Wheat,19:19:19 NPK,https://youtu.be/VNptnPJt5yo,2398.9
Satara,Black,60,45,55,7.5,700,25,Wheat,19:19:19 NPK,https://youtu.be/VNptnPJt5yo,2416.2
Satara,Black,65,45,55,7.5,700,25,Wheat,19:19:19 NPK,https://youtu.be/VNptnPJt5yo,2989.4
Satara,Black,70,45,55,7.5,700,25,Wheat,19:19:19 NPK,https://youtu.be/VNptnPJt5yo,1987.8
Satara,Black,75,45,55,7.5,700,25,Wheat,19:19:19 NPK,https://youtu.be/VNptnPJt5yo,2584.9
Satara,Black,80,45,55,7.5,700,25,Wheat,19:19:19 NPK,https://youtu.be/VNptnPJt5yo,2366.0
Satara,Black,60,50,60,6.0,500,15,Wheat,19:19:19 NPK,https://youtu.be/VNptnPJt5yo,1742.3
Satara,Black,65,50,60,6.0,500,15,Wheat,19:19:19 NPK,https://youtu.be/VNptnPJt5yo,2562.4
Satara,Black,70,50,60,6.0,500,15,Wheat,19:19:19 NPK,https://youtu.be/VNptnPJt5yo,2743.5
Satara,Black,75,50,60,6.0,500,15,Wheat,19:19:19 NPK,https://youtu.be/VNptnPJt5yo,2007.9
Satara,Black,80,50,60,6.0,500,15,Wheat,19:19:19 NPK,https://youtu.be/VNptnPJt5yo,2311.7
Satara,Black,60,55,40,6.5,600,20,Wheat,19:19:19 NPK,https://youtu.be/VNptnPJt5yo,1729.5
Satara,Black,65,55,40,6.5,600,20,Wheat,19:19:19 NPK,https://youtu.be/VNptnPJt5yo,1900.9
Satara,Black,70,55,40,6.5,600,20,Wheat,19:19:19 NPK,https://youtu.be/VNptnPJt5yo,2731.1
Satara,Black,75,55,40,6.5,600,20,Wheat,19:19:19 NPK,https://youtu.be/VNptnPJt5yo,2196.3
Satara,Black,80,55,40,6.5,600,20,Wheat,19:19:19 NPK,https://youtu.be/VNptnPJt5yo,1971.8
Satara,Black,60,60,45,7.0,700,25,Wheat,19:19:19 NPK,https://youtu.be/VNptnPJt5yo,2408.4
Satara,Black,65,60,45,7.0,700,25,Wheat,19:19:19 NPK,https://youtu.be/VNptnPJt5yo,2149.3
Satara,Black,70,60,45,7.0,700,25,Wheat,19:19:19 NPK,https://youtu.be/VNptnPJt5yo,2174.0
Satara,Black,75,60,45,7.0,700,25,Wheat,19:19:19 NPK,https://youtu.be/VNptnPJt5yo,2611.3
Satara,Black,80,60,45,7.0,700,25,Wheat,19:19:19 NPK,https://youtu.be/VNptnPJt5yo,1940.0
Satara,Black,60,40,55,7.5,500,15,Wheat,Urea,https://youtu.be/VNptnPJt5yo,1928.6
Satara,Black,65,40,55,7.5,500,15,Wheat,Urea,https://youtu.be/VNptnPJt5yo,2294.8
Satara,Black,70,40,55,7.5,500,15,Wheat,Urea,https://youtu.be/VNptnPJt5yo,2579.8
Satara,Black,75,40,55,7.5,500,15,Wheat,Urea,https://youtu.be/VNptnPJt5yo,2679.5
Satara,Black,80,40,55,7.5,500,15,Wheat,Urea,https://youtu.be/VNptnPJt5yo,2034.4
Satara,Black,60,45,60,6.0,600,20,Wheat,Urea,https://youtu.be/VNptnPJt5yo,2615.8
Satara,Black,65,45,60,6.0,600,20,Wheat,Urea,https://youtu.be/VNptnPJt5yo,2023.9
Satara,Black,70,45,60,6.0,600,20,Wheat,Urea,https://youtu.be/VNptnPJt5yo,2942.1
Satara,Black,75,45,60,6.0,600,20,Wheat,Urea,https://youtu.be/VNptnPJt5yo,1913.5
Satara,Black,80,45,60,6.0,600,20,Wheat,Urea,https://youtu.be/VNptnPJt5yo,2784.7
Satara,Black,60,50,40,6.5,700,25,Wheat,Urea,https://youtu.be/VNptnPJt5yo,2111.9
Satara,Black,65,50,40,6.5,700,25,Wheat,Urea,https://youtu.be/VNptnPJt5yo,3070.7
Satara,Black,70,50,40,6.5,700,25,Wheat,Urea,https://youtu.be/VNptnPJt5yo,2571.0
Satara,Black,75,50,40,6.5,700,25,Wheat,Urea,https://youtu.be/VNptnPJt5yo,2001.7
Satara,Black,80,50,40,6.5,700,25,Wheat,Urea,https://youtu.be/VNptnPJt5yo,2185.4
Satara,Black,60,55,45,7.0,500,15,Wheat,Urea,https://youtu.be/VNptnPJt5yo,2568.0
Satara,Black,65,55,45,7.0,500,15,Wheat,Urea,https://youtu.be/VNptnPJt5yo,2670.5
Satara,Black,70,55,45,7.0,500,15,Wheat,Urea,https://youtu.be/VNptnPJt5yo,2284.9
Satara,Black,75,55,45,7.0,500,15,Wheat,Urea,https://youtu.be/VNptnPJt5yo,2332.2
Satara,Black,80,55,45,7.0,500,15,Wheat,Urea,https://youtu.be/VNptnPJt5yo,2590.7
Satara,Black,60,60,50,7.5,600,20,Wheat,Urea,https://youtu.be/VNptnPJt5yo,2326.3
Satara,Black,65,60,50,7.5,600,20,Wheat,Urea,https://youtu.be/VNptnPJt5yo,1838.7
Satara,Black,70,60,50,7.5,600,20,Wheat,Urea,https://youtu.be/VNptnPJt5yo,2011.4
Satara,Black,75,60,50,7.5,600,20,Wheat,Urea,https://youtu.be/VNptnPJt5yo,2383.1
Satara,Black,80,60,50,7.5,600,20,Wheat,Urea,https://youtu.be/VNptnPJt5yo,2733.2
Satara,Black,60,40,60,6.0,700,25,Wheat,19:19:19 NPK,https://youtu.be/VNptnPJt5yo,2855.1
Satara,Black,65,40,60,6.0,700,25,Wheat,19:19:19 NPK,https://youtu.be/VNptnPJt5yo,2571.9
Satara,Black,70,40,60,6.0,700,25,Wheat,19:19:19 NPK,https://youtu.be/VNptnPJt5yo,2407.3
Satara,Black,75,40,60,6.0,700,25,Wheat,19:19:19 NPK,https://youtu.be/VNptnPJt5yo,2576.5
Satara,Black,80,40,60,6.0,700,25,Wheat,19:19:19 NPK,https://youtu.be/VNptnPJt5yo,2085.9
Satara,Black,60,45,40,6.5,500,15,Wheat,19:19:19 NPK,https://youtu.be/VNptnPJt5yo,2259.7
Satara,Black,65,45,40,6.5,500,15,Wheat,19:19:19 NPK,https://youtu.be/VNptnPJt5yo,2030.4
Satara,Black,70,45,40,6.5,500,15,Wheat,19:19:19 NPK,https://youtu.be/VNptnPJt5yo,1886.6
Satara,Black,75,45,40,6.5,500,15,Wheat,19:19:19 NPK,https://youtu.be/VNptnPJt5yo,2452.5
Satara,Black,80,45,40,6.5,500,15,Wheat,19:19:19 NPK,https://youtu.be/VNptnPJt5yo,2407.2
Satara,Black,60,50,45,7.0,600,20,Wheat,19:19:19 NPK,https://youtu.be/VNptnPJt5yo,2538.6
Satara,Black,65,50,45,7.0,600,20,Wheat,19:19:19 NPK,https://youtu.be/VNptnPJt5yo,2496.6
Satara,Black,70,50,45,7.0,600,20,Wheat,19:19:19 NPK,https://youtu.be/VNptnPJt5yo,2397.6
Satara,Black,75,50,45,7.0,600,20,Wheat,19:19:19 NPK,https://youtu.be/VNptnPJt5yo,2515.2
Satara,Black,80,50,45,7.0,600,20,Wheat,19:19:19 NPK,https://youtu.be/VNptnPJt5yo,2311.2
Satara,Black,60,55,50,7.5,700,25,Wheat,19:19:19 NPK,https://youtu.be/VNptnPJt5yo,2426.5
Satara,Black,65,55,50,7.5,700,25,Wheat,19:19:19 NPK,https://youtu.be/VNptnPJt5yo,2038.1
Satara,Black,70,55,50,7.5,700,25,Wheat,19:19:19 NPK,https://youtu.be/VNptnPJt5yo,2425.9
Satara,Black,75,55,50,7.5,700,25,Wheat,19:19:19 NPK,https://youtu.be/VNptnPJt5yo,2537.4
Satara,Black,80,55,50,7.5,700,25,Wheat,19:19:19 NPK,https://youtu.be/VNptnPJt5yo,2075.9
Satara,Black,60,60,55,6.0,500,15,Wheat,19:19:19 NPK,https://youtu.be/VNptnPJt5yo,2322.6
Satara,Black,65,60,55,6.0,500,15,Wheat,19:19:19 NPK,https://youtu.be/VNptnPJt5yo,2092.8
Satara,Black,70,60,55,6.0,500,15,Wheat,19:19:19 NPK,https://youtu.be/VNptnPJt5yo,2133.1
Satara,Black,75,60,55,6.0,500,15,Wheat,19:19:19 NPK,https://youtu.be/VNptnPJt5yo,1928.4
Satara,Black,80,60,55,6.0,500,15,Wheat,19:19:19 NPK,https://youtu.be/VNptnPJt5yo,2779.7
Sangli,Reddish Brown,120,60,80,6.5,700,20,Sugarcane,DAP,https://youtu.be/2t5Am0xLTOo,75112.5
Sangli,Reddish Brown,125,60,80,6.5,700,20,Sugarcane,DAP,https://youtu.be/2t5Am0xLTOo,69922.7
Sangli,Reddish Brown,130,60,80,6.5,700,20,Sugarcane,DAP,https://youtu.be/2t5Am0xLTOo,84840.8
Sangli,Reddish Brown,135,60,80,6.5,700,20,Sugarcane,DAP,https://youtu.be/2t5Am0xLTOo,62844.2
Sangli,Reddish Brown,140,60,80,6.5,700,20,Sugarcane,DAP,https://youtu.be/2t5Am0xLTOo,96253.8
Sangli,Reddish Brown,145,60,80,6.5,700,20,Sugarcane,DAP,https://youtu.be/2t5Am0xLTOo,62803.4
Sangli,Reddish Brown,150,60,80,6.5,700,20,Sugarcane,DAP,https://youtu.be/2t5Am0xLTOo,67988.5
Sangli,Reddish Brown,120,65,85,7.0,800,25,Sugarcane,DAP,https://youtu.be/2t5Am0xLTOo,59774.2
Sangli,Reddish Brown,125,65,85,7.0,800,25,Sugarcane,DAP,https://youtu.be/2t5Am0xLTOo,67767.6
Sangli,Reddish Brown,130,65,85,7.0,800,25,Sugarcane,DAP,https://youtu.be/2t5Am0xLTOo,72679.0
Sangli,Reddish Brown,135,65,85,7.0,800,25,Sugarcane,DAP,https://youtu.be/2t5Am0xLTOo,63181.7
Sangli,Reddish Brown,140,65,85,7.0,800,25,Sugarcane,DAP,https://youtu.be/2t5Am0xLTOo,82730.4
Sangli,Reddish Brown,145,65,85,7.0,800,25,Sugarcane,DAP,https://youtu.be/2t5Am0xLTOo,67163.7
Sangli,Reddish Brown,150,65,85,7.0,800,25,Sugarcane,DAP,https://youtu.be/2t5Am0xLTOo,67673.9
Sangli,Reddish Brown,120,70,90,6.5,700,30,Sugarcane,DAP,https://youtu.be/2t5Am0xLTOo,55360.8
Sangli,Reddish Brown,125,70,90,6.5,700,30,Sugarcane,DAP,https://youtu.be/2t5Am0xLTOo,69194.4
Sangli,Reddish Brown,130,70,90,6.5,700,30,Sugarcane,DAP,https://youtu.be/2t5Am0xLTOo,63681.2
Sangli,Reddish Brown,135,70,90,6.5,700,30,Sugarcane,DAP,https://youtu.be/2t5Am0xLTOo,58947.2
Sangli,Reddish Brown,140,70,90,6.5,700,30,Sugarcane,DAP,https://youtu.be/2t5Am0xLTOo,57364.8
Sangli,Reddish Brown,145,70,90,6.5,700,30,Sugarcane,DAP,https://youtu.be/2t5Am0xLTOo,93452.8
Sangli,Reddish Brown,150,70,90,6.5,700,30,Sugarcane,DAP,https://youtu.be/2t5Am0xLTOo,63045.9
Sangli,Reddish Brown,120,75,95,7.0,800,20,Sugarcane,DAP,https://youtu.be/2t5Am0xLTOo,49389.6
Sangli,Reddish Brown,125,75,95,7.0,800,20,Sugarcane,DAP,https://youtu.be/2t5Am0xLTOo,57291.8
Sangli,Reddish Brown,130,75,95,7.0,800,20,Sugarcane,DAP,https://youtu.be/2t5Am0xLTOo,64087.2
Sangli,Reddish Brown,135,75,95,7.0,800,20,Sugarcane,DAP,https://youtu.be/2t5Am0xLTOo,70421.4
Sangli,Reddish Brown,140,75,95,7.0,800,20,Sugarcane,DAP,https://youtu.be/2t5Am0xLTOo,70701.4
Sangli,Reddish Brown,145,75,95,7.0,800,20,Sugarcane,DAP,https://youtu.be/2t5Am0xLTOo,72158.1
Sangli,Reddish Brown,150,75,95,7.0,800,20,Sugarcane,DAP,https://youtu.be/2t5Am0xLTOo,58647.6
Sangli,Reddish Brown,120,80,100,6.5,700,25,Sugarcane,DAP,https://youtu.be/2t5Am0xLTOo,68679.9
Sangli,Reddish Brown,125,80,100,6.5,700,25,Sugarcane,DAP,https://youtu.be/2t5Am0xLTOo,56251.2
Sangli,Reddish Brown,130,80,100,6.5,700,25,Sugarcane,DAP,https://youtu.be/2t5Am0xLTOo,59076.8
Sangli,Reddish Brown,135,80,100,6.5,700,25,Sugarcane,DAP,https://youtu.be/2t5Am0xLTOo,56132.1
Sangli,Reddish Brown,140,80,100,6.5,700,25,Sugarcane,DAP,https://youtu.be/2t5Am0xLTOo,53456.6
Sangli,Reddish Brown,145,80,100,6.5,700,25,Sugarcane,DAP,https://youtu.be/2t5Am0xLTOo,77239.0
Sangli,Reddish Brown,150,80,100,6.5,700,25,Sugarcane,DAP,https://youtu.be/2t5Am0xLTOo,73501.5
Sangli,Reddish Brown,120,60,85,7.0,800,30,Sugarcane,Urea,https://youtu.be/2t5Am0xLTOo,73438.7
Sangli,Reddish Brown,125,60,85,7.0,800,30,Sugarcane,Urea,https://youtu.be/2t5Am0xLTOo,64157.1
Sangli,Reddish Brown,130,60,85,7.0,800,30,Sugarcane,Urea,https://youtu.be/2t5Am0xLTOo,71826.5
Sangli,Reddish Brown,135,60,85,7.0,800,30,Sugarcane,Urea,https://youtu.be/2t5Am0xLTOo,46187.3
Sangli,Reddish Brown,140,60,85,7.0,800,30,Sugarcane,Urea,https://youtu.be/2t5Am0xLTOo,73112.8
Sangli,Reddish Brown,145,60,85,7.0,800,30,Sugarcane,Urea,https://youtu.be/2t5Am0xLTOo,66294.4
Sangli,Reddish Brown,150,60,85,7.0,800,30,Sugarcane,Urea,https://youtu.be/2t5Am0xLTOo,71100.3
Sangli,Reddish Brown,120,65,90,6.5,700,20,Sugarcane,Urea,https://youtu.be/2t5Am0xLTOo,68360.9
Sangli,Reddish Brown,125,65,90,6.5,700,20,Sugarcane,Urea,https://youtu.be/2t5Am0xLTOo,54520.3
Sangli,Reddish Brown,130,65,90,6.5,700,20,Sugarcane,Urea,https://youtu.be/2t5Am0xLTOo,49414.0
Sangli,Reddish Brown,135,65,90,6.5,700,20,Sugarcane,Urea,https://youtu.be/2t5Am0xLTOo,57668.5
Sangli,Reddish Brown,140,65,90,6.5,700,20,Sugarcane,Urea,https://youtu.be/2t5Am0xLTOo,71052.3
Sangli,Reddish Brown,145,65,90,6.5,700,20,Sugarcane,Urea,https://youtu.be/2t5Am0xLTOo,72551.6
Sangli,Reddish Brown,150,65,90,6.5,700,20,Sugarcane,Urea,https://youtu.be/2t5Am0xLTOo,51327.0
Sangli,Reddish Brown,120,70,95,7.0,800,25,Sugarcane,Urea,https://youtu.be/2t5Am0xLTOo,54054.7
Sangli,Reddish Brown,125,70,95,7.0,800,25,Sugarcane,Urea,https://youtu.be/2t5Am0xLTOo,56836.2
Sangli,Reddish Brown,130,70,95,7.0,800,25,Sugarcane,Urea,https://youtu.be/2t5Am0xLTOo,60737.4
Sangli,Reddish Brown,135,70,95,7.0,800,25,Sugarcane,Urea,https://youtu.be/2t5Am0xLTOo,50605.7
Sangli,Reddish Brown,140,70,95,7.0,800,25,Sugarcane,Urea,https://youtu.be/2t5Am0xLTOo,50130.2
Sangli,Reddish Brown,145,70,95,7.0,800,25,Sugarcane,Urea,https://youtu.be/2t5Am0xLTOo,56458.5
Sangli,Reddish Brown,150,70,95,7.0,800,25,Sugarcane,Urea,https://youtu.be/2t5Am0xLTOo,66004.3
Sangli,Reddish Brown,120,75,100,6.5,700,30,Sugarcane,Urea,https://youtu.be/2t5Am0xLTOo,52756.6
Sangli,Reddish Brown,125,75,100,6.5,700,30,Sugarcane,Urea,https://youtu.be/2t5Am0xLTOo,63914.4
Sangli,Reddish Brown,130,75,100,6.5,700,30,Sugarcane,Urea,https://youtu.be/2t5Am0xLTOo,76270.2
Sangli,Reddish Brown,135,75,100,6.5,700,30,Sugarcane,Urea,https://youtu.be/2t5Am0xLTOo,51943.2
Sangli,Reddish Brown,140,75,100,6.5,700,30,Sugarcane,Urea,https://youtu.be/2t5Am0xLTOo,63508.9
Sangli,Reddish Brown,145,75,100,6.5,700,30,Sugarcane,Urea,https://youtu.be/2t5Am0xLTOo,76558.8
Sangli,Reddish Brown,150,75,100,6.5,700,30,Sugarcane,Urea,https://youtu.be/2t5Am0xLTOo,61642.4
Sangli,Reddish Brown,120,80,80,7.0,800,20,Sugarcane,Urea,https://youtu.be/2t5Am0xLTOo,58607.2
Sangli,Reddish Brown,125,80,80,7.0,800,20,Sugarcane,Urea,https://youtu.be/2t5Am0xLTOo,76607.6
Sangli,Reddish Brown,130,80,80,7.0,800,20,Sugarcane,Urea,https://youtu.be/2t5Am0xLTOo,61689.1
Sangli,Reddish Brown,135,80,80,7.0,800,20,Sugarcane,Urea,https://youtu.be/2t5Am0xLTOo,76426.0
Sangli,Reddish Brown,140,80,80,7.0,800,20,Sugarcane,Urea,https://youtu.be/2t5Am0xLTOo,69644.0
Sangli,Reddish Brown,145,80,80,7.0,800,20,Sugarcane,Urea,https://youtu.be/2t5Am0xLTOo,61823.7
Sangli,Reddish Brown,150,80,80,7.0,800,20,Sugarcane,Urea,https://youtu.be/2t5Am0xLTOo,70557.6
Sangli,Reddish Brown,120,60,90,6.5,700,25,Sugarcane,MOP,https://youtu.be/2t5Am0xLTOo,67510.4
Sangli,Reddish Brown,125,60,90,6.5,700,25,Sugarcane,MOP,https://youtu.be/2t5Am0xLTOo,74868.4
Sangli,Reddish Brown,130,60,90,6.5,700,25,Sugarcane,MOP,https://youtu.be/2t5Am0xLTOo,58982.4
Sangli,Reddish Brown,135,60,90,6.5,700,25,Sugarcane,MOP,https://youtu.be/2t5Am0xLTOo,65215.1
Sangli,Reddish Brown,140,60,90,6.5,700,25,Sugarcane,MOP,https://youtu.be/2t5Am0xLTOo,64339.7
Sangli,Reddish Brown,145,60,90,6.5,700,25,Sugarcane,MOP,https://youtu.be/2t5Am0xLTOo,72442.9
Sangli,Reddish Brown,150,60,90,6.5,700,25,Sugarcane,MOP,https://youtu.be/2t5Am0xLTOo,54704.1
Sangli,Reddish Brown,120,65,95,7.0,800,30,Sugarcane,MOP,https://youtu.be/2t5Am0xLTOo,74107.7
Sangli,Reddish Brown,125,65,95,7.0,800,30,Sugarcane,MOP,https://youtu.be/2t5Am0xLTOo,68722.6
Sangli,Reddish Brown,130,65,95,7.0,800,30,Sugarcane,MOP,https://youtu.be/2t5Am0xLTOo,50747.3
Sangli,Reddish Brown,135,65,95,7.0,800,30,Sugarcane,MOP,https://youtu.be/2t5Am0xLTOo,76690.9
Sangli,Reddish Brown,140,65,95,7.0,800,30,Sugarcane,MOP,https://youtu.be/2t5Am0xLTOo,87416.7
Sangli,Reddish Brown,145,65,95,7.0,800,30,Sugarcane,MOP,https://youtu.be/2t5Am0xLTOo,75000.1
Sangli,Reddish Brown,150,65,95,7.0,800,30,Sugarcane,MOP,https://youtu.be/2t5Am0xLTOo,79589.7
Sangli,Reddish Brown,120,70,100,6.5,700,20,Sugarcane,MOP,https://youtu.be/2t5Am0xLTOo,65576.6
Sangli,Reddish Brown,125,70,100,6.5,700,20,Sugarcane,MOP,https://youtu.be/2t5Am0xLTOo,47764.7
Sangli,Reddish Brown,130,70,100,6.5,700,20,Sugarcane,MOP,https://youtu.be/2t5Am0xLTOo,46012.9
Sangli,Reddish Brown,135,70,100,6.5,700,20,Sugarcane,MOP,https://youtu.be/2t5Am0xLTOo,67892.0
Sangli,Reddish Brown,140,70,100,6.5,700,20,Sugarcane,MOP,https://youtu.be/2t5Am0xLTOo,59281.7
Sangli,Reddish Brown,145,70,100,6.5,700,20,Sugarcane,MOP,https://youtu.be/2t5Am0xLTOo,56086.5
Sangli,Reddish Brown,150,70,100,6.5,700,20,Sugarcane,MOP,https://youtu.be/2t5Am0xLTOo,65143.1
Sangli,Reddish Brown,120,75,80,7.0,800,25,Sugarcane,MOP,https://youtu.be/2t5Am0xLTOo,70536.2
Sangli,Reddish Brown,125,75,80,7.0,800,25,Sugarcane,MOP,https://youtu.be/2t5Am0xLTOo,49571.6
Sangli,Reddish Brown,130,75,80,7.0,800,25,Sugarcane,MOP,https://youtu.be/2t5Am0xLTOo,60010.6
Sangli,Reddish Brown,135,75,80,7.0,800,25,Sugarcane,MOP,https://youtu.be/2t5Am0xLTOo,80331.8
Sangli,Reddish Brown,140,75,80,7.0,800,25,Sugarcane,MOP,https://youtu.be/2t5Am0xLTOo,53882.7
Sangli,Reddish Brown,145,75,80,7.0,800,25,Sugarcane,MOP,https://youtu.be/2t5Am0xLTOo,74156.5
Sangli,Reddish Brown,150,75,80,7.0,800,25,Sugarcane,MOP,https://youtu.be/2t5Am0xLTOo,60309.0
Sangli,Reddish Brown,120,80,85,6.5,700,30,Sugarcane,MOP,https://youtu.be/2t5Am0xLTOo,70804.5
Sangli,Reddish Brown,125,80,85,6.5,700,30,Sugarcane,MOP,https://youtu.be/2t5Am0xLTOo,76726.0
Sangli,Reddish Brown,130,80,85,6.5,700,30,Sugarcane,MOP,https://youtu.be/2t5Am0xLTOo,73236.6
Sangli,Reddish Brown,135,80,85,6.5,700,30,Sugarcane,MOP,https://youtu.be/2t5Am0xLTOo,75193.0
Sangli,Reddish Brown,140,80,85,6.5,700,30,Sugarcane,MOP,https://youtu.be/2t5Am0xLTOo,53841.6
Sangli,Reddish Brown,145,80,85,6.5,700,30,Sugarcane,MOP,https://youtu.be/2t5Am0xLTOo,77757.8
Sangli,Reddish Brown,150,80,85,6.5,700,30,Sugarcane,MOP,https://youtu.be/2t5Am0xLTOo,57285.6
Sangli,Reddish Brown,120,60,95,7.0,800,20,Sugarcane,DAP,https://youtu.be/2t5Am0xLTOo,66198.9
Sangli,Reddish Brown,125,60,95,7.0,800,20,Sugarcane,DAP,https://youtu.be/2t5Am0xLTOo,66373.7
Sangli,Reddish Brown,130,60,95,7.0,800,20,Sugarcane,DAP,https://youtu.be/2t5Am0xLTOo,68865.0
Sangli,Reddish Brown,135,60,95,7.0,800,20,Sugarcane,DAP,https://youtu.be/2t5Am0xLTOo,67550.8
Sangli,Reddish Brown,140,60,95,7.0,800,20,Sugarcane,DAP,https://youtu.be/2t5Am0xLTOo,55685.0
Sangli,Reddish Brown,145,60,95,7.0,800,20,Sugarcane,DAP,https://youtu.be/2t5Am0xLTOo,50659.8
Sangli,Reddish Brown,150,60,95,7.0,800,20,Sugarcane,DAP,https://youtu.be/2t5Am0xLTOo,73618.3
Sangli,Reddish Brown,120,65,100,6.5,700,25,Sugarcane,DAP,https://youtu.be/2t5Am0xLTOo,66373.0
Sangli,Reddish Brown,125,65,100,6.5,700,25,Sugarcane,DAP,https://youtu.be/2t5Am0xLTOo,76453.6
Sangli,Reddish Brown,130,65,100,6.5,700,25,Sugarcane,DAP,https://youtu.be/2t5Am0xLTOo,64376.4
Sangli,Reddish Brown,135,65,100,6.5,700,25,Sugarcane,DAP,https://youtu.be/2t5Am0xLTOo,50512.5
Sangli,Reddish Brown,140,65,100,6.5,700,25,Sugarcane,DAP,https://youtu.be/2t5Am0xLTOo,75206.3
Sangli,Reddish Brown,145,65,100,6.5,700,25,Sugarcane,DAP,https://youtu.be/2t5Am0xLTOo,61541.1
Sangli,Reddish Brown,150,65,100,6.5,700,25,Sugarcane,DAP,https://youtu.be/2t5Am0xLTOo,69130.6
Sangli,Reddish Brown,120,70,80,7.0,800,30,Sugarcane,DAP,https://youtu.be/2t5Am0xLTOo,57446.9
Sangli,Reddish Brown,125,70,80,7.0,800,30,Sugarcane,DAP,https://youtu.be/2t5Am0xLTOo,80975.4
Sangli,Reddish Brown,130,70,80,7.0,800,30,Sugarcane,DAP,https://youtu.be/2t5Am0xLTOo,55428.2
Sangli,Reddish Brown,135,70,80,7.0,800,30,Sugarcane,DAP,https://youtu.be/2t5Am0xLTOo,61111.4
Sangli,Reddish Brown,140,70,80,7.0,800,30,Sugarcane,DAP,https://youtu.be/2t5Am0xLTOo,65856.4
Sangli,Reddish Brown,145,70,80,7.0,800,30,Sugarcane,DAP,https://youtu.be/2t5Am0xLTOo,53671.1
Sangli,Reddish Brown,150,70,80,7.0,800,30,Sugarcane,DAP,https://youtu.be/2t5Am0xLTOo,68529.8
Sangli,Reddish Brown,120,75,85,6.5,700,20,Sugarcane,DAP,https://youtu.be/2t5Am0xLTOo,81547.3
Sangli,Reddish Brown,125,75,85,6.5,700,20,Sugarcane,DAP,https://youtu.be/2t5Am0xLTOo,60040.8
Sangli,Reddish Brown,130,75,85,6.5,700,20,Sugarcane,DAP,https://youtu.be/2t5Am0xLTOo,69391.8
Sangli,Reddish Brown,135,75,85,6.5,700,20,Sugarcane,DAP,https://youtu.be/2t5Am0xLTOo,36891.6
Sangli,Reddish Brown,140,75,85,6.5,700,20,Sugarcane,DAP,https://youtu.be/2t5Am0xLTOo,65255.4
Sangli,Reddish Brown,145,75,85,6.5,700,20,Sugarcane,DAP,https://youtu.be/2t5Am0xLTOo,62571.5
Sangli,Reddish Brown,150,75,85,6.5,700,20,Sugarcane,DAP,https://youtu.be/2t5Am0xLTOo,57446.2
Sangli,Reddish Brown,120,80,90,7.0,800,25,Sugarcane,DAP,https://youtu.be/2t5Am0xLTOo,75553.8
Sangli,Reddish Brown,125,80,90,7.0,800,25,Sugarcane,DAP,https://youtu.be/2t5Am0xLTOo,61311.7
Sangli,Reddish Brown,130,80,90,7.0,800,25,Sugarcane,DAP,https://youtu.be/2t5Am0xLTOo,63014.5
Sangli,Reddish Brown,135,80,90,7.0,800,25,Sugarcane,DAP,https://youtu.be/2t5Am0xLTOo,61127.8
Sangli,Reddish Brown,140,80,90,7.0,800,25,Sugarcane,DAP,https://youtu.be/2t5Am0xLTOo,45356.9
Sangli,Reddish Brown,145,80,90,7.0,800,25,Sugarcane,DAP,https://youtu.be/2t5Am0xLTOo,53630.7
Sangli,Reddish Brown,150,80,90,7.0,800,25,Sugarcane,DAP,https://youtu.be/2t5Am0xLTOo,75569.4
Sangli,Reddish Brown,120,60,100,6.5,700,30,Sugarcane,Urea,https://youtu.be/2t5Am0xLTOo,42718.2
Sangli,Reddish Brown,125,60,100,6.5,700,30,Sugarcane,Urea,https://youtu.be/2t5Am0xLTOo,56585.4
Sangli,Reddish Brown,130,60,100,6.5,700,30,Sugarcane,Urea,https://youtu.be/2t5Am0xLTOo,60507.2
Sangli,Reddish Brown,135,60,100,6.5,700,30,Sugarcane,Urea,https://youtu.be/2t5Am0xLTOo,82729.8
Sangli,Reddish Brown,140,60,100,6.5,700,30,Sugarcane,Urea,https://youtu.be/2t5Am0xLTOo,72904.2
Sangli,Reddish Brown,145,60,100,6.5,700,30,Sugarcane,Urea,https://youtu.be/2t5Am0xLTOo,59392.9
Sangli,Reddish Brown,150,60,100,6.5,700,30,Sugarcane,Urea,https://youtu.be/2t5Am0xLTOo,78875.6
Sangli,Reddish Brown,120,65,80,7.0,800,20,Sugarcane,Urea,https://youtu.be/2t5Am0xLTOo,56301.7
Sangli,Reddish Brown,125,65,80,7.0,800,20,Sugarcane,Urea,https://youtu.be/2t5Am0xLTOo,74237.3
Sangli,Reddish Brown,130,65,80,7.0,800,20,Sugarcane,Urea,https://youtu.be/2t5Am0xLTOo,50319.9
Sangli,Reddish Brown,135,65,80,7.0,800,20,Sugarcane,Urea,https://youtu.be/2t5Am0xLTOo,75311.5
Sangli,Reddish Brown,140,65,80,7.0,800,20,Sugarcane,Urea,https://youtu.be/2t5Am0xLTOo,60364.8
Sangli,Reddish Brown,145,65,80,7.0,800,20,Sugarcane,Urea,https://youtu.be/2t5Am0xLTOo,54138.9
Sangli,Reddish Brown,150,65,80,7.0,800,20,Sugarcane,Urea,https://youtu.be/2t5Am0xLTOo,62649.6
Sangli,Reddish Brown,120,70,85,6.5,700,25,Sugarcane,Urea,https://youtu.be/2t5Am0xLTOo,67548.9
Sangli,Reddish Brown,125,70,85,6.5,700,25,Sugarcane,Urea,https://youtu.be/2t5Am0xLTOo,59785.5
Sangli,Reddish Brown,130,70,85,6.5,700,25,Sugarcane,Urea,https://youtu.be/2t5Am0xLTOo,70789.3
Sangli,Reddish Brown,135,70,85,6.5,700,25,Sugarcane,Urea,https://youtu.be/2t5Am0xLTOo,59208.8
Sangli,Reddish Brown,140,70,85,6.5,700,25,Sugarcane,Urea,https://youtu.be/2t5Am0xLTOo,71878.0
Sangli,Reddish Brown,145,70,85,6.5,700,25,Sugarcane,Urea,https://youtu.be/2t5Am0xLTOo,70223.1
Sangli,Reddish Brown,150,70,85,6.5,700,25,Sugarcane,Urea,https://youtu.be/2t5Am0xLTOo,65162.2
Sangli,Reddish Brown,120,75,90,7.0,800,30,Sugarcane,Urea,https://youtu.be/2t5Am0xLTOo,59751.9
Sangli,Reddish Brown,125,75,90,7.0,800,30,Sugarcane,Urea,https://youtu.be/2t5Am0xLTOo,65986.3
Sangli,Reddish Brown,130,75,90,7.0,800,30,Sugarcane,Urea,https://youtu.be/2t5Am0xLTOo,70262.1
Sangli,Reddish Brown,135,75,90,7.0,800,30,Sugarcane,Urea,https://youtu.be/2t5Am0xLTOo,86010.7
Sangli,Reddish Brown,140,75,90,7.0,800,30,Sugarcane,Urea,https://youtu.be/2t5Am0xLTOo,74669.8
Sangli,Reddish Brown,145,75,90,7.0,800,30,Sugarcane,Urea,https://youtu.be/2t5Am0xLTOo,75255.6
Sangli,Reddish Brown,150,75,90,7.0,800,30,Sugarcane,Urea,https://youtu.be/2t5Am0xLTOo,97381.4
Sangli,Reddish Brown,120,80,95,6.5,700,20,Sugarcane,Urea,https://youtu.be/2t5Am0xLTOo,70495.8
Sangli,Reddish Brown,125,80,95,6.5,700,20,Sugarcane,Urea,https://youtu.be/2t5Am0xLTOo,70369.1
Sangli,Reddish Brown,130,80,95,6.5,700,20,Sugarcane,Urea,https://youtu.be/2t5Am0xLTOo,72848.9
Sangli,Reddish Brown,135,80,95,6.5,700,20,Sugarcane,Urea,https://youtu.be/2t5Am0xLTOo,55180.0
Sangli,Reddish Brown,140,80,95,6.5,700,20,Sugarcane,Urea,https://youtu.be/2t5Am0xLTOo,61245.9
Sangli,Reddish Brown,145,80,95,6.5,700,20,Sugarcane,Urea,https://youtu.be/2t5Am0xLTOo,60762.9
Sangli,Reddish Brown,150,80,95,6.5,700,20,Sugarcane,Urea,https://youtu.be/2t5Am0xLTOo,73070.2
Sangli,Red,80,40,120,6.0,700,20,Grapes,Ferrous Sulphate,https://youtu.be/ejhkk0_BNns,24589.2
Sangli,Red,85,40,120,6.0,700,20,Grapes,Ferrous Sulphate,https://youtu.be/ejhkk0_BNns,25404.8
Sangli,Red,90,40,120,6.0,700,20,Grapes,Ferrous Sulphate,https://youtu.be/ejhkk0_BNns,27743.4
Sangli,Red,95,40,120,6.0,700,20,Grapes,Ferrous Sulphate,https://youtu.be/ejhkk0_BNns,27288.7
Sangli,Red,100,40,120,6.0,700,20,Grapes,Ferrous Sulphate,https://youtu.be/ejhkk0_BNns,24910.4
Sangli,Red,80,45,125,6.5,800,25,Grapes,Ferrous Sulphate,https://youtu.be/ejhkk0_BNns,23975.7
Sangli,Red,85,45,125,6.5,800,25,Grapes,Ferrous Sulphate,https://youtu.be/ejhkk0_BNns,28441.3
Sangli,Red,90,45,125,6.5,800,25,Grapes,Ferrous Sulphate,https://youtu.be/ejhkk0_BNns,27642.1
Sangli,Red,95,45,125,6.5,800,25,Grapes,Ferrous Sulphate,https://youtu.be/ejhkk0_BNns,21894.0
Sangli,Red,100,45,125,6.5,800,25,Grapes,Ferrous Sulphate,https://youtu.be/ejhkk0_BNns,25133.7
Sangli,Red,80,50,130,7.0,700,30,Grapes,Ferrous Sulphate,https://youtu.be/ejhkk0_BNns,25582.5
Sangli,Red,85,50,130,7.0,700,30,Grapes,Ferrous Sulphate,https://youtu.be/ejhkk0_BNns,27126.7
Sangli,Red,90,50,130,7.0,700,30,Grapes,Ferrous Sulphate,https://youtu.be/ejhkk0_BNns,27521.6
Sangli,Red,95,50,130,7.0,700,30,Grapes,Ferrous Sulphate,https://youtu.be/ejhkk0_BNns,26093.4
Sangli,Red,100,50,130,7.0,700,30,Grapes,Ferrous Sulphate,https://youtu.be/ejhkk0_BNns,26897.5
Sangli,Red,80,55,135,7.5,800,20,Grapes,Ferrous Sulphate,https://youtu.be/ejhkk0_BNns,25168.5
Sangli,Red,85,55,135,7.5,800,20,Grapes,Ferrous Sulphate,https://youtu.be/ejhkk0_BNns,23486.2
Sangli,Red,90,55,135,7.5,800,20,Grapes,Ferrous Sulphate,https://youtu.be/ejhkk0_BNns,24538.8
Sangli,Red,95,55,135,7.5,800,20,Grapes,Ferrous Sulphate,https://youtu.be/ejhkk0_BNns,25280.5
Sangli,Red,100,55,135,7.5,800,20,Grapes,Ferrous Sulphate,https://youtu.be/ejhkk0_BNns,25224.8
Sangli,Red,80,60,140,6.0,700,25,Grapes,Ferrous Sulphate,https://youtu.be/ejhkk0_BNns,20836.1
Sangli,Red,85,60,140,6.0,700,25,Grapes,Ferrous Sulphate,https://youtu.be/ejhkk0_BNns,24487.3
Sangli,Red,90,60,140,6.0,700,25,Grapes,Ferrous Sulphate,https://youtu.be/ejhkk0_BNns,25656.4
Sangli,Red,95,60,140,6.0,700,25,Grapes,Ferrous Sulphate,https://youtu.be/ejhkk0_BNns,24911.6
Sangli,Red,100,60,140,6.0,700,25,Grapes,Ferrous Sulphate,https://youtu.be/ejhkk0_BNns,25067.8
Sangli,Red,80,40,125,6.5,800,30,Grapes,10:10:10 NPK,https://youtu.be/ejhkk0_BNns,26688.4
Sangli,Red,85,40,125,6.5,800,30,Grapes,10:10:10 NPK,https://youtu.be/ejhkk0_BNns,22966.0
Sangli,Red,90,40,125,6.5,800,30,Grapes,10:10:10 NPK,https://youtu.be/ejhkk0_BNns,21697.6
Sangli,Red,95,40,125,6.5,800,30,Grapes,10:10:10 NPK,https://youtu.be/ejhkk0_BNns,24884.1
Sangli,Red,100,40,125,6.5,800,30,Grapes,10:10:10 NPK,https://youtu.be/ejhkk0_BNns,27678.7
Sangli,Red,80,45,130,7.0,700,20,Grapes,10:10:10 NPK,https://youtu.be/ejhkk0_BNns,29110.1
Sangli,Red,85,45,130,7.0,700,20,Grapes,10:10:10 NPK,https://youtu.be/ejhkk0_BNns,27035.2
Sangli,Red,90,45,130,7.0,700,20,Grapes,10:10:10 NPK,https://youtu.be/ejhkk0_BNns,21728.5
Sangli,Red,95,45,130,7.0,700,20,Grapes,10:10:10 NPK,https://youtu.be/ejhkk0_BNns,24759.0
Sangli,Red,100,45,130,7.0,700,20,Grapes,10:10:10 NPK,https://youtu.be/ejhkk0_BNns,26008.7
Sangli,Red,80,50,135,7.5,800,25,Grapes,10:10:10 NPK,https://youtu.be/ejhkk0_BNns,25344.9
Sangli,Red,85,50,135,7.5,800,25,Grapes,10:10:10 NPK,https://youtu.be/ejhkk0_BNns,26276.4
Sangli,Red,90,50,135,7.5,800,25,Grapes,10:10:10 NPK,https://youtu.be/ejhkk0_BNns,22891.0
Sangli,Red,95,50,135,7.5,800,25,Grapes,10:10:10 NPK,https://youtu.be/ejhkk0_BNns,25298.8
Sangli,Red,100,50,135,7.5,800,25,Grapes,10:10:10 NPK,https://youtu.be/ejhkk0_BNns,26221.8
Sangli,Red,80,55,140,6.0,700,30,Grapes,10:10:10 NPK,https://youtu.be/ejhkk0_BNns,27258.9
Sangli,Red,85,55,140,6.0,700,30,Grapes,10:10:10 NPK,https://youtu.be/ejhkk0_BNns,23416.9
Sangli,Red,90,55,140,6.0,700,30,Grapes,10:10:10 NPK,https://youtu.be/ejhkk0_BNns,24595.7
Sangli,Red,95,55,140,6.0,700,30,Grapes,10:10:10 NPK,https://youtu.be/ejhkk0_BNns,18964.0
Sangli,Red,100,55,140,6.0,700,30,Grapes,10:10:10 NPK,https://youtu.be/ejhkk0_BNns,24068.9
Sangli,Red,80,60,120,6.5,800,20,Grapes,10:10:10 NPK,https://youtu.be/ejhkk0_BNns,24596.9
Sangli,Red,85,60,120,6.5,800,20,Grapes,10:10:10 NPK,https://youtu.be/ejhkk0_BNns,23449.6
Sangli,Red,90,60,120,6.5,800,20,Grapes,10:10:10 NPK,https://youtu.be/ejhkk0_BNns,26443.2
Sangli,Red,95,60,120,6.5,800,20,Grapes,10:10:10 NPK,https://youtu.be/ejhkk0_BNns,25971.0
Sangli,Red,100,60,120,6.5,800,20,Grapes,10:10:10 NPK,https://youtu.be/ejhkk0_BNns,20575.5
Sangli,Red,80,40,130,7.0,700,25,Grapes,Hydrated Lime,https://youtu.be/ejhkk0_BNns,25513.0
Sangli,Red,85,40,130,7.0,700,25,Grapes,Hydrated Lime,https://youtu.be/ejhkk0_BNns,22868.9
Sangli,Red,90,40,130,7.0,700,25,Grapes,Hydrated Lime,https://youtu.be/ejhkk0_BNns,26308.4
Sangli,Red,95,40,130,7.0,700,25,Grapes,Hydrated Lime,https://youtu.be/ejhkk0_BNns,22158.4
Sangli,Red,100,40,130,7.0,700,25,Grapes,Hydrated Lime,https://youtu.be/ejhkk0_BNns,25370.3
Sangli,Red,80,45,135,7.5,800,30,Grapes,Hydrated Lime,https://youtu.be/ejhkk0_BNns,24167.3
Sangli,Red,85,45,135,7.5,800,30,Grapes,Hydrated Lime,https://youtu.be/ejhkk0_BNns,25622.8
Sangli,Red,90,45,135,7.5,800,30,Grapes,Hydrated Lime,https://youtu.be/ejhkk0_BNns,25275.2
Sangli,Red,95,45,135,7.5,800,30,Grapes,Hydrated Lime,https://youtu.be/ejhkk0_BNns,24446.7
Sangli,Red,100,45,135,7.5,800,30,Grapes,Hydrated Lime,https://youtu.be/ejhkk0_BNns,21465.7
Sangli,Red,80,50,140,6.0,700,20,Grapes,Hydrated Lime,https://youtu.be/ejhkk0_BNns,21659.3
Sangli,Red,85,50,140,6.0,700,20,Grapes,Hydrated Lime,https://youtu.be/ejhkk0_BNns,23862.7
Sangli,Red,90,50,140,6.0,700,20,Grapes,Hydrated Lime,https://youtu.be/ejhkk0_BNns,25315.4
Sangli,Red,95,50,140,6.0,700,20,Grapes,Hydrated Lime,https://youtu.be/ejhkk0_BNns,23943.9
Sangli,Red,100,50,140,6.0,700,20,Grapes,Hydrated Lime,https://youtu.be/ejhkk0_BNns,26994.1
Sangli,Red,80,55,120,6.5,800,25,Grapes,Hydrated Lime,https://youtu.be/ejhkk0_BNns,25107.2
Sangli,Red,85,55,120,6.5,800,25,Grapes,Hydrated Lime,https://youtu.be/ejhkk0_BNns,23498.5
Sangli,Red,90,55,120,6.5,800,25,Grapes,Hydrated Lime,https://youtu.be/ejhkk0_BNns,25256.4
Sangli,Red,95,55,120,6.5,800,25,Grapes,Hydrated Lime,https://youtu.be/ejhkk0_BNns,26572.7
Sangli,Red,100,55,120,6.5,800,25,Grapes,Hydrated Lime,https://youtu.be/ejhkk0_BNns,26894.4
Sangli,Red,80,60,125,7.0,700,30,Grapes,Hydrated Lime,https://youtu.be/ejhkk0_BNns,29891.2
Sangli,Red,85,60,125,7.0,700,30,Grapes,Hydrated Lime,https://youtu.be/ejhkk0_BNns,23832.4
Sangli,Red,90,60,125,7.0,700,30,Grapes,Hydrated Lime,https://youtu.be/ejhkk0_BNns,25342.6
Sangli,Red,95,60,125,7.0,700,30,Grapes,Hydrated Lime,https://youtu.be/ejhkk0_BNns,26628.6
Sangli,Red,100,60,125,7.0,700,30,Grapes,Hydrated Lime,https://youtu.be/ejhkk0_BNns,25611.5
Sangli,Red,80,40,135,7.5,800,20,Grapes,Ferrous Sulphate,https://youtu.be/ejhkk0_BNns,23568.4
Sangli,Red,85,40,135,7.5,800,20,Grapes,Ferrous Sulphate,https://youtu.be/ejhkk0_BNns,21170.4
Sangli,Red,90,40,135,7.5,800,20,Grapes,Ferrous Sulphate,https://youtu.be/ejhkk0_BNns,23683.2
Sangli,Red,95,40,135,7.5,800,20,Grapes,Ferrous Sulphate,https://youtu.be/ejhkk0_BNns,22420.4
Sangli,Red,100,40,135,7.5,800,20,Grapes,Ferrous Sulphate,https://youtu.be/ejhkk0_BNns,20936.1
Sangli,Red,80,45,140,6.0,700,25,Grapes,Ferrous Sulphate,https://youtu.be/ejhkk0_BNns,23201.4
Sangli,Red,85,45,140,6.0,700,25,Grapes,Ferrous Sulphate,https://youtu.be/ejhkk0_BNns,22669.9
Sangli,Red,90,45,140,6.0,700,25,Grapes,Ferrous Sulphate,https://youtu.be/ejhkk0_BNns,26640.0
Sangli,Red,95,45,140,6.0,700,25,Grapes,Ferrous Sulphate,https://youtu.be/ejhkk0_BNns,26759.7
Sangli,Red,100,45,140,6.0,700,25,Grapes,Ferrous Sulphate,https://youtu.be/ejhkk0_BNns,23214.7
Sangli,Red,80,50,120,6.5,800,30,Grapes,Ferrous Sulphate,https://youtu.be/ejhkk0_BNns,25062.0
Sangli,Red,85,50,120,6.5,800,30,Grapes,Ferrous Sulphate,https://youtu.be/ejhkk0_BNns,21230.5
Sangli,Red,90,50,120,6.5,800,30,Grapes,Ferrous Sulphate,https://youtu.be/ejhkk0_BNns,24634.9
Sangli,Red,95,50,120,6.5,800,30,Grapes,Ferrous Sulphate,https://youtu.be/ejhkk0_BNns,26902.2
Sangli,Red,100,50,120,6.5,800,30,Grapes,Ferrous Sulphate,https://youtu.be/ejhkk0_BNns,28030.2
Sangli,Red,80,55,125,7.0,700,20,Grapes,Ferrous Sulphate,https://youtu.be/ejhkk0_BNns,23570.6
Sangli,Red,85,55,125,7.0,700,20,Grapes,Ferrous Sulphate,https://youtu.be/ejhkk0_BNns,27882.5
Sangli,Red,90,55,125,7.0,700,20,Grapes,Ferrous Sulphate,https://youtu.be/ejhkk0_BNns,21773.5
Sangli,Red,95,55,125,7.0,700,20,Grapes,Ferrous Sulphate,https://youtu.be/ejhkk0_BNns,22485.1
Sangli,Red,100,55,125,7.0,700,20,Grapes,Ferrous Sulphate,https://youtu.be/ejhkk0_BNns,27296.9
Sangli,Red,80,60,130,7.5,800,25,Grapes,Ferrous Sulphate,https://youtu.be/ejhkk0_BNns,29085.8
Sangli,Red,85,60,130,7.5,800,25,Grapes,Ferrous Sulphate,https://youtu.be/ejhkk0_BNns,26358.5
Sangli,Red,90,60,130,7.5,800,25,Grapes,Ferrous Sulphate,https://youtu.be/ejhkk0_BNns,25156.7
Sangli,Red,95,60,130,7.5,800,25,Grapes,Ferrous Sulphate,https://youtu.be/ejhkk0_BNns,20054.7
Sangli,Red,100,60,130,7.5,800,25,Grapes,Ferrous Sulphate,https://youtu.be/ejhkk0_BNns,20528.5
Sangli,Red,80,40,140,6.0,700,30,Grapes,10:10:10 NPK,https://youtu.be/ejhkk0_BNns,25308.9
Sangli,Red,85,40,140,6.0,700,30,Grapes,10:10:10 NPK,https://youtu.be/ejhkk0_BNns,24224.8
Sangli,Red,90,40,140,6.0,700,30,Grapes,10:10:10 NPK,https://youtu.be/ejhkk0_BNns,22513.1
Sangli,Red,95,40,140,6.0,700,30,Grapes,10:10:10 NPK,https://youtu.be/ejhkk0_BNns,25381.0
Sangli,Red,100,40,140,6.0,700,30,Grapes,10:10:10 NPK,https://youtu.be/ejhkk0_BNns,25574.5
Sangli,Red,80,45,120,6.5,800,20,Grapes,10:10:10 NPK,https://youtu.be/ejhkk0_BNns,27894.7
Sangli,Red,85,45,120,6.5,800,20,Grapes,10:10:10 NPK,https://youtu.be/ejhkk0_BNns,26009.9
Sangli,Red,90,45,120,6.5,800,20,Grapes,10:10:10 NPK,https://youtu.be/ejhkk0_BNns,28751.9
Sangli,Red,95,45,120,6.5,800,20,Grapes,10:10:10 NPK,https://youtu.be/ejhkk0_BNns,25847.2
Sangli,Red,100,45,120,6.5,800,20,Grapes,10:10:10 NPK,https://youtu.be/ejhkk0_BNns,25619.5
Sangli,Red,80,50,125,7.0,700,25,Grapes,10:10:10 NPK,https://youtu.be/ejhkk0_BNns,27729.0
Sangli,Red,85,50,125,7.0,700,25,Grapes,10:10:10 NPK,https://youtu.be/ejhkk0_BNns,22917.7
Sangli,Red,90,50,125,7.0,700,25,Grapes,10:10:10 NPK,https://youtu.be/ejhkk0_BNns,32096.3
Sangli,Red,95,50,125,7.0,700,25,Grapes,10:10:10 NPK,https://youtu.be/ejhkk0_BNns,26313.4
Sangli,Red,100,50,125,7.0,700,25,Grapes,10:10:10 NPK,https://youtu.be/ejhkk0_BNns,26403.6
Sangli,Red,80,55,130,7.5,800,30,Grapes,10:10:10 NPK,https://youtu.be/ejhkk0_BNns,26261.9
Sangli,Red,85,55,130,7.5,800,30,Grapes,10:10:10 NPK,https://youtu.be/ejhkk0_BNns,29554.8
Sangli,Red,90,55,130,7.5,800,30,Grapes,10:10:10 NPK,https://youtu.be/ejhkk0_BNns,27052.9
Sangli,Red,95,55,130,7.5,800,30,Grapes,10:10:10 NPK,https://youtu.be/ejhkk0_BNns,21394.6
Sangli,Red,100,55,130,7.5,800,30,Grapes,10:10:10 NPK,https://youtu.be/ejhkk0_BNns,28675.8
Sangli,Red,80,60,135,6.0,700,20,Grapes,10:10:10 NPK,https://youtu.be/ejhkk0_BNns,24552.2
Sangli,Red,85,60,135,6.0,700,20,Grapes,10:10:10 NPK,https://youtu.be/ejhkk0_BNns,25704.9
Sangli,Red,90,60,135,6.0,700,20,Grapes,10:10:10 NPK,https://youtu.be/ejhkk0_BNns,22424.9
Sangli,Red,95,60,135,6.0,700,20,Grapes,10:10:10 NPK,https://youtu.be/ejhkk0_BNns,26871.5
Sangli,Red,100,60,135,6.0,700,20,Grapes,10:10:10 NPK,https://youtu.be/ejhkk0_BNns,24083.2
Sangli,Black,120,60,40,5.5,500,20,Maize,MOP,https://youtu.be/nZxrPsXAJE8,2450.5
Sangli,Black,125,60,40,5.5,500,20,Maize,MOP,https://youtu.be/nZxrPsXAJE9,2280.6
Sangli,Black,130,60,40,5.5,500,20,Maize,MOP,https://youtu.be/nZxrPsXAJE10,3307.5
Sangli,Black,135,60,40,5.5,500,20,Maize,MOP,https://youtu.be/nZxrPsXAJE11,3343.5
Sangli,Black,140,60,40,5.5,500,20,Maize,MOP,https://youtu.be/nZxrPsXAJE12,2453.8
Sangli,Black,145,60,40,5.5,500,20,Maize,MOP,https://youtu.be/nZxrPsXAJE13,2469.0
Sangli,Black,150,60,40,5.5,500,20,Maize,MOP,https://youtu.be/nZxrPsXAJE14,2271.6
Sangli,Black,120,65,45,6.0,600,25,Maize,MOP,https://youtu.be/nZxrPsXAJE15,2982.3
Sangli,Black,125,65,45,6.0,600,25,Maize,MOP,https://youtu.be/nZxrPsXAJE16,2314.2
Sangli,Black,130,65,45,6.0,600,25,Maize,MOP,https://youtu.be/nZxrPsXAJE17,2277.0
Sangli,Black,135,65,45,6.0,600,25,Maize,MOP,https://youtu.be/nZxrPsXAJE18,2947.4
Sangli,Black,140,65,45,6.0,600,25,Maize,MOP,https://youtu.be/nZxrPsXAJE19,2234.3
Sangli,Black,145,65,45,6.0,600,25,Maize,MOP,https://youtu.be/nZxrPsXAJE20,2479.4
Sangli,Black,150,65,45,6.0,600,25,Maize,MOP,https://youtu.be/nZxrPsXAJE21,1748.1
Sangli,Black,120,70,50,6.5,500,30,Maize,MOP,https://youtu.be/nZxrPsXAJE22,2832.5
Sangli,Black,125,70,50,6.5,500,30,Maize,MOP,https://youtu.be/nZxrPsXAJE23,3432.0
Sangli,Black,130,70,50,6.5,500,30,Maize,MOP,https://youtu.be/nZxrPsXAJE24,2856.9
Sangli,Black,135,70,50,6.5,500,30,Maize,MOP,https://youtu.be/nZxrPsXAJE25,3221.2
Sangli,Black,140,70,50,6.5,500,30,Maize,MOP,https://youtu.be/nZxrPsXAJE26,2117.3
Sangli,Black,145,70,50,6.5,500,30,Maize,MOP,https://youtu.be/nZxrPsXAJE27,2646.7
Sangli,Black,150,70,50,6.5,500,30,Maize,MOP,https://youtu.be/nZxrPsXAJE28,2082.1
Sangli,Black,120,75,55,7.0,600,20,Maize,MOP,https://youtu.be/nZxrPsXAJE29,2371.9
Sangli,Black,125,75,55,7.0,600,20,Maize,MOP,https://youtu.be/nZxrPsXAJE30,2853.6
Sangli,Black,130,75,55,7.0,600,20,Maize,MOP,https://youtu.be/nZxrPsXAJE31,2542.4
Sangli,Black,135,75,55,7.0,600,20,Maize,MOP,https://youtu.be/nZxrPsXAJE32,1826.2
Sangli,Black,140,75,55,7.0,600,20,Maize,MOP,https://youtu.be/nZxrPsXAJE33,1878.1
Sangli,Black,145,75,55,7.0,600,20,Maize,MOP,https://youtu.be/nZxrPsXAJE34,1851.6
Sangli,Black,150,75,55,7.0,600,20,Maize,MOP,https://youtu.be/nZxrPsXAJE35,2758.7
Sangli,Black,120,80,60,7.5,500,25,Maize,MOP,https://youtu.be/nZxrPsXAJE36,3400.6
Sangli,Black,125,80,60,7.5,500,25,Maize,MOP,https://youtu.be/nZxrPsXAJE37,3082.6
Sangli,Black,130,80,60,7.5,500,25,Maize,MOP,https://youtu.be/nZxrPsXAJE38,1564.8
Sangli,Black,135,80,60,7.5,500,25,Maize,MOP,https://youtu.be/nZxrPsXAJE39,3127.5
Sangli,Black,140,80,60,7.5,500,25,Maize,MOP,https://youtu.be/nZxrPsXAJE40,2908.0
Sangli,Black,145,80,60,7.5,500,25,Maize,MOP,https://youtu.be/nZxrPsXAJE41,1743.7
Sangli,Black,150,80,60,7.5,500,25,Maize,MOP,https://youtu.be/nZxrPsXAJE42,2337.1
Sangli,Black,120,60,45,5.5,600,30,Maize,SSP,https://youtu.be/nZxrPsXAJE43,2921.6
Sangli,Black,125,60,45,5.5,600,30,Maize,SSP,https://youtu.be/nZxrPsXAJE44,2677.7
Sangli,Black,130,60,45,5.5,600,30,Maize,SSP,https://youtu.be/nZxrPsXAJE45,1822.4
Sangli,Black,135,60,45,5.5,600,30,Maize,SSP,https://youtu.be/nZxrPsXAJE46,2721.1
Sangli,Black,140,60,45,5.5,600,30,Maize,SSP,https://youtu.be/nZxrPsXAJE47,1446.2
Sangli,Black,145,60,45,5.5,600,30,Maize,SSP,https://youtu.be/nZxrPsXAJE48,2346.4
Sangli,Black,150,60,45,5.5,600,30,Maize,SSP,https://youtu.be/nZxrPsXAJE49,2991.7
Sangli,Black,120,65,50,6.0,500,20,Maize,SSP,https://youtu.be/nZxrPsXAJE50,2459.1
Sangli,Black,125,65,50,6.0,500,20,Maize,SSP,https://youtu.be/nZxrPsXAJE51,2223.4
Sangli,Black,130,65,50,6.0,500,20,Maize,SSP,https://youtu.be/nZxrPsXAJE52,2883.2
Sangli,Black,135,65,50,6.0,500,20,Maize,SSP,https://youtu.be/nZxrPsXAJE53,2931.7
Sangli,Black,140,65,50,6.0,500,20,Maize,SSP,https://youtu.be/nZxrPsXAJE54,3098.8
Sangli,Black,145,65,50,6.0,500,20,Maize,SSP,https://youtu.be/nZxrPsXAJE55,2900.7
Sangli,Black,150,65,50,6.0,500,20,Maize,SSP,https://youtu.be/nZxrPsXAJE56,3007.5
Sangli,Black,120,70,55,6.5,600,25,Maize,SSP,https://youtu.be/nZxrPsXAJE57,2859.8
Sangli,Black,125,70,55,6.5,600,25,Maize,SSP,https://youtu.be/nZxrPsXAJE58,2643.4
Sangli,Black,130,70,55,6.5,600,25,Maize,SSP,https://youtu.be/nZxrPsXAJE59,2566.1
Sangli,Black,135,70,55,6.5,600,25,Maize,SSP,https://youtu.be/nZxrPsXAJE60,2415.4
Sangli,Black,140,70,55,6.5,600,25,Maize,SSP,https://youtu.be/nZxrPsXAJE61,1949.8
Sangli,Black,145,70,55,6.5,600,25,Maize,SSP,https://youtu.be/nZxrPsXAJE62,2080.1
Sangli,Black,150,70,55,6.5,600,25,Maize,SSP,https://youtu.be/nZxrPsXAJE63,2414.1
Sangli,Black,120,75,60,7.0,500,30,Maize,SSP,https://youtu.be/nZxrPsXAJE64,2581.9
Sangli,Black,125,75,60,7.0,500,30,Maize,SSP,https://youtu.be/nZxrPsXAJE65,3156.2
Sangli,Black,130,75,60,7.0,500,30,Maize,SSP,https://youtu.be/nZxrPsXAJE66,2462.3
Sangli,Black,135,75,60,7.0,500,30,Maize,SSP,https://youtu.be/nZxrPsXAJE67,2966.2
Sangli,Black,140,75,60,7.0,500,30,Maize,SSP,https://youtu.be/nZxrPsXAJE68,3010.7
Sangli,Black,145,75,60,7.0,500,30,Maize,SSP,https://youtu.be/nZxrPsXAJE69,2392.6
Sangli,Black,150,75,60,7.0,500,30,Maize,SSP,https://youtu.be/nZxrPsXAJE70,2795.4
Sangli,Black,120,80,40,7.5,600,20,Maize,SSP,https://youtu.be/nZxrPsXAJE71,2336.7
Sangli,Black,125,80,40,7.5,600,20,Maize,SSP,https://youtu.be/nZxrPsXAJE72,3078.2
Sangli,Black,130,80,40,7.5,600,20,Maize,SSP,https://youtu.be/nZxrPsXAJE73,2763.8
Sangli,Black,135,80,40,7.5,600,20,Maize,SSP,https://youtu.be/nZxrPsXAJE74,1909.6
Sangli,Black,140,80,40,7.5,600,20,Maize,SSP,https://youtu.be/nZxrPsXAJE75,2554.8
Sangli,Black,145,80,40,7.5,600,20,Maize,SSP,https://youtu.be/nZxrPsXAJE76,3267.6
Sangli,Black,150,80,40,7.5,600,20,Maize,SSP,https://youtu.be/nZxrPsXAJE77,2406.0
Sangli,Black,120,60,50,5.5,500,25,Maize,Urea,https://youtu.be/nZxrPsXAJE78,2610.1
Sangli,Black,125,60,50,5.5,500,25,Maize,Urea,https://youtu.be/nZxrPsXAJE79,2662.9
Sangli,Black,130,60,50,5.5,500,25,Maize,Urea,https://youtu.be/nZxrPsXAJE80,1939.6
Sangli,Black,135,60,50,5.5,500,25,Maize,Urea,https://youtu.be/nZxrPsXAJE81,2661.9
Sangli,Black,140,60,50,5.5,500,25,Maize,Urea,https://youtu.be/nZxrPsXAJE82,1784.8
Sangli,Black,145,60,50,5.5,500,25,Maize,Urea,https://youtu.be/nZxrPsXAJE83,2147.7
Sangli,Black,150,60,50,5.5,500,25,Maize,Urea,https://youtu.be/nZxrPsXAJE84,2948.6
Sangli,Black,120,65,55,6.0,600,30,Maize,Urea,https://youtu.be/nZxrPsXAJE85,2630.0
Sangli,Black,125,65,55,6.0,600,30,Maize,Urea,https://youtu.be/nZxrPsXAJE86,2325.7
Sangli,Black,130,65,55,6.0,600,30,Maize,Urea,https://youtu.be/nZxrPsXAJE87,2687.4
Sangli,Black,135,65,55,6.0,600,30,Maize,Urea,https://youtu.be/nZxrPsXAJE88,2454.8
Sangli,Black,140,65,55,6.0,600,30,Maize,Urea,https://youtu.be/nZxrPsXAJE89,2496.3
Sangli,Black,145,65,55,6.0,600,30,Maize,Urea,https://youtu.be/nZxrPsXAJE90,2810.7
Sangli,Black,150,65,55,6.0,600,30,Maize,Urea,https://youtu.be/nZxrPsXAJE91,2156.5
Sangli,Black,120,70,60,6.5,500,20,Maize,Urea,https://youtu.be/nZxrPsXAJE92,2516.0
Sangli,Black,125,70,60,6.5,500,20,Maize,Urea,https://youtu.be/nZxrPsXAJE93,2354.6
Sangli,Black,130,70,60,6.5,500,20,Maize,Urea,https://youtu.be/nZxrPsXAJE94,1750.7
Sangli,Black,135,70,60,6.5,500,20,Maize,Urea,https://youtu.be/nZxrPsXAJE95,2075.5
Sangli,Black,140,70,60,6.5,500,20,Maize,Urea,https://youtu.be/nZxrPsXAJE96,3281.6
Sangli,Black,145,70,60,6.5,500,20,Maize,Urea,https://youtu.be/nZxrPsXAJE97,2718.5
Sangli,Black,150,70,60,6.5,500,20,Maize,Urea,https://youtu.be/nZxrPsXAJE98,1897.6
Sangli,Black,120,75,40,7.0,600,25,Maize,Urea,https://youtu.be/nZxrPsXAJE99,1750.3
Sangli,Black,125,75,40,7.0,600,25,Maize,Urea,https://youtu.be/nZxrPsXAJE100,2433.6
Sangli,Black,130,75,40,7.0,600,25,Maize,Urea,https://youtu.be/nZxrPsXAJE101,3237.4
Sangli,Black,135,75,40,7.0,600,25,Maize,Urea,https://youtu.be/nZxrPsXAJE102,2411.7
Sangli,Black,140,75,40,7.0,600,25,Maize,Urea,https://youtu.be/nZxrPsXAJE103,3133.9
Sangli,Black,145,75,40,7.0,600,25,Maize,Urea,https://youtu.be/nZxrPsXAJE104,2684.0
Sangli,Black,150,75,40,7.0,600,25,Maize,Urea,https://youtu.be/nZxrPsXAJE105,2749.0
Sangli,Black,120,80,45,7.5,500,30,Maize,Urea,https://youtu.be/nZxrPsXAJE106,1817.0
Sangli,Black,125,80,45,7.5,500,30,Maize,Urea,https://youtu.be/nZxrPsXAJE107,2884.0
Sangli,Black,130,80,45,7.5,500,30,Maize,Urea,https://youtu.be/nZxrPsXAJE108,2296.1
Sangli,Black,135,80,45,7.5,500,30,Maize,Urea,https://youtu.be/nZxrPsXAJE109,2865.4
Sangli,Black,140,80,45,7.5,500,30,Maize,Urea,https://youtu.be/nZxrPsXAJE110,2083.3
Sangli,Black,145,80,45,7.5,500,30,Maize,Urea,https://youtu.be/nZxrPsXAJE111,2557.4
Sangli,Black,150,80,45,7.5,500,30,Maize,Urea,https://youtu.be/nZxrPsXAJE112,2647.5
Sangli,Black,120,60,55,5.5,600,20,Maize,MOP,https://youtu.be/nZxrPsXAJE113,2345.0
Sangli,Black,125,60,55,5.5,600,20,Maize,MOP,https://youtu.be/nZxrPsXAJE114,2610.2
Sangli,Black,130,60,55,5.5,600,20,Maize,MOP,https://youtu.be/nZxrPsXAJE115,2306.3
Sangli,Black,135,60,55,5.5,600,20,Maize,MOP,https://youtu.be/nZxrPsXAJE116,2134.8
Sangli,Black,140,60,55,5.5,600,20,Maize,MOP,https://youtu.be/nZxrPsXAJE117,3193.1
Sangli,Black,145,60,55,5.5,600,20,Maize,MOP,https://youtu.be/nZxrPsXAJE118,2941.6
Sangli,Black,150,60,55,5.5,600,20,Maize,MOP,https://youtu.be/nZxrPsXAJE119,2100.5
Sangli,Black,120,65,60,6.0,500,25,Maize,MOP,https://youtu.be/nZxrPsXAJE120,2716.5
Sangli,Black,125,65,60,6.0,500,25,Maize,MOP,https://youtu.be/nZxrPsXAJE121,2109.0
Sangli,Black,130,65,60,6.0,500,25,Maize,MOP,https://youtu.be/nZxrPsXAJE122,1907.0
Sangli,Black,135,65,60,6.0,500,25,Maize,MOP,https://youtu.be/nZxrPsXAJE123,2959.6
Sangli,Black,140,65,60,6.0,500,25,Maize,MOP,https://youtu.be/nZxrPsXAJE124,1672.0
Sangli,Black,145,65,60,6.0,500,25,Maize,MOP,https://youtu.be/nZxrPsXAJE125,2925.7
Sangli,Black,150,65,60,6.0,500,25,Maize,MOP,https://youtu.be/nZxrPsXAJE126,2372.4
Sangli,Black,120,70,40,6.5,600,30,Maize,MOP,https://youtu.be/nZxrPsXAJE127,2407.3
Sangli,Black,125,70,40,6.5,600,30,Maize,MOP,https://youtu.be/nZxrPsXAJE128,2712.7
Sangli,Black,130,70,40,6.5,600,30,Maize,MOP,https://youtu.be/nZxrPsXAJE129,2803.0
Sangli,Black,135,70,40,6.5,600,30,Maize,MOP,https://youtu.be/nZxrPsXAJE130,2130.8
Sangli,Black,140,70,40,6.5,600,30,Maize,MOP,https://youtu.be/nZxrPsXAJE131,2885.0
Sangli,Black,145,70,40,6.5,600,30,Maize,MOP,https://youtu.be/nZxrPsXAJE132,2599.4
Sangli,Black,150,70,40,6.5,600,30,Maize,MOP,https://youtu.be/nZxrPsXAJE133,1939.4
Sangli,Black,120,75,45,7.0,500,20,Maize,MOP,https://youtu.be/nZxrPsXAJE134,2388.0
Sangli,Black,125,75,45,7.0,500,20,Maize,MOP,https://youtu.be/nZxrPsXAJE135,3128.0
Sangli,Black,130,75,45,7.0,500,20,Maize,MOP,https://youtu.be/nZxrPsXAJE136,3276.9
Sangli,Black,135,75,45,7.0,500,20,Maize,MOP,https://youtu.be/nZxrPsXAJE137,2830.2
Sangli,Black,140,75,45,7.0,500,20,Maize,MOP,https://youtu.be/nZxrPsXAJE138,1928.8
Sangli,Black,145,75,45,7.0,500,20,Maize,MOP,https://youtu.be/nZxrPsXAJE139,2737.8
Sangli,Black,150,75,45,7.0,500,20,Maize,MOP,https://youtu.be/nZxrPsXAJE140,2918.2
Sangli,Black,120,80,50,7.5,600,25,Maize,MOP,https://youtu.be/nZxrPsXAJE141,2790.4
Sangli,Black,125,80,50,7.5,600,25,Maize,MOP,https://youtu.be/nZxrPsXAJE142,2826.0
Sangli,Black,130,80,50,7.5,600,25,Maize,MOP,https://youtu.be/nZxrPsXAJE143,2635.5
Sangli,Black,135,80,50,7.5,600,25,Maize,MOP,https://youtu.be/nZxrPsXAJE144,2437.3
Sangli,Black,140,80,50,7.5,600,25,Maize,MOP,https://youtu.be/nZxrPsXAJE145,2190.4
Sangli,Black,145,80,50,7.5,600,25,Maize,MOP,https://youtu.be/nZxrPsXAJE146,1584.5
Sangli,Black,150,80,50,7.5,600,25,Maize,MOP,https://youtu.be/nZxrPsXAJE147,2653.9
Sangli,Black,120,60,60,5.5,500,30,Maize,SSP,https://youtu.be/nZxrPsXAJE148,2490.0
Sangli,Black,125,60,60,5.5,500,30,Maize,SSP,https://youtu.be/nZxrPsXAJE149,2668.3
Sangli,Black,130,60,60,5.5,500,30,Maize,SSP,https://youtu.be/nZxrPsXAJE150,1800.6
Sangli,Black,135,60,60,5.5,500,30,Maize,SSP,https://youtu.be/nZxrPsXAJE151,2724.1
Sangli,Black,140,60,60,5.5,500,30,Maize,SSP,https://youtu.be/nZxrPsXAJE152,3386.6
Sangli,Black,145,60,60,5.5,500,30,Maize,SSP,https://youtu.be/nZxrPsXAJE153,2475.7
Sangli,Black,150,60,60,5.5,500,30,Maize,SSP,https://youtu.be/nZxrPsXAJE154,2417.3
Sangli,Black,120,65,40,6.0,600,20,Maize,SSP,https://youtu.be/nZxrPsXAJE155,2607.5
Sangli,Black,125,65,40,6.0,600,20,Maize,SSP,https://youtu.be/nZxrPsXAJE156,3427.7
Sangli,Black,130,65,40,6.0,600,20,Maize,SSP,https://youtu.be/nZxrPsXAJE157,1992.2
Sangli,Black,135,65,40,6.0,600,20,Maize,SSP,https://youtu.be/nZxrPsXAJE158,2579.7
Sangli,Black,140,65,40,6.0,600,20,Maize,SSP,https://youtu.be/nZxrPsXAJE159,2110.0
Sangli,Black,145,65,40,6.0,600,20,Maize,SSP,https://youtu.be/nZxrPsXAJE160,2236.5
Sangli,Black,150,65,40,6.0,600,20,Maize,SSP,https://youtu.be/nZxrPsXAJE161,2480.7
Sangli,Black,120,70,45,6.5,500,25,Maize,SSP,https://youtu.be/nZxrPsXAJE162,3139.2
Sangli,Black,125,70,45,6.5,500,25,Maize,SSP,https://youtu.be/nZxrPsXAJE163,3365.1
Sangli,Black,130,70,45,6.5,500,25,Maize,SSP,https://youtu.be/nZxrPsXAJE164,2725.9
Sangli,Black,135,70,45,6.5,500,25,Maize,SSP,https://youtu.be/nZxrPsXAJE165,2337.1
Sangli,Black,140,70,45,6.5,500,25,Maize,SSP,https://youtu.be/nZxrPsXAJE166,3727.5
Sangli,Black,145,70,45,6.5,500,25,Maize,SSP,https://youtu.be/nZxrPsXAJE167,2325.7
Sangli,Black,150,70,45,6.5,500,25,Maize,SSP,https://youtu.be/nZxrPsXAJE168,2262.6
Sangli,Black,120,75,50,7.0,600,30,Maize,SSP,https://youtu.be/nZxrPsXAJE169,1639.2
Sangli,Black,125,75,50,7.0,600,30,Maize,SSP,https://youtu.be/nZxrPsXAJE170,3149.9
Sangli,Black,130,75,50,7.0,600,30,Maize,SSP,https://youtu.be/nZxrPsXAJE171,2955.0
Sangli,Black,135,75,50,7.0,600,30,Maize,SSP,https://youtu.be/nZxrPsXAJE172,3655.7
Sangli,Black,140,75,50,7.0,600,30,Maize,SSP,https://youtu.be/nZxrPsXAJE173,1842.4
Sangli,Black,145,75,50,7.0,600,30,Maize,SSP,https://youtu.be/nZxrPsXAJE174,3215.3
Sangli,Black,150,75,50,7.0,600,30,Maize,SSP,https://youtu.be/nZxrPsXAJE175,2555.8
Sangli,Black,120,80,55,7.5,500,20,Maize,SSP,https://youtu.be/nZxrPsXAJE176,2814.7
Sangli,Black,125,80,30,7.5,500,20,Maize,SSP,https://youtu.be/nZxrPsXAJE177,1676.3
Sangli,Black,130,80,30,7.5,500,20,Maize,SSP,https://youtu.be/nZxrPsXAJE178,3140.8
Sangli,Black,135,80,30,7.5,500,20,Maize,SSP,https://youtu.be/nZxrPsXAJE179,2829.4
Sangli,Black,140,80,40,7.5,500,20,Maize,SSP,https://youtu.be/nZxrPsXAJE180,2448.5
Sangli,Black,145,80,40,7.5,500,20,Maize,SSP,https://youtu.be/nZxrPsXAJE181,2778.6
Sangli,Black,150,80,40,7.5,500,20,Maize,SSP,https://youtu.be/nZxrPsXAJE182,2118.0
Sangli,Black,100,40,40,6.0,800,15,Wheat,19:19:19 NPK,https://youtu.be/VNptnPJt5yo,2152.1
Sangli,Black,105,40,40,6.0,800,15,Wheat,19:19:19 NPK,https://youtu.be/VNptnPJt5yo,2200.0
Sangli,Black,110,40,40,6.0,800,15,Wheat,19:19:19 NPK,https://youtu.be/VNptnPJt5yo,1706.4
Sangli,Black,115,40,40,6.0,800,15,Wheat,19:19:19 NPK,https://youtu.be/VNptnPJt5yo,2691.2
Sangli,Black,120,40,40,6.0,800,15,Wheat,19:19:19 NPK,https://youtu.be/VNptnPJt5yo,2818.4
Sangli,Black,100,45,45,6.5,900,20,Wheat,19:19:19 NPK,https://youtu.be/VNptnPJt5yo,2158.8
Sangli,Black,105,45,45,6.5,900,20,Wheat,19:19:19 NPK,https://youtu.be/VNptnPJt5yo,2550.7
Sangli,Black,110,45,45,6.5,900,20,Wheat,19:19:19 NPK,https://youtu.be/VNptnPJt5yo,2331.9
Sangli,Black,115,45,45,6.5,900,20,Wheat,19:19:19 NPK,https://youtu.be/VNptnPJt5yo,2558.0
Sangli,Black,120,45,45,6.5,900,20,Wheat,19:19:19 NPK,https://youtu.be/VNptnPJt5yo,2211.1
Sangli,Black,100,50,50,7.0,800,25,Wheat,19:19:19 NPK,https://youtu.be/VNptnPJt5yo,2058.2
Sangli,Black,105,50,50,7.0,800,25,Wheat,19:19:19 NPK,https://youtu.be/VNptnPJt5yo,2763.9
Sangli,Black,110,50,50,7.0,800,25,Wheat,19:19:19 NPK,https://youtu.be/VNptnPJt5yo,2367.3
Sangli,Black,115,50,50,7.0,800,25,Wheat,19:19:19 NPK,https://youtu.be/VNptnPJt5yo,3132.5
Sangli,Black,120,50,50,7.0,800,25,Wheat,19:19:19 NPK,https://youtu.be/VNptnPJt5yo,2421.1
Sangli,Black,100,55,55,7.5,900,15,Wheat,19:19:19 NPK,https://youtu.be/VNptnPJt5yo,2028.7
Sangli,Black,105,55,55,7.5,900,15,Wheat,19:19:19 NPK,https://youtu.be/VNptnPJt5yo,2807.5
Sangli,Black,110,55,55,7.5,900,15,Wheat,19:19:19 NPK,https://youtu.be/VNptnPJt5yo,2600.9
Sangli,Black,115,55,55,7.5,900,15,Wheat,19:19:19 NPK,https://youtu.be/VNptnPJt5yo,2643.0
Sangli,Black,120,55,55,7.5,900,15,Wheat,19:19:19 NPK,https://youtu.be/VNptnPJt5yo,2818.4
Sangli,Black,100,60,60,6.0,800,20,Wheat,19:19:19 NPK,https://youtu.be/VNptnPJt5yo,2156.9
Sangli,Black,105,60,60,6.0,800,20,Wheat,19:19:19 NPK,https://youtu.be/VNptnPJt5yo,2354.4
Sangli,Black,110,60,60,6.0,800,20,Wheat,19:19:19 NPK,https://youtu.be/VNptnPJt5yo,2345.0
Sangli,Black,115,60,60,6.0,800,20,Wheat,19:19:19 NPK,https://youtu.be/VNptnPJt5yo,1941.8
Sangli,Black,120,60,60,6.0,800,20,Wheat,19:19:19 NPK,https://youtu.be/VNptnPJt5yo,2324.6
Sangli,Black,100,40,45,6.5,900,25,Wheat,Urea,https://youtu.be/VNptnPJt5yo,2894.9
Sangli,Black,105,40,45,6.5,900,25,Wheat,Urea,https://youtu.be/VNptnPJt5yo,2500.9
Sangli,Black,110,40,45,6.5,900,25,Wheat,Urea,https://youtu.be/VNptnPJt5yo,1926.8
Sangli,Black,115,40,45,6.5,900,25,Wheat,Urea,https://youtu.be/VNptnPJt5yo,1855.1
Sangli,Black,120,40,45,6.5,900,25,Wheat,Urea,https://youtu.be/VNptnPJt5yo,3049.8
Sangli,Black,100,45,50,7.0,800,15,Wheat,Urea,https://youtu.be/VNptnPJt5yo,2335.7
Sangli,Black,105,45,50,7.0,800,15,Wheat,Urea,https://youtu.be/VNptnPJt5yo,2141.8
Sangli,Black,110,45,50,7.0,800,15,Wheat,Urea,https://youtu.be/VNptnPJt5yo,2282.9
Sangli,Black,115,45,50,7.0,800,15,Wheat,Urea,https://youtu.be/VNptnPJt5yo,1853.5
Sangli,Black,120,45,50,7.0,800,15,Wheat,Urea,https://youtu.be/VNptnPJt5yo,2912.6
Sangli,Black,100,50,55,7.5,900,20,Wheat,Urea,https://youtu.be/VNptnPJt5yo,2211.6
Sangli,Black,105,50,55,7.5,900,20,Wheat,Urea,https://youtu.be/VNptnPJt5yo,2847.7
Sangli,Black,110,50,55,7.5,900,20,Wheat,Urea,https://youtu.be/VNptnPJt5yo,2383.8
Sangli,Black,115,50,55,7.5,900,20,Wheat,Urea,https://youtu.be/VNptnPJt5yo,2886.4
Sangli,Black,120,50,55,7.5,900,20,Wheat,Urea,https://youtu.be/VNptnPJt5yo,2471.5
Sangli,Black,100,55,60,6.0,800,25,Wheat,Urea,https://youtu.be/VNptnPJt5yo,2694.0
Sangli,Black,105,55,60,6.0,800,25,Wheat,Urea,https://youtu.be/VNptnPJt5yo,2653.0
Sangli,Black,110,55,60,6.0,800,25,Wheat,Urea,https://youtu.be/VNptnPJt5yo,2625.8
Sangli,Black,115,55,60,6.0,800,25,Wheat,Urea,https://youtu.be/VNptnPJt5yo,2532.9
Sangli,Black,120,55,60,6.0,800,25,Wheat,Urea,https://youtu.be/VNptnPJt5yo,2327.6
Sangli,Black,100,60,40,6.5,900,15,Wheat,Urea,https://youtu.be/VNptnPJt5yo,3151.4
Sangli,Black,105,60,40,6.5,900,15,Wheat,Urea,https://youtu.be/VNptnPJt5yo,2112.1
Sangli,Black,110,60,40,6.5,900,15,Wheat,Urea,https://youtu.be/VNptnPJt5yo,2457.5
Sangli,Black,115,60,40,6.5,900,15,Wheat,Urea,https://youtu.be/VNptnPJt5yo,2468.4
Sangli,Black,120,60,40,6.5,900,15,Wheat,Urea,https://youtu.be/VNptnPJt5yo,2620.6
Sangli,Black,100,40,50,7.0,800,15,Wheat,19:19:19 NPK,https://youtu.be/VNptnPJt5yo,2205.8
Sangli,Black,105,40,50,7.0,800,15,Wheat,19:19:19 NPK,https://youtu.be/VNptnPJt5yo,2479.3
Sangli,Black,110,40,50,7.0,800,15,Wheat,19:19:19 NPK,https://youtu.be/VNptnPJt5yo,2312.5
Sangli,Black,115,40,50,7.0,800,15,Wheat,19:19:19 NPK,https://youtu.be/VNptnPJt5yo,1809.0
Sangli,Black,120,40,50,7.0,800,15,Wheat,19:19:19 NPK,https://youtu.be/VNptnPJt5yo,2390.5
Sangli,Black,100,45,55,7.5,900,20,Wheat,19:19:19 NPK,https://youtu.be/VNptnPJt5yo,1952.2
Sangli,Black,105,45,55,7.5,900,20,Wheat,19:19:19 NPK,https://youtu.be/VNptnPJt5yo,1731.9
Sangli,Black,110,45,55,7.5,900,20,Wheat,19:19:19 NPK,https://youtu.be/VNptnPJt5yo,2405.8
Sangli,Black,115,45,55,7.5,900,20,Wheat,19:19:19 NPK,https://youtu.be/VNptnPJt5yo,2538.5
Sangli,Black,120,45,55,7.5,900,20,Wheat,19:19:19 NPK,https://youtu.be/VNptnPJt5yo,2559.7
Sangli,Black,100,50,60,6.0,800,25,Wheat,19:19:19 NPK,https://youtu.be/VNptnPJt5yo,2581.1
Sangli,Black,105,50,60,6.0,800,25,Wheat,19:19:19 NPK,https://youtu.be/VNptnPJt5yo,1684.9
Sangli,Black,110,50,60,6.0,800,25,Wheat,19:19:19 NPK,https://youtu.be/VNptnPJt5yo,1897.0
Sangli,Black,115,50,60,6.0,800,25,Wheat,19:19:19 NPK,https://youtu.be/VNptnPJt5yo,3114.9
Sangli,Black,120,50,60,6.0,800,25,Wheat,19:19:19 NPK,https://youtu.be/VNptnPJt5yo,2022.3
Sangli,Black,100,55,40,6.5,900,15,Wheat,19:19:19 NPK,https://youtu.be/VNptnPJt5yo,2658.7
Sangli,Black,105,55,40,6.5,900,15,Wheat,19:19:19 NPK,https://youtu.be/VNptnPJt5yo,2186.0
Sangli,Black,110,55,40,6.5,900,15,Wheat,19:19:19 NPK,https://youtu.be/VNptnPJt5yo,2476.8
Sangli,Black,115,55,40,6.5,900,15,Wheat,19:19:19 NPK,https://youtu.be/VNptnPJt5yo,2218.4
Sangli,Black,120,55,40,6.5,900,15,Wheat,19:19:19 NPK,https://youtu.be/VNptnPJt5yo,2670.7
Sangli,Black,100,60,45,7.0,800,20,Wheat,19:19:19 NPK,https://youtu.be/VNptnPJt5yo,2443.5
Sangli,Black,105,60,45,7.0,800,20,Wheat,19:19:19 NPK,https://youtu.be/VNptnPJt5yo,2237.5
Sangli,Black,110,60,45,7.0,800,20,Wheat,19:19:19 NPK,https://youtu.be/VNptnPJt5yo,2024.1
Sangli,Black,115,60,45,7.0,800,20,Wheat,19:19:19 NPK,https://youtu.be/VNptnPJt5yo,2512.5
Sangli,Black,120,60,45,7.0,800,20,Wheat,19:19:19 NPK,https://youtu.be/VNptnPJt5yo,1976.0
Sangli,Black,100,40,55,7.5,900,25,Wheat,Urea,https://youtu.be/VNptnPJt5yo,2486.2
Sangli,Black,105,40,55,7.5,900,25,Wheat,Urea,https://youtu.be/VNptnPJt5yo,3274.4
Sangli,Black,110,40,55,7.5,900,25,Wheat,Urea,https://youtu.be/VNptnPJt5yo,2829.3
Sangli,Black,115,40,55,7.5,900,25,Wheat,Urea,https://youtu.be/VNptnPJt5yo,2611.8
Sangli,Black,120,40,55,7.5,900,25,Wheat,Urea,https://youtu.be/VNptnPJt5yo,2331.3
Sangli,Black,100,45,60,6.0,800,15,Wheat,Urea,https://youtu.be/VNptnPJt5yo,1671.8
Sangli,Black,105,45,60,6.0,800,15,Wheat,Urea,https://youtu.be/VNptnPJt5yo,1898.7
Sangli,Black,110,45,60,6.0,800,15,Wheat,Urea,https://youtu.be/VNptnPJt5yo,2845.3
Sangli,Black,115,45,60,6.0,800,15,Wheat,Urea,https://youtu.be/VNptnPJt5yo,2102.6
Sangli,Black,120,45,60,6.0,800,15,Wheat,Urea,https://youtu.be/VNptnPJt5yo,2141.5
Sangli,Black,100,50,40,6.5,900,20,Wheat,Urea,https://youtu.be/VNptnPJt5yo,2363.6
Sangli,Black,105,50,40,6.5,900,20,Wheat,Urea,https://youtu.be/VNptnPJt5yo,2039.8
Sangli,Black,110,50,40,6.5,900,20,Wheat,Urea,https://youtu.be/VNptnPJt5yo,1984.8
Sangli,Black,115,50,40,6.5,900,20,Wheat,Urea,https://youtu.be/VNptnPJt5yo,2426.7
Sangli,Black,120,50,40,6.5,900,20,Wheat,Urea,https://youtu.be/VNptnPJt5yo,2120.8
Sangli,Black,100,55,45,7.0,800,25,Wheat,Urea,https://youtu.be/VNptnPJt5yo,2117.2
Sangli,Black,105,55,45,7.0,800,25,Wheat,Urea,https://youtu.be/VNptnPJt5yo,2108.7
Sangli,Black,110,55,45,7.0,800,25,Wheat,Urea,https://youtu.be/VNptnPJt5yo,2589.1
Sangli,Black,115,55,45,7.0,800,25,Wheat,Urea,https://youtu.be/VNptnPJt5yo,2321.2
Sangli,Black,120,55,45,7.0,800,25,Wheat,Urea,https://youtu.be/VNptnPJt5yo,2347.4
Sangli,Black,100,60,50,7.5,900,15,Wheat,Urea,https://youtu.be/VNptnPJt5yo,2583.1
Sangli,Black,105,60,50,7.5,900,15,Wheat,Urea,https://youtu.be/VNptnPJt5yo,2324.3
Sangli,Black,110,60,50,7.5,900,15,Wheat,Urea,https://youtu.be/VNptnPJt5yo,2281.7
Sangli,Black,115,60,50,7.5,900,15,Wheat,Urea,https://youtu.be/VNptnPJt5yo,2559.5
Sangli,Black,120,60,50,7.5,900,15,Wheat,Urea,https://youtu.be/VNptnPJt5yo,2638.6
Sangli,Black,100,40,60,6.0,800,15,Wheat,19:19:19 NPK,https://youtu.be/VNptnPJt5yo,2306.9
Sangli,Black,105,40,60,6.0,800,15,Wheat,19:19:19 NPK,https://youtu.be/VNptnPJt5yo,2395.3
Sangli,Black,110,40,60,6.0,800,15,Wheat,19:19:19 NPK,https://youtu.be/VNptnPJt5yo,2091.8
Sangli,Black,115,40,60,6.0,800,15,Wheat,19:19:19 NPK,https://youtu.be/VNptnPJt5yo,2069.4
Sangli,Black,120,40,60,6.0,800,15,Wheat,19:19:19 NPK,https://youtu.be/VNptnPJt5yo,2665.5
Sangli,Black,100,45,40,6.5,900,20,Wheat,19:19:19 NPK,https://youtu.be/VNptnPJt5yo,2578.8
Sangli,Black,105,45,40,6.5,900,20,Wheat,19:19:19 NPK,https://youtu.be/VNptnPJt5yo,2590.1
Sangli,Black,110,45,40,6.5,900,20,Wheat,19:19:19 NPK,https://youtu.be/VNptnPJt5yo,2533.2
Sangli,Black,115,45,40,6.5,900,20,Wheat,19:19:19 NPK,https://youtu.be/VNptnPJt5yo,2453.8
Sangli,Black,120,45,40,6.5,900,20,Wheat,19:19:19 NPK,https://youtu.be/VNptnPJt5yo,2701.8
Sangli,Black,100,50,45,7.0,800,25,Wheat,19:19:19 NPK,https://youtu.be/VNptnPJt5yo,2713.8
Sangli,Black,105,50,45,7.0,800,25,Wheat,19:19:19 NPK,https://youtu.be/VNptnPJt5yo,2713.0
Sangli,Black,110,50,45,7.0,800,25,Wheat,19:19:19 NPK,https://youtu.be/VNptnPJt5yo,2353.9
Sangli,Black,115,50,45,7.0,800,25,Wheat,19:19:19 NPK,https://youtu.be/VNptnPJt5yo,2901.6
Sangli,Black,120,50,45,7.0,800,25,Wheat,19:19:19 NPK,https://youtu.be/VNptnPJt5yo,2487.5
Sangli,Black,100,55,50,7.5,900,15,Wheat,19:19:19 NPK,https://youtu.be/VNptnPJt5yo,2586.6
Sangli,Black,105,55,50,7.5,900,15,Wheat,19:19:19 NPK,https://youtu.be/VNptnPJt5yo,2468.3
Sangli,Black,110,55,50,7.5,900,15,Wheat,19:19:19 NPK,https://youtu.be/VNptnPJt5yo,2462.7
Sangli,Black,115,55,50,7.5,900,15,Wheat,19:19:19 NPK,https://youtu.be/VNptnPJt5yo,2114.9
Sangli,Black,120,55,50,7.5,900,15,Wheat,19:19:19 NPK,https://youtu.be/VNptnPJt5yo,2641.2
Sangli,Black,100,60,55,6.0,800,20,Wheat,19:19:19 NPK,https://youtu.be/VNptnPJt5yo,3426.9
Sangli,Black,105,60,55,6.0,800,20,Wheat,19:19:19 NPK,https://youtu.be/VNptnPJt5yo,2264.3
Sangli,Black,110,60,55,6.0,800,20,Wheat,19:19:19 NPK,https://youtu.be/VNptnPJt5yo,2433.5
Sangli,Black,115,60,55,6.0,800,20,Wheat,19:19:19 NPK,https://youtu.be/VNptnPJt5yo,2251.1
Sangli,Black,120,60,55,6.0,800,20,Wheat,19:19:19 NPK,https://youtu.be/VNptnPJt5yo,2242.1
Sangli,Red,60,40,40,6.0,800,25,Jowar,10:26:26 NPK,https://youtu.be/hxuB66J-3BI,1488.7
Sangli,Red,65,40,40,6.0,800,25,Jowar,10:26:26 NPK,https://youtu.be/hxuB66J-3BI,1017.8
Sangli,Red,70,40,40,6.0,800,25,Jowar,10:26:26 NPK,https://youtu.be/hxuB66J-3BI,1063.6
Sangli,Red,75,40,40,6.0,800,25,Jowar,10:26:26 NPK,https://youtu.be/hxuB66J-3BI,826.6
Sangli,Red,80,40,40,6.0,800,25,Jowar,10:26:26 NPK,https://youtu.be/hxuB66J-3BI,1008.6
Sangli,Red,60,45,45,6.5,900,30,Jowar,10:26:26 NPK,https://youtu.be/hxuB66J-3BI,812.5
Sangli,Red,65,45,45,6.5,900,30,Jowar,10:26:26 NPK,https://youtu.be/hxuB66J-3BI,1328.7
Sangli,Red,70,45,45,6.5,900,30,Jowar,10:26:26 NPK,https://youtu.be/hxuB66J-3BI,1809.9
Sangli,Red,75,45,45,6.5,900,30,Jowar,10:26:26 NPK,https://youtu.be/hxuB66J-3BI,1116.0
Sangli,Red,80,45,45,6.5,900,30,Jowar,10:26:26 NPK,https://youtu.be/hxuB66J-3BI,831.4
Sangli,Red,60,50,50,7.0,800,25,Jowar,10:26:26 NPK,https://youtu.be/hxuB66J-3BI,1361.0
Sangli,Red,65,50,50,7.0,800,25,Jowar,10:26:26 NPK,https://youtu.be/hxuB66J-3BI,1013.7
Sangli,Red,70,50,50,7.0,800,25,Jowar,10:26:26 NPK,https://youtu.be/hxuB66J-3BI,1455.6
Sangli,Red,75,50,50,7.0,800,25,Jowar,10:26:26 NPK,https://youtu.be/hxuB66J-3BI,1116.3
Sangli,Red,80,50,50,7.0,800,25,Jowar,10:26:26 NPK,https://youtu.be/hxuB66J-3BI,1043.4
Sangli,Red,60,55,55,7.5,900,30,Jowar,10:26:26 NPK,https://youtu.be/hxuB66J-3BI,1121.3
Sangli,Red,65,55,55,7.5,900,30,Jowar,10:26:26 NPK,https://youtu.be/hxuB66J-3BI,1325.3
Sangli,Red,70,55,55,7.5,900,30,Jowar,10:26:26 NPK,https://youtu.be/hxuB66J-3BI,1117.3
Sangli,Red,75,55,55,7.5,900,30,Jowar,10:26:26 NPK,https://youtu.be/hxuB66J-3BI,1062.4
Sangli,Red,80,55,55,7.5,900,30,Jowar,10:26:26 NPK,https://youtu.be/hxuB66J-3BI,1130.0
Sangli,Red,60,60,60,6.0,800,25,Jowar,10:26:26 NPK,https://youtu.be/hxuB66J-3BI,900.0
Sangli,Red,65,60,60,6.0,800,25,Jowar,10:26:26 NPK,https://youtu.be/hxuB66J-3BI,1265.7
Sangli,Red,70,60,60,6.0,800,25,Jowar,10:26:26 NPK,https://youtu.be/hxuB66J-3BI,792.9
Sangli,Red,75,60,60,6.0,800,25,Jowar,10:26:26 NPK,https://youtu.be/hxuB66J-3BI,1089.0
Sangli,Red,80,60,60,6.0,800,25,Jowar,10:26:26 NPK,https://youtu.be/hxuB66J-3BI,1356.4
Sangli,Red,60,40,45,6.5,900,30,Jowar,Urea,https://youtu.be/hxuB66J-3BI,1248.2
Sangli,Red,65,40,45,6.5,900,30,Jowar,Urea,https://youtu.be/hxuB66J-3BI,1314.7
Sangli,Red,70,40,45,6.5,900,30,Jowar,Urea,https://youtu.be/hxuB66J-3BI,1174.8
Sangli,Red,75,40,45,6.5,900,30,Jowar,Urea,https://youtu.be/hxuB66J-3BI,1450.0
Sangli,Red,80,40,45,6.5,900,30,Jowar,Urea,https://youtu.be/hxuB66J-3BI,1400.2
Sangli,Red,60,45,50,7.0,800,25,Jowar,Urea,https://youtu.be/hxuB66J-3BI,1258.6
Sangli,Red,65,45,50,7.0,800,25,Jowar,Urea,https://youtu.be/hxuB66J-3BI,1366.0
Sangli,Red,70,45,50,7.0,800,25,Jowar,Urea,https://youtu.be/hxuB66J-3BI,1331.8
Sangli,Red,75,45,50,7.0,800,25,Jowar,Urea,https://youtu.be/hxuB66J-3BI,1078.2
Sangli,Red,80,45,50,7.0,800,25,Jowar,Urea,https://youtu.be/hxuB66J-3BI,885.0
Sangli,Red,60,50,55,7.5,900,30,Jowar,Urea,https://youtu.be/hxuB66J-3BI,1244.7
Sangli,Red,65,50,55,7.5,900,30,Jowar,Urea,https://youtu.be/hxuB66J-3BI,1275.2
Sangli,Red,70,50,55,7.5,900,30,Jowar,Urea,https://youtu.be/hxuB66J-3BI,1395.7
Sangli,Red,75,50,55,7.5,900,30,Jowar,Urea,https://youtu.be/hxuB66J-3BI,964.0
Sangli,Red,80,50,55,7.5,900,30,Jowar,Urea,https://youtu.be/hxuB66J-3BI,973.3
Sangli,Red,60,55,60,6.0,800,25,Jowar,Urea,https://youtu.be/hxuB66J-3BI,1270.9
Sangli,Red,65,55,60,6.0,800,25,Jowar,Urea,https://youtu.be/hxuB66J-3BI,1159.6
Sangli,Red,70,55,60,6.0,800,25,Jowar,Urea,https://youtu.be/hxuB66J-3BI,768.5
Sangli,Red,75,55,60,6.0,800,25,Jowar,Urea,https://youtu.be/hxuB66J-3BI,1263.7
Sangli,Red,80,55,60,6.0,800,25,Jowar,Urea,https://youtu.be/hxuB66J-3BI,780.3
Sangli,Red,60,60,40,6.5,900,30,Jowar,Urea,https://youtu.be/hxuB66J-3BI,990.4
Sangli,Red,65,60,40,6.5,900,30,Jowar,Urea,https://youtu.be/hxuB66J-3BI,1503.1
Sangli,Red,70,60,40,6.5,900,30,Jowar,Urea,https://youtu.be/hxuB66J-3BI,1612.9
Sangli,Red,75,60,40,6.5,900,30,Jowar,Urea,https://youtu.be/hxuB66J-3BI,938.8
Sangli,Red,80,60,40,6.5,900,30,Jowar,Urea,https://youtu.be/hxuB66J-3BI,1139.9
Sangli,Red,60,40,50,7.0,800,25,Jowar,SSP,https://youtu.be/hxuB66J-3BI,1167.7
Sangli,Red,65,40,50,7.0,800,25,Jowar,SSP,https://youtu.be/hxuB66J-3BI,1543.9
Sangli,Red,70,40,50,7.0,800,25,Jowar,SSP,https://youtu.be/hxuB66J-3BI,1059.5
Sangli,Red,75,40,50,7.0,800,25,Jowar,SSP,https://youtu.be/hxuB66J-3BI,1066.1
Sangli,Red,80,40,50,7.0,800,25,Jowar,SSP,https://youtu.be/hxuB66J-3BI,1507.4
Sangli,Red,60,45,55,7.5,900,30,Jowar,SSP,https://youtu.be/hxuB66J-3BI,1071.3
Sangli,Red,65,45,55,7.5,900,30,Jowar,SSP,https://youtu.be/hxuB66J-3BI,1308.1
Sangli,Red,70,45,55,7.5,900,30,Jowar,SSP,https://youtu.be/hxuB66J-3BI,842.2
Sangli,Red,75,45,55,7.5,900,30,Jowar,SSP,https://youtu.be/hxuB66J-3BI,1124.4
Sangli,Red,80,45,55,7.5,900,30,Jowar,SSP,https://youtu.be/hxuB66J-3BI,808.0
Sangli,Red,60,50,60,6.0,800,25,Jowar,SSP,https://youtu.be/hxuB66J-3BI,940.0
Sangli,Red,65,50,60,6.0,800,25,Jowar,SSP,https://youtu.be/hxuB66J-3BI,1351.9
Sangli,Red,70,50,60,6.0,800,25,Jowar,SSP,https://youtu.be/hxuB66J-3BI,1163.3
Sangli,Red,75,50,60,6.0,800,25,Jowar,SSP,https://youtu.be/hxuB66J-3BI,1108.3
Sangli,Red,80,50,60,6.0,800,25,Jowar,SSP,https://youtu.be/hxuB66J-3BI,1017.9
Sangli,Red,60,55,40,6.5,900,30,Jowar,SSP,https://youtu.be/hxuB66J-3BI,1146.6
Sangli,Red,65,55,40,6.5,900,30,Jowar,SSP,https://youtu.be/hxuB66J-3BI,1265.3
Sangli,Red,70,55,40,6.5,900,30,Jowar,SSP,https://youtu.be/hxuB66J-3BI,1420.3
Sangli,Red,75,55,40,6.5,900,30,Jowar,SSP,https://youtu.be/hxuB66J-3BI,621.8
Sangli,Red,80,55,40,6.5,900,30,Jowar,SSP,https://youtu.be/hxuB66J-3BI,1023.7
Sangli,Red,60,60,45,7.0,800,25,Jowar,SSP,https://youtu.be/hxuB66J-3BI,1210.4
Sangli,Red,65,60,45,7.0,800,25,Jowar,SSP,https://youtu.be/hxuB66J-3BI,1157.8
Sangli,Red,70,60,45,7.0,800,25,Jowar,SSP,https://youtu.be/hxuB66J-3BI,1270.8
Sangli,Red,75,60,45,7.0,800,25,Jowar,SSP,https://youtu.be/hxuB66J-3BI,1244.8
Sangli,Red,80,60,45,7.0,800,25,Jowar,SSP,https://youtu.be/hxuB66J-3BI,1122.8
Sangli,Red,60,40,55,7.5,900,30,Jowar,10:26:26 NPK,https://youtu.be/hxuB66J-3BI,1035.2
Sangli,Red,65,40,55,7.5,900,30,Jowar,10:26:26 NPK,https://youtu.be/hxuB66J-3BI,1097.9
Sangli,Red,70,40,55,7.5,900,30,Jowar,10:26:26 NPK,https://youtu.be/hxuB66J-3BI,1397.9
Sangli,Red,75,40,55,7.5,900,30,Jowar,10:26:26 NPK,https://youtu.be/hxuB66J-3BI,1000.6
Sangli,Red,80,40,55,7.5,900,30,Jowar,10:26:26 NPK,https://youtu.be/hxuB66J-3BI,1146.8
Sangli,Red,60,45,60,6.0,800,25,Jowar,10:26:26 NPK,https://youtu.be/hxuB66J-3BI,1202.2
Sangli,Red,65,45,60,6.0,800,25,Jowar,10:26:26 NPK,https://youtu.be/hxuB66J-3BI,1502.1
Sangli,Red,70,45,60,6.0,800,25,Jowar,10:26:26 NPK,https://youtu.be/hxuB66J-3BI,1105.0
Sangli,Red,75,45,60,6.0,800,25,Jowar,10:26:26 NPK,https://youtu.be/hxuB66J-3BI,1380.8
Sangli,Red,80,45,60,6.0,800,25,Jowar,10:26:26 NPK,https://youtu.be/hxuB66J-3BI,1444.2
Sangli,Red,60,50,40,6.5,900,30,Jowar,10:26:26 NPK,https://youtu.be/hxuB66J-3BI,1176.8
Sangli,Red,65,50,40,6.5,900,30,Jowar,10:26:26 NPK,https://youtu.be/hxuB66J-3BI,1147.9
Sangli,Red,70,50,40,6.5,900,30,Jowar,10:26:26 NPK,https://youtu.be/hxuB66J-3BI,1125.2
Sangli,Red,75,50,40,6.5,900,30,Jowar,10:26:26 NPK,https://youtu.be/hxuB66J-3BI,1144.7
Sangli,Red,80,50,40,6.5,900,30,Jowar,10:26:26 NPK,https://youtu.be/hxuB66J-3BI,1394.8
Sangli,Red,60,55,45,7.0,800,25,Jowar,10:26:26 NPK,https://youtu.be/hxuB66J-3BI,1221.5
Sangli,Red,65,55,45,7.0,800,25,Jowar,10:26:26 NPK,https://youtu.be/hxuB66J-3BI,1226.0
Sangli,Red,70,55,45,7.0,800,25,Jowar,10:26:26 NPK,https://youtu.be/hxuB66J-3BI,933.8
Sangli,Red,75,55,45,7.0,800,25,Jowar,10:26:26 NPK,https://youtu.be/hxuB66J-3BI,971.0
Sangli,Red,80,55,45,7.0,800,25,Jowar,10:26:26 NPK,https://youtu.be/hxuB66J-3BI,1654.1
Sangli,Red,60,60,50,7.5,900,30,Jowar,10:26:26 NPK,https://youtu.be/hxuB66J-3BI,1125.5
Sangli,Red,65,60,50,7.5,900,30,Jowar,10:26:26 NPK,https://youtu.be/hxuB66J-3BI,1000.2
Sangli,Red,70,60,50,7.5,900,30,Jowar,10:26:26 NPK,https://youtu.be/hxuB66J-3BI,1479.4
Sangli,Red,75,60,50,7.5,900,30,Jowar,10:26:26 NPK,https://youtu.be/hxuB66J-3BI,1234.9
Sangli,Red,80,60,50,7.5,900,30,Jowar,10:26:26 NPK,https://youtu.be/hxuB66J-3BI,1302.8
Sangli,Red,60,40,60,6.0,800,25,Jowar,Urea,https://youtu.be/hxuB66J-3BI,1129.1
Sangli,Red,65,40,60,6.0,800,25,Jowar,Urea,https://youtu.be/hxuB66J-3BI,1093.7
Sangli,Red,70,40,60,6.0,800,25,Jowar,Urea,https://youtu.be/hxuB66J-3BI,1129.0
Sangli,Red,75,40,60,6.0,800,25,Jowar,Urea,https://youtu.be/hxuB66J-3BI,870.8
Sangli,Red,80,40,60,6.0,800,25,Jowar,Urea,https://youtu.be/hxuB66J-3BI,1153.4
Sangli,Red,60,45,40,6.5,900,30,Jowar,Urea,https://youtu.be/hxuB66J-3BI,1251.3
Sangli,Red,65,45,40,6.5,900,30,Jowar,Urea,https://youtu.be/hxuB66J-3BI,1596.2
Sangli,Red,70,45,40,6.5,900,30,Jowar,Urea,https://youtu.be/hxuB66J-3BI,1212.4
Sangli,Red,75,45,40,6.5,900,30,Jowar,Urea,https://youtu.be/hxuB66J-3BI,681.6
Sangli,Red,80,45,40,6.5,900,30,Jowar,Urea,https://youtu.be/hxuB66J-3BI,1179.7
Sangli,Red,60,50,45,7.0,800,25,Jowar,Urea,https://youtu.be/hxuB66J-3BI,1757.1
Sangli,Red,65,50,45,7.0,800,25,Jowar,Urea,https://youtu.be/hxuB66J-3BI,1357.8
Sangli,Red,70,50,45,7.0,800,25,Jowar,Urea,https://youtu.be/hxuB66J-3BI,998.5
Sangli,Red,75,50,45,7.0,800,25,Jowar,Urea,https://youtu.be/hxuB66J-3BI,1306.0
Sangli,Red,80,50,45,7.0,800,25,Jowar,Urea,https://youtu.be/hxuB66J-3BI,1019.4
Sangli,Red,60,55,50,7.5,900,30,Jowar,Urea,https://youtu.be/hxuB66J-3BI,869.8
Sangli,Red,65,55,50,7.5,900,30,Jowar,Urea,https://youtu.be/hxuB66J-3BI,1088.1
Sangli,Red,70,55,50,7.5,900,30,Jowar,Urea,https://youtu.be/hxuB66J-3BI,1185.9
Sangli,Red,75,55,50,7.5,900,30,Jowar,Urea,https://youtu.be/hxuB66J-3BI,765.6
Sangli,Red,80,55,50,7.5,900,30,Jowar,Urea,https://youtu.be/hxuB66J-3BI,924.3
Sangli,Red,60,60,45,6.0,800,25,Jowar,Urea,https://youtu.be/hxuB66J-3BI,1178.1
Sangli,Red,65,60,45,6.0,800,25,Jowar,Urea,https://youtu.be/hxuB66J-3BI,1090.5
Sangli,Red,70,60,45,6.0,800,25,Jowar,Urea,https://youtu.be/hxuB66J-3BI,1268.9
Sangli,Red,75,60,45,6.0,800,25,Jowar,Urea,https://youtu.be/hxuB66J-3BI,920.4
Sangli,Red,80,60,45,6.0,800,25,Jowar,Urea,https://youtu.be/hxuB66J-3BI,1346.4
Sangli,Light Brown,20,40,20,6.0,800,25,Groundnut,Chilated Micronutrient,https://youtu.be/xW8wji2zjcU,984.0
Sangli,Light Brown,25,40,20,6.0,800,25,Groundnut,Chilated Micronutrient,https://youtu.be/xW8wji2zjcU,1719.9
Sangli,Light Brown,30,40,20,6.0,800,25,Groundnut,Chilated Micronutrient,https://youtu.be/xW8wji2zjcU,851.7
Sangli,Light Brown,20,45,25,6.5,900,30,Groundnut,Chilated Micronutrient,https://youtu.be/xW8wji2zjcU,1032.1
Sangli,Light Brown,25,45,25,6.5,900,30,Groundnut,Chilated Micronutrient,https://youtu.be/xW8wji2zjcU,1436.2
Sangli,Light Brown,30,45,25,6.5,900,30,Groundnut,Chilated Micronutrient,https://youtu.be/xW8wji2zjcU,1772.6
Sangli,Light Brown,20,50,30,7.0,800,25,Groundnut,Chilated Micronutrient,https://youtu.be/xW8wji2zjcU,1381.9
Sangli,Light Brown,25,50,30,7.0,800,25,Groundnut,Chilated Micronutrient,https://youtu.be/xW8wji2zjcU,1450.9
Sangli,Light Brown,30,50,30,7.0,800,25,Groundnut,Chilated Micronutrient,https://youtu.be/xW8wji2zjcU,1312.3
Sangli,Light Brown,20,40,25,6.0,900,30,Groundnut,SSP,https://youtu.be/xW8wji2zjcU,1029.9
Sangli,Light Brown,25,40,25,6.0,900,30,Groundnut,SSP,https://youtu.be/xW8wji2zjcU,1172.8
Sangli,Light Brown,30,40,25,6.0,900,30,Groundnut,SSP,https://youtu.be/xW8wji2zjcU,987.7
Sangli,Light Brown,20,45,30,6.5,800,25,Groundnut,SSP,https://youtu.be/xW8wji2zjcU,977.8
Sangli,Light Brown,25,45,30,6.5,800,25,Groundnut,SSP,https://youtu.be/xW8wji2zjcU,1424.8
Sangli,Light Brown,30,45,30,6.5,800,25,Groundnut,SSP,https://youtu.be/xW8wji2zjcU,1025.0
Sangli,Light Brown,20,50,20,7.0,900,30,Groundnut,SSP,https://youtu.be/xW8wji2zjcU,1390.1
Sangli,Light Brown,25,50,20,7.0,900,30,Groundnut,SSP,https://youtu.be/xW8wji2zjcU,968.6
Sangli,Light Brown,30,50,20,7.0,900,30,Groundnut,SSP,https://youtu.be/xW8wji2zjcU,1392.4
Sangli,Light Brown,20,40,30,6.0,800,25,Groundnut,Chilated Micronutrient,https://youtu.be/xW8wji2zjcU,1163.7
Sangli,Light Brown,25,40,30,6.0,800,25,Groundnut,Chilated Micronutrient,https://youtu.be/xW8wji2zjcU,1658.7
Sangli,Light Brown,30,40,30,6.0,800,25,Groundnut,Chilated Micronutrient,https://youtu.be/xW8wji2zjcU,1382.1
Sangli,Light Brown,20,45,20,6.5,900,30,Groundnut,Chilated Micronutrient,https://youtu.be/xW8wji2zjcU,1648.5
Sangli,Light Brown,25,45,20,6.5,900,30,Groundnut,Chilated Micronutrient,https://youtu.be/xW8wji2zjcU,1124.7
Sangli,Light Brown,30,45,20,6.5,900,30,Groundnut,Chilated Micronutrient,https://youtu.be/xW8wji2zjcU,1344.3
Sangli,Light Brown,20,50,25,7.0,800,25,Groundnut,Chilated Micronutrient,https://youtu.be/xW8wji2zjcU,1044.3
Sangli,Light Brown,25,50,25,7.0,800,25,Groundnut,Chilated Micronutrient,https://youtu.be/xW8wji2zjcU,1195.8
Sangli,Light Brown,30,50,25,7.0,800,25,Groundnut,Chilated Micronutrient,https://youtu.be/xW8wji2zjcU,1239.1
Sangli,Black,25,20,40,5.5,1500,20,Turmeric,Urea,https://youtu.be/RiBSAjxgFvU,2410.9
Sangli,Black,30,20,40,5.5,1500,20,Turmeric,Urea,https://youtu.be/RiBSAjxgFvU,2059.1
Sangli,Black,20,20,40,5.5,1500,20,Turmeric,Urea,https://youtu.be/RiBSAjxgFvU,1902.3
Sangli,Black,30,25,45,6.0,1600,25,Turmeric,Urea,https://youtu.be/RiBSAjxgFvU,1258.3
Sangli,Black,20,25,45,6.0,1600,25,Turmeric,Urea,https://youtu.be/RiBSAjxgFvU,2204.5
Sangli,Black,25,25,45,6.0,1600,25,Turmeric,Urea,https://youtu.be/RiBSAjxgFvU,3466.3
Sangli,Black,20,30,50,6.5,1700,30,Turmeric,Urea,https://youtu.be/RiBSAjxgFvU,1835.9
Sangli,Black,25,30,50,6.5,1700,30,Turmeric,Urea,https://youtu.be/RiBSAjxgFvU,2016.5
Sangli,Black,30,30,50,6.5,1700,30,Turmeric,Urea,https://youtu.be/RiBSAjxgFvU,4429.4
Sangli,Black,25,20,45,5.5,1500,20,Turmeric,Ferrous Sulphate,https://youtu.be/RiBSAjxgFvU,2476.3
Sangli,Black,30,20,45,5.5,1500,20,Turmeric,Ferrous Sulphate,https://youtu.be/RiBSAjxgFvU,3186.2
Sangli,Black,20,20,45,5.5,1500,20,Turmeric,Ferrous Sulphate,https://youtu.be/RiBSAjxgFvU,3401.1
Sangli,Black,30,25,50,6.0,1600,25,Turmeric,Ferrous Sulphate,https://youtu.be/RiBSAjxgFvU,3503.0
Sangli,Black,20,25,50,6.0,1600,25,Turmeric,Ferrous Sulphate,https://youtu.be/RiBSAjxgFvU,1858.2
Sangli,Black,25,25,50,6.0,1600,25,Turmeric,Ferrous Sulphate,https://youtu.be/RiBSAjxgFvU,2826.3
Sangli,Black,20,30,40,6.5,1700,30,Turmeric,Ferrous Sulphate,https://youtu.be/RiBSAjxgFvU,1821.0
Sangli,Black,25,30,40,6.5,1700,30,Turmeric,Ferrous Sulphate,https://youtu.be/RiBSAjxgFvU,4914.0
Sangli,Black,30,30,40,6.5,1700,30,Turmeric,Ferrous Sulphate,https://youtu.be/RiBSAjxgFvU,1849.8
Sangli,Black,25,20,50,5.5,1500,20,Turmeric,White Potash,https://youtu.be/RiBSAjxgFvU,2175.5
Sangli,Black,30,20,50,5.5,1500,20,Turmeric,White Potash,https://youtu.be/RiBSAjxgFvU,2187.4
Sangli,Black,20,20,50,5.5,1500,20,Turmeric,White Potash,https://youtu.be/RiBSAjxgFvU,1841.7
Sangli,Black,25,20,40,5.5,1500,20,Turmeric,White Potash,https://youtu.be/RiBSAjxgFvU,3930.9
Sangli,Black,30,25,40,6.0,1600,25,Turmeric,White Potash,https://youtu.be/RiBSAjxgFvU,4818.8
Sangli,Black,20,25,40,6.0,1600,25,Turmeric,White Potash,https://youtu.be/RiBSAjxgFvU,2635.9
Sangli,Black,25,25,40,6.0,1600,25,Turmeric,White Potash,https://youtu.be/RiBSAjxgFvU,2014.3
Sangli,Black,20,30,45,6.5,1700,30,Turmeric,White Potash,https://youtu.be/RiBSAjxgFvU,1352.4
Sangli,Black,25,30,45,6.5,1700,30,Turmeric,White Potash,https://youtu.be/RiBSAjxgFvU,2870.3
Sangli,Black,30,30,45,6.5,1700,30,Turmeric,White Potash,https://youtu.be/RiBSAjxgFvU,2823.9
Sangli,Black,100,20,45,6.0,700,25,Cotton,Magnesium Sulphate,https://www.youtube.com/live/vX-DfTU-KbE?feature=share,596.4
Sangli,Black,105,20,45,6.0,700,25,Cotton,Magnesium Sulphate,https://www.youtube.com/live/vX-DfTU-KbE?feature=share,2777.3
Sangli,Black,110,20,45,6.0,700,25,Cotton,Magnesium Sulphate,https://www.youtube.com/live/vX-DfTU-KbE?feature=share,3220.9
Sangli,Black,115,20,45,6.0,700,25,Cotton,Magnesium Sulphate,https://www.youtube.com/live/vX-DfTU-KbE?feature=share,3049.3
Sangli,Black,120,20,45,6.0,700,25,Cotton,Magnesium Sulphate,https://www.youtube.com/live/vX-DfTU-KbE?feature=share,1447.9
Sangli,Black,100,25,50,6.5,800,30,Cotton,Magnesium Sulphate,https://www.youtube.com/live/vX-DfTU-KbE?feature=share,181.9
Sangli,Black,105,25,50,6.5,800,30,Cotton,Magnesium Sulphate,https://www.youtube.com/live/vX-DfTU-KbE?feature=share,3980.5
Sangli,Black,110,25,50,6.5,800,30,Cotton,Magnesium Sulphate,https://www.youtube.com/live/vX-DfTU-KbE?feature=share,2316.7
Sangli,Black,115,25,50,6.5,800,30,Cotton,Magnesium Sulphate,https://www.youtube.com/live/vX-DfTU-KbE?feature=share,4576.2
Sangli,Black,120,25,50,6.5,800,30,Cotton,Magnesium Sulphate,https://www.youtube.com/live/vX-DfTU-KbE?feature=share,4336.0
Sangli,Black,100,30,55,7.0,900,35,Cotton,Magnesium Sulphate,https://www.youtube.com/live/vX-DfTU-KbE?feature=share,181.9
Sangli,Black,105,30,55,7.0,900,35,Cotton,Magnesium Sulphate,https://www.youtube.com/live/vX-DfTU-KbE?feature=share,181.9
Sangli,Black,110,30,55,7.0,900,35,Cotton,Magnesium Sulphate,https://www.youtube.com/live/vX-DfTU-KbE?feature=share,344.7
Sangli,Black,115,30,55,7.0,900,35,Cotton,Magnesium Sulphate,https://www.youtube.com/live/vX-DfTU-KbE?feature=share,181.9
Sangli,Black,120,30,55,7.0,900,35,Cotton,Magnesium Sulphate,https://www.youtube.com/live/vX-DfTU-KbE?feature=share,4218.0
Sangli,Black,100,20,50,7.5,1000,25,Cotton,12:32:16 NPK,https://www.youtube.com/live/vX-DfTU-KbE?feature=share,3090.8
Sangli,Black,105,20,50,7.5,1000,25,Cotton,12:32:16 NPK,https://www.youtube.com/live/vX-DfTU-KbE?feature=share,4796.5
Sangli,Black,110,20,50,7.5,1000,25,Cotton,12:32:16 NPK,https://www.youtube.com/live/vX-DfTU-KbE?feature=share,3221.9
Sangli,Black,115,20,50,7.5,1000,25,Cotton,12:32:16 NPK,https://www.youtube.com/live/vX-DfTU-KbE?feature=share,2759.8
Sangli,Black,120,20,50,7.5,1000,25,Cotton,12:32:16 NPK,https://www.youtube.com/live/vX-DfTU-KbE?feature=share,4796.5
Sangli,Black,100,25,55,6.0,700,30,Cotton,12:32:16 NPK,https://www.youtube.com/live/vX-DfTU-KbE?feature=share,3400.0
Sangli,Black,105,25,55,6.0,700,30,Cotton,12:32:16 NPK,https://www.youtube.com/live/vX-DfTU-KbE?feature=share,2403.5
Sangli,Black,110,25,55,6.0,700,30,Cotton,12:32:16 NPK,https://www.youtube.com/live/vX-DfTU-KbE?feature=share,4796.5
Sangli,Black,115,25,55,6.0,700,30,Cotton,12:32:16 NPK,https://www.youtube.com/live/vX-DfTU-KbE?feature=share,2536.3
Sangli,Black,120,25,55,6.0,700,30,Cotton,12:32:16 NPK,https://www.youtube.com/live/vX-DfTU-KbE?feature=share,1483.0
Sangli,Black,100,30,45,6.5,800,35,Cotton,12:32:16 NPK,https://www.youtube.com/live/vX-DfTU-KbE?feature=share,181.9
Sangli,Black,105,30,45,6.5,800,35,Cotton,12:32:16 NPK,https://www.youtube.com/live/vX-DfTU-KbE?feature=share,4090.6
Sangli,Black,110,30,45,6.5,800,35,Cotton,12:32:16 NPK,https://www.youtube.com/live/vX-DfTU-KbE?feature=share,4796.5
Sangli,Black,115,30,45,6.5,800,35,Cotton,12:32:16 NPK,https://www.youtube.com/live/vX-DfTU-KbE?feature=share,2169.1
Sangli,Black,120,30,45,6.5,800,35,Cotton,12:32:16 NPK,https://www.youtube.com/live/vX-DfTU-KbE?feature=share,4796.5
Sangli,Black,100,20,55,7.0,900,25,Cotton,DAP,https://www.youtube.com/live/vX-DfTU-KbE?feature=share,181.9
Sangli,Black,105,20,55,7.0,900,25,Cotton,DAP,https://www.youtube.com/live/vX-DfTU-KbE?feature=share,2106.7
Sangli,Black,110,20,55,7.0,900,25,Cotton,DAP,https://www.youtube.com/live/vX-DfTU-KbE?feature=share,2151.7
Sangli,Black,115,20,55,7.0,900,25,Cotton,DAP,https://www.youtube.com/live/vX-DfTU-KbE?feature=share,415.6
Sangli,Black,120,20,55,7.0,900,25,Cotton,DAP,https://www.youtube.com/live/vX-DfTU-KbE?feature=share,4796.5
Sangli,Black,100,25,45,7.5,1000,30,Cotton,DAP,https://www.youtube.com/live/vX-DfTU-KbE?feature=share,2059.4
Sangli,Black,105,25,45,7.5,1000,30,Cotton,DAP,https://www.youtube.com/live/vX-DfTU-KbE?feature=share,1210.0
Sangli,Black,110,25,45,7.5,1000,30,Cotton,DAP,https://www.youtube.com/live/vX-DfTU-KbE?feature=share,2302.9
Sangli,Black,115,25,45,7.5,1000,30,Cotton,DAP,https://www.youtube.com/live/vX-DfTU-KbE?feature=share,181.9
Sangli,Black,120,25,45,7.5,1000,30,Cotton,DAP,https://www.youtube.com/live/vX-DfTU-KbE?feature=share,330.9
Sangli,Black,100,30,50,6.0,700,35,Cotton,DAP,https://www.youtube.com/live/vX-DfTU-KbE?feature=share,4700.6
Sangli,Black,105,30,50,6.0,700,35,Cotton,DAP,https://www.youtube.com/live/vX-DfTU-KbE?feature=share,658.8
Sangli,Black,110,30,50,6.0,700,35,Cotton,DAP,https://www.youtube.com/live/vX-DfTU-KbE?feature=share,181.9
Sangli,Black,115,30,50,6.0,700,35,Cotton,DAP,https://www.youtube.com/live/vX-DfTU-KbE?feature=share,4796.5
Sangli,Black,120,30,50,6.0,700,35,Cotton,DAP,https://www.youtube.com/live/vX-DfTU-KbE?feature=share,4796.5
Sangli,Reddish Brown,30,40,20,6.0,600,25,Tur,Urea,https://youtu.be/WaWgxSZHiWo,927.5
Sangli,Reddish Brown,35,40,20,6.0,600,25,Tur,Urea,https://youtu.be/WaWgxSZHiWo,795.1
Sangli,Reddish Brown,40,40,20,6.0,600,25,Tur,Urea,https://youtu.be/WaWgxSZHiWo,827.6
Sangli,Reddish Brown,30,45,25,6.5,700,30,Tur,Urea,https://youtu.be/WaWgxSZHiWo,762.3
Sangli,Reddish Brown,35,45,25,6.5,700,30,Tur,Urea,https://youtu.be/WaWgxSZHiWo,737.4
Sangli,Reddish Brown,40,45,25,6.5,700,30,Tur,Urea,https://youtu.be/WaWgxSZHiWo,732.6
Sangli,Reddish Brown,30,50,30,7.0,800,35,Tur,Urea,https://youtu.be/WaWgxSZHiWo,783.8
Sangli,Reddish Brown,35,50,30,7.0,800,35,Tur,Urea,https://youtu.be/WaWgxSZHiWo,727.2
Sangli,Reddish Brown,40,50,30,7.0,800,35,Tur,Urea,https://youtu.be/WaWgxSZHiWo,654.2
Sangli,Reddish Brown,30,55,20,6.0,600,25,Tur,Urea,https://youtu.be/WaWgxSZHiWo,896.4
Sangli,Reddish Brown,35,55,20,6.0,600,25,Tur,Urea,https://youtu.be/WaWgxSZHiWo,901.2
Sangli,Reddish Brown,40,55,20,6.0,600,25,Tur,Urea,https://youtu.be/WaWgxSZHiWo,1110.9
Sangli,Reddish Brown,30,60,25,6.5,700,30,Tur,Urea,https://youtu.be/WaWgxSZHiWo,790.5
Sangli,Reddish Brown,35,60,25,6.5,700,30,Tur,Urea,https://youtu.be/WaWgxSZHiWo,931.9
Sangli,Reddish Brown,40,60,25,6.5,700,30,Tur,Urea,https://youtu.be/WaWgxSZHiWo,937.1
Sangli,Reddish Brown,30,40,30,7.0,800,35,Tur,MOP,https://youtu.be/WaWgxSZHiWo,828.9
Sangli,Reddish Brown,35,40,30,7.0,800,35,Tur,MOP,https://youtu.be/WaWgxSZHiWo,971.8
Sangli,Reddish Brown,40,40,30,7.0,800,35,Tur,MOP,https://youtu.be/WaWgxSZHiWo,979.1
Sangli,Reddish Brown,30,45,20,6.0,600,25,Tur,MOP,https://youtu.be/WaWgxSZHiWo,904.6
Sangli,Reddish Brown,35,45,20,6.0,600,25,Tur,MOP,https://youtu.be/WaWgxSZHiWo,826.0
Sangli,Reddish Brown,40,45,20,6.0,600,25,Tur,MOP,https://youtu.be/WaWgxSZHiWo,814.2
Sangli,Reddish Brown,30,50,25,6.5,700,30,Tur,MOP,https://youtu.be/WaWgxSZHiWo,684.8
Sangli,Reddish Brown,35,50,25,6.5,700,30,Tur,MOP,https://youtu.be/WaWgxSZHiWo,767.3
Sangli,Reddish Brown,40,50,25,6.5,700,30,Tur,MOP,https://youtu.be/WaWgxSZHiWo,796.0
Sangli,Reddish Brown,30,55,30,7.0,800,35,Tur,MOP,https://youtu.be/WaWgxSZHiWo,715.0
Sangli,Reddish Brown,35,55,30,7.0,800,35,Tur,MOP,https://youtu.be/WaWgxSZHiWo,939.5
Sangli,Reddish Brown,40,55,30,7.0,800,35,Tur,MOP,https://youtu.be/WaWgxSZHiWo,1050.2
Sangli,Reddish Brown,30,60,20,6.0,600,25,Tur,MOP,https://youtu.be/WaWgxSZHiWo,741.0
Sangli,Reddish Brown,35,60,20,6.0,600,25,Tur,MOP,https://youtu.be/WaWgxSZHiWo,911.6
Sangli,Reddish Brown,40,60,20,6.0,600,25,Tur,MOP,https://youtu.be/WaWgxSZHiWo,727.6
Sangli,Reddish Brown,30,40,25,6.5,700,30,Tur,SSP,https://youtu.be/WaWgxSZHiWo,830.1
Sangli,Reddish Brown,35,40,25,6.5,700,30,Tur,SSP,https://youtu.be/WaWgxSZHiWo,777.9
Sangli,Reddish Brown,40,40,25,6.5,700,30,Tur,SSP,https://youtu.be/WaWgxSZHiWo,964.3
Sangli,Reddish Brown,30,45,30,7.0,800,35,Tur,SSP,https://youtu.be/WaWgxSZHiWo,772.3
Sangli,Reddish Brown,35,45,30,7.0,800,35,Tur,SSP,https://youtu.be/WaWgxSZHiWo,1013.2
Sangli,Reddish Brown,40,45,30,7.0,800,35,Tur,SSP,https://youtu.be/WaWgxSZHiWo,838.3
Sangli,Reddish Brown,30,50,20,6.0,600,25,Tur,SSP,https://youtu.be/WaWgxSZHiWo,771.5
Sangli,Reddish Brown,35,50,20,6.0,600,25,Tur,SSP,https://youtu.be/WaWgxSZHiWo,689.2
Sangli,Reddish Brown,40,50,20,6.0,600,25,Tur,SSP,https://youtu.be/WaWgxSZHiWo,903.2
Sangli,Reddish Brown,30,55,25,6.5,700,30,Tur,SSP,https://youtu.be/WaWgxSZHiWo,1011.4
Sangli,Reddish Brown,35,55,25,6.5,700,30,Tur,SSP,https://youtu.be/WaWgxSZHiWo,925.1
Sangli,Reddish Brown,40,55,25,6.5,700,30,Tur,SSP,https://youtu.be/WaWgxSZHiWo,1211.0
Sangli,Reddish Brown,30,60,30,7.0,800,35,Tur,SSP,https://youtu.be/WaWgxSZHiWo,1081.0
Sangli,Reddish Brown,35,60,30,7.0,800,35,Tur,SSP,https://youtu.be/WaWgxSZHiWo,836.4
Sangli,Reddish Brown,40,60,30,7.0,800,35,Tur,SSP,https://youtu.be/WaWgxSZHiWo,837.4
Sangli,Black,40,20,20,6.5,400,25,Moong,MOP,https://youtu.be/sQwNkYRVxM8,523.7
Sangli,Black,45,20,20,6.5,400,25,Moong,MOP,https://youtu.be/sQwNkYRVxM9,418.3
Sangli,Black,50,20,20,6.5,400,25,Moong,MOP,https://youtu.be/sQwNkYRVxM10,584.1
Sangli,Black,40,25,25,7.0,500,30,Moong,MOP,https://youtu.be/sQwNkYRVxM11,511.8
Sangli,Black,45,25,25,7.0,500,30,Moong,MOP,https://youtu.be/sQwNkYRVxM12,504.8
Sangli,Black,50,25,25,7.0,500,30,Moong,MOP,https://youtu.be/sQwNkYRVxM13,541.5
Sangli,Black,40,30,30,7.5,600,35,Moong,MOP,https://youtu.be/sQwNkYRVxM14,618.2
Sangli,Black,45,30,30,7.5,600,35,Moong,MOP,https://youtu.be/sQwNkYRVxM15,494.7
Sangli,Black,50,30,30,7.5,600,35,Moong,MOP,https://youtu.be/sQwNkYRVxM16,473.2
Sangli,Black,40,20,25,6.5,400,25,Moong,Urea,https://youtu.be/sQwNkYRVxM17,608.4
Sangli,Black,45,20,25,6.5,400,25,Moong,Urea,https://youtu.be/sQwNkYRVxM18,566.0
Sangli,Black,50,20,25,6.5,400,25,Moong,Urea,https://youtu.be/sQwNkYRVxM19,462.1
Sangli,Black,40,25,30,7.0,500,30,Moong,Urea,https://youtu.be/sQwNkYRVxM20,482.9
Sangli,Black,45,25,30,7.0,500,30,Moong,Urea,https://youtu.be/sQwNkYRVxM21,499.8
Sangli,Black,50,25,30,7.0,500,30,Moong,Urea,https://youtu.be/sQwNkYRVxM22,514.9
Sangli,Black,40,30,20,7.5,600,35,Moong,Urea,https://youtu.be/sQwNkYRVxM23,370.1
Sangli,Black,45,30,20,7.5,600,35,Moong,Urea,https://youtu.be/sQwNkYRVxM24,356.2
Sangli,Black,50,30,20,7.5,600,35,Moong,Urea,https://youtu.be/sQwNkYRVxM25,410.4
Sangli,Black,40,20,30,6.5,400,25,Moong,SSP,https://youtu.be/sQwNkYRVxM26,406.7
Sangli,Black,45,20,30,6.5,400,25,Moong,SSP,https://youtu.be/sQwNkYRVxM27,434.2
Sangli,Black,50,20,30,6.5,400,25,Moong,SSP,https://youtu.be/sQwNkYRVxM28,540.5
Sangli,Black,40,25,20,7.0,500,30,Moong,SSP,https://youtu.be/sQwNkYRVxM29,468.7
Sangli,Black,45,25,20,7.0,500,30,Moong,SSP,https://youtu.be/sQwNkYRVxM30,499.9
Sangli,Black,50,25,20,7.0,500,30,Moong,SSP,https://youtu.be/sQwNkYRVxM31,385.6
Sangli,Black,40,30,25,7.5,600,35,Moong,SSP,https://youtu.be/sQwNkYRVxM32,442.2
Sangli,Black,45,30,25,7.5,600,35,Moong,SSP,https://youtu.be/sQwNkYRVxM33,528.3
Sangli,Black,50,30,25,7.5,600,35,Moong,SSP,https://youtu.be/sQwNkYRVxM34,530.6
Pune,Black,100,50,50,5.5,700,35,Rice,Urea,https://youtu.be/jvixDVYRMDs,1729.4
Pune,Black,105,50,50,5.5,700,35,Rice,Urea,https://youtu.be/jvixDVYRMDs,2335.1
Pune,Black,110,50,50,5.5,700,35,Rice,Urea,https://youtu.be/jvixDVYRMDs,3726.4
Pune,Black,115,50,50,5.5,700,35,Rice,Urea,https://youtu.be/jvixDVYRMDs,2226.4
Pune,Black,120,50,50,5.5,700,35,Rice,Urea,https://youtu.be/jvixDVYRMDs,1771.0
Pune,Black,100,55,55,6.0,800,40,Rice,Urea,https://youtu.be/jvixDVYRMDs,2152.2
Pune,Black,105,55,55,6.0,800,40,Rice,Urea,https://youtu.be/jvixDVYRMDs,2343.0
Pune,Black,110,55,55,6.0,800,40,Rice,Urea,https://youtu.be/jvixDVYRMDs,2180.3
Pune,Black,115,55,55,6.0,800,40,Rice,Urea,https://youtu.be/jvixDVYRMDs,2270.2
Pune,Black,120,55,55,6.0,800,40,Rice,Urea,https://youtu.be/jvixDVYRMDs,1288.3
Pune,Black,100,60,60,6.5,900,35,Rice,Urea,https://youtu.be/jvixDVYRMDs,1644.5
Pune,Black,105,60,60,6.5,900,35,Rice,Urea,https://youtu.be/jvixDVYRMDs,2227.0
Pune,Black,110,60,60,6.5,900,35,Rice,Urea,https://youtu.be/jvixDVYRMDs,2222.0
Pune,Black,115,60,60,6.5,900,35,Rice,Urea,https://youtu.be/jvixDVYRMDs,1941.8
Pune,Black,120,60,60,6.5,900,35,Rice,Urea,https://youtu.be/jvixDVYRMDs,2226.2
Pune,Black,100,50,55,5.5,700,40,Rice,50:26:26 NPK,https://youtu.be/jvixDVYRMDs,2260.3
Pune,Black,105,50,55,5.5,700,40,Rice,50:26:26 NPK,https://youtu.be/jvixDVYRMDs,2828.2
Pune,Black,110,50,55,5.5,700,40,Rice,50:26:26 NPK,https://youtu.be/jvixDVYRMDs,2164.5
Pune,Black,115,50,55,5.5,700,40,Rice,50:26:26 NPK,https://youtu.be/jvixDVYRMDs,2510.4
Pune,Black,120,50,55,5.5,700,40,Rice,50:26:26 NPK,https://youtu.be/jvixDVYRMDs,1874.6
Pune,Black,100,55,60,6.0,800,35,Rice,50:26:26 NPK,https://youtu.be/jvixDVYRMDs,2668.3
Pune,Black,105,55,60,6.0,800,35,Rice,50:26:26 NPK,https://youtu.be/jvixDVYRMDs,2539.8
Pune,Black,110,55,60,6.0,800,35,Rice,50:26:26 NPK,https://youtu.be/jvixDVYRMDs,2888.1
Pune,Black,115,55,60,6.0,800,35,Rice,50:26:26 NPK,https://youtu.be/jvixDVYRMDs,2790.1
Pune,Black,120,55,60,6.0,800,35,Rice,50:26:26 NPK,https://youtu.be/jvixDVYRMDs,2710.7
Pune,Black,100,60,50,6.5,900,40,Rice,50:26:26 NPK,https://youtu.be/jvixDVYRMDs,2256.7
Pune,Black,105,60,50,6.5,900,40,Rice,50:26:26 NPK,https://youtu.be/jvixDVYRMDs,2507.1
Pune,Black,110,60,50,6.5,900,40,Rice,50:26:26 NPK,https://youtu.be/jvixDVYRMDs,3097.5
Pune,Black,115,60,50,6.5,900,40,Rice,50:26:26 NPK,https://youtu.be/jvixDVYRMDs,1880.5
Pune,Black,120,60,50,6.5,900,40,Rice,50:26:26 NPK,https://youtu.be/jvixDVYRMDs,1902.8
Pune,Black,100,50,60,5.5,700,35,Rice,Urea,https://youtu.be/jvixDVYRMDs,2341.6
Pune,Black,105,50,60,5.5,700,35,Rice,Urea,https://youtu.be/jvixDVYRMDs,2506.9
Pune,Black,110,50,60,5.5,700,35,Rice,Urea,https://youtu.be/jvixDVYRMDs,1671.8
Pune,Black,115,50,60,5.5,700,35,Rice,Urea,https://youtu.be/jvixDVYRMDs,2187.4
Pune,Black,120,50,60,5.5,700,35,Rice,Urea,https://youtu.be/jvixDVYRMDs,2180.6
Pune,Black,100,55,50,6.0,800,40,Rice,Urea,https://youtu.be/jvixDVYRMDs,739.5
Pune,Black,105,55,50,6.0,800,40,Rice,Urea,https://youtu.be/jvixDVYRMDs,2126.6
Pune,Black,110,55,50,6.0,800,40,Rice,Urea,https://youtu.be/jvixDVYRMDs,2176.1
Pune,Black,115,55,50,6.0,800,40,Rice,Urea,https://youtu.be/jvixDVYRMDs,2180.2
Pune,Black,120,55,50,6.0,800,40,Rice,Urea,https://youtu.be/jvixDVYRMDs,3289.7
Pune,Black,100,60,55,6.5,900,35,Rice,Urea,https://youtu.be/jvixDVYRMDs,1465.1
Pune,Black,105,60,55,6.5,900,35,Rice,Urea,https://youtu.be/jvixDVYRMDs,1747.2
Pune,Black,110,60,55,6.5,900,35,Rice,Urea,https://youtu.be/jvixDVYRMDs,478.6
Pune,Black,115,60,55,6.5,900,35,Rice,Urea,https://youtu.be/jvixDVYRMDs,2002.8
Pune,Black,120,60,55,6.5,900,35,Rice,Urea,https://youtu.be/jvixDVYRMDs,2069.5
Pune,Black,50,30,30,6.0,700,25,Jowar,10:26:26 NPK,https://youtu.be/hxuB66J-3BI,1030.3
Pune,Black,55,30,30,6.0,700,25,Jowar,10:26:26 NPK,https://youtu.be/hxuB66J-3BI,1373.8
Pune,Black,60,30,30,6.0,700,25,Jowar,10:26:26 NPK,https://youtu.be/hxuB66J-3BI,1325.9
Pune,Black,65,30,30,6.0,700,25,Jowar,10:26:26 NPK,https://youtu.be/hxuB66J-3BI,1164.1
Pune,Black,70,30,30,6.0,700,25,Jowar,10:26:26 NPK,https://youtu.be/hxuB66J-3BI,1072.4
Pune,Black,50,35,35,6.5,800,30,Jowar,10:26:26 NPK,https://youtu.be/hxuB66J-3BI,1385.4
Pune,Black,55,35,35,6.5,800,30,Jowar,10:26:26 NPK,https://youtu.be/hxuB66J-3BI,1164.1
Pune,Black,60,35,35,6.5,800,30,Jowar,10:26:26 NPK,https://youtu.be/hxuB66J-3BI,995.0
Pune,Black,65,35,35,6.5,800,30,Jowar,10:26:26 NPK,https://youtu.be/hxuB66J-3BI,803.2
Pune,Black,70,35,35,6.5,800,30,Jowar,10:26:26 NPK,https://youtu.be/hxuB66J-3BI,1082.9
Pune,Black,50,40,40,7.0,900,35,Jowar,10:26:26 NPK,https://youtu.be/hxuB66J-3BI,1318.6
Pune,Black,55,40,40,7.0,900,35,Jowar,10:26:26 NPK,https://youtu.be/hxuB66J-3BI,1648.5
Pune,Black,60,40,40,7.0,900,35,Jowar,10:26:26 NPK,https://youtu.be/hxuB66J-3BI,1177.6
Pune,Black,65,40,40,7.0,900,35,Jowar,10:26:26 NPK,https://youtu.be/hxuB66J-3BI,1002.9
Pune,Black,70,40,40,7.0,900,35,Jowar,10:26:26 NPK,https://youtu.be/hxuB66J-3BI,915.2
Pune,Black,50,30,35,6.0,700,25,Jowar,Urea,https://youtu.be/hxuB66J-3BI,1253.1
Pune,Black,55,30,35,6.0,700,25,Jowar,Urea,https://youtu.be/hxuB66J-3BI,769.4
Pune,Black,60,30,35,6.0,700,25,Jowar,Urea,https://youtu.be/hxuB66J-3BI,1260.4
Pune,Black,65,30,35,6.0,700,25,Jowar,Urea,https://youtu.be/hxuB66J-3BI,1320.8
Pune,Black,70,30,35,6.0,700,25,Jowar,Urea,https://youtu.be/hxuB66J-3BI,1243.8
Pune,Black,50,35,40,6.5,800,30,Jowar,Urea,https://youtu.be/hxuB66J-3BI,1117.6
Pune,Black,55,35,40,6.5,800,30,Jowar,Urea,https://youtu.be/hxuB66J-3BI,1290.1
Pune,Black,60,35,40,6.5,800,30,Jowar,Urea,https://youtu.be/hxuB66J-3BI,1208.8
Pune,Black,65,35,40,6.5,800,30,Jowar,Urea,https://youtu.be/hxuB66J-3BI,1006.6
Pune,Black,70,35,40,6.5,800,30,Jowar,Urea,https://youtu.be/hxuB66J-3BI,1581.3
Pune,Black,50,40,30,7.0,900,35,Jowar,Urea,https://youtu.be/hxuB66J-3BI,1082.3
Pune,Black,55,40,30,7.0,900,35,Jowar,Urea,https://youtu.be/hxuB66J-3BI,1327.0
Pune,Black,60,40,30,7.0,900,35,Jowar,Urea,https://youtu.be/hxuB66J-3BI,644.8
Pune,Black,65,40,30,7.0,900,35,Jowar,Urea,https://youtu.be/hxuB66J-3BI,1442.8
Pune,Black,70,40,30,7.0,900,35,Jowar,Urea,https://youtu.be/hxuB66J-3BI,1488.6
Pune,Black,50,30,40,6.0,700,25,Jowar,SSP,https://youtu.be/hxuB66J-3BI,1143.5
Pune,Black,55,30,40,6.0,700,25,Jowar,SSP,https://youtu.be/hxuB66J-3BI,1258.3
Pune,Black,60,30,40,6.0,700,25,Jowar,SSP,https://youtu.be/hxuB66J-3BI,1262.1
Pune,Black,65,30,40,6.0,700,25,Jowar,SSP,https://youtu.be/hxuB66J-3BI,1011.6
Pune,Black,70,30,40,6.0,700,25,Jowar,SSP,https://youtu.be/hxuB66J-3BI,1267.3
Pune,Black,50,35,30,6.5,800,30,Jowar,SSP,https://youtu.be/hxuB66J-3BI,991.1
Pune,Black,55,35,30,6.5,800,30,Jowar,SSP,https://youtu.be/hxuB66J-3BI,1037.1
Pune,Black,60,35,30,6.5,800,30,Jowar,SSP,https://youtu.be/hxuB66J-3BI,1415.5
Pune,Black,65,35,30,6.5,800,30,Jowar,SSP,https://youtu.be/hxuB66J-3BI,1386.7
Pune,Black,70,35,30,6.5,800,30,Jowar,SSP,https://youtu.be/hxuB66J-3BI,1025.2
Pune,Black,50,40,35,7.0,900,35,Jowar,SSP,https://youtu.be/hxuB66J-3BI,1000.8
Pune,Black,55,40,35,7.0,900,35,Jowar,SSP,https://youtu.be/hxuB66J-3BI,1022.6
Pune,Black,60,40,35,7.0,900,35,Jowar,SSP,https://youtu.be/hxuB66J-3BI,1321.7
Pune,Black,65,40,35,7.0,900,35,Jowar,SSP,https://youtu.be/hxuB66J-3BI,952.4
Pune,Black,70,40,35,7.0,900,35,Jowar,SSP,https://youtu.be/hxuB66J-3BI,1248.3
Pune,Dark Brown,20,30,15,6.0,700,20,Tur,Urea,https://youtu.be/WaWgxSZHiWo,951.0
Pune,Dark Brown,25,30,15,6.0,700,20,Tur,Urea,https://youtu.be/WaWgxSZHiWo,838.8
Pune,Dark Brown,30,30,15,6.0,700,20,Tur,Urea,https://youtu.be/WaWgxSZHiWo,993.3
Pune,Dark Brown,20,35,20,6.5,800,25,Tur,Urea,https://youtu.be/WaWgxSZHiWo,826.1
Pune,Dark Brown,25,35,20,6.5,800,25,Tur,Urea,https://youtu.be/WaWgxSZHiWo,841.5
Pune,Dark Brown,30,35,20,6.5,800,25,Tur,Urea,https://youtu.be/WaWgxSZHiWo,735.8
Pune,Dark Brown,20,40,15,7.0,900,30,Tur,Urea,https://youtu.be/WaWgxSZHiWo,1006.0
Pune,Dark Brown,25,40,15,7.0,900,30,Tur,Urea,https://youtu.be/WaWgxSZHiWo,758.6
Pune,Dark Brown,30,40,15,7.0,900,30,Tur,Urea,https://youtu.be/WaWgxSZHiWo,918.1
Pune,Dark Brown,20,30,20,6.0,700,20,Tur,MOP,https://youtu.be/WaWgxSZHiWo,838.5
Pune,Dark Brown,25,30,20,6.0,700,20,Tur,MOP,https://youtu.be/WaWgxSZHiWo,705.7
Pune,Dark Brown,30,30,20,6.0,700,20,Tur,MOP,https://youtu.be/WaWgxSZHiWo,769.3
Pune,Dark Brown,20,35,15,6.5,800,25,Tur,MOP,https://youtu.be/WaWgxSZHiWo,1063.8
Pune,Dark Brown,25,35,15,6.5,800,25,Tur,MOP,https://youtu.be/WaWgxSZHiWo,900.2
Pune,Dark Brown,30,35,15,6.5,800,25,Tur,MOP,https://youtu.be/WaWgxSZHiWo,731.3
Pune,Dark Brown,20,40,20,7.0,900,30,Tur,MOP,https://youtu.be/WaWgxSZHiWo,906.4
Pune,Dark Brown,25,40,20,7.0,900,30,Tur,MOP,https://youtu.be/WaWgxSZHiWo,845.7
Pune,Dark Brown,30,40,20,7.0,900,30,Tur,MOP,https://youtu.be/WaWgxSZHiWo,1355.4
Pune,Reddish Brown,100,50,40,6.5,700,15,Wheat,19:19:19 NPK,https://youtu.be/VNptnPJt5yo,2505.1
Pune,Reddish Brown,105,50,40,6.5,700,15,Wheat,19:19:19 NPK,https://youtu.be/VNptnPJt5yo,2269.2
Pune,Reddish Brown,110,50,40,6.5,700,15,Wheat,19:19:19 NPK,https://youtu.be/VNptnPJt5yo,2935.4
Pune,Reddish Brown,115,50,40,6.5,700,15,Wheat,19:19:19 NPK,https://youtu.be/VNptnPJt5yo,1745.8
Pune,Reddish Brown,120,50,40,6.5,700,15,Wheat,19:19:19 NPK,https://youtu.be/VNptnPJt5yo,2463.9
Pune,Reddish Brown,100,55,45,7.0,800,20,Wheat,19:19:19 NPK,https://youtu.be/VNptnPJt5yo,3106.8
Pune,Reddish Brown,105,55,45,7.0,800,20,Wheat,19:19:19 NPK,https://youtu.be/VNptnPJt5yo,2350.0
Pune,Reddish Brown,110,55,45,7.0,800,20,Wheat,19:19:19 NPK,https://youtu.be/VNptnPJt5yo,1768.3
Pune,Reddish Brown,115,55,45,7.0,800,20,Wheat,19:19:19 NPK,https://youtu.be/VNptnPJt5yo,2261.4
Pune,Reddish Brown,120,55,45,7.0,800,20,Wheat,19:19:19 NPK,https://youtu.be/VNptnPJt5yo,2945.0
Pune,Reddish Brown,100,60,50,7.5,900,15,Wheat,19:19:19 NPK,https://youtu.be/VNptnPJt5yo,2503.8
Pune,Reddish Brown,105,60,50,7.5,900,15,Wheat,19:19:19 NPK,https://youtu.be/VNptnPJt5yo,2073.2
Pune,Reddish Brown,110,60,50,7.5,900,15,Wheat,19:19:19 NPK,https://youtu.be/VNptnPJt5yo,2134.6
Pune,Reddish Brown,115,60,50,7.5,900,15,Wheat,19:19:19 NPK,https://youtu.be/VNptnPJt5yo,2186.2
Pune,Reddish Brown,120,60,50,7.5,900,15,Wheat,19:19:19 NPK,https://youtu.be/VNptnPJt5yo,2527.0
Pune,Reddish Brown,100,50,45,6.5,700,20,Wheat,Urea,https://youtu.be/VNptnPJt5yo,2888.6
Pune,Reddish Brown,105,50,45,6.5,700,20,Wheat,Urea,https://youtu.be/VNptnPJt5yo,2792.6
Pune,Reddish Brown,110,50,45,6.5,700,20,Wheat,Urea,https://youtu.be/VNptnPJt5yo,2582.2
Pune,Reddish Brown,115,50,45,6.5,700,20,Wheat,Urea,https://youtu.be/VNptnPJt5yo,1933.0
Pune,Reddish Brown,120,50,45,6.5,700,20,Wheat,Urea,https://youtu.be/VNptnPJt5yo,1939.9
Pune,Reddish Brown,100,55,50,7.0,800,15,Wheat,Urea,https://youtu.be/VNptnPJt5yo,2578.2
Pune,Reddish Brown,105,55,50,7.0,800,15,Wheat,Urea,https://youtu.be/VNptnPJt5yo,1904.0
Pune,Reddish Brown,110,55,50,7.0,800,15,Wheat,Urea,https://youtu.be/VNptnPJt5yo,2316.9
Pune,Reddish Brown,115,55,50,7.0,800,15,Wheat,Urea,https://youtu.be/VNptnPJt5yo,2516.9
Pune,Reddish Brown,120,55,50,7.0,800,15,Wheat,Urea,https://youtu.be/VNptnPJt5yo,1996.5
Pune,Reddish Brown,100,60,40,7.5,900,20,Wheat,Urea,https://youtu.be/VNptnPJt5yo,2000.7
Pune,Reddish Brown,105,60,40,7.5,900,20,Wheat,Urea,https://youtu.be/VNptnPJt5yo,2341.5
Pune,Reddish Brown,110,60,40,7.5,900,20,Wheat,Urea,https://youtu.be/VNptnPJt5yo,2564.2
Pune,Reddish Brown,115,60,40,7.5,900,20,Wheat,Urea,https://youtu.be/VNptnPJt5yo,2773.6
Pune,Reddish Brown,120,60,40,7.5,900,20,Wheat,Urea,https://youtu.be/VNptnPJt5yo,2616.3
Pune,Reddish Brown,100,50,50,6.5,700,15,Wheat,19:19:19 NPK,https://youtu.be/VNptnPJt5yo,2428.1
Pune,Reddish Brown,105,50,50,6.5,700,15,Wheat,19:19:19 NPK,https://youtu.be/VNptnPJt5yo,2135.7
Pune,Reddish Brown,110,50,50,6.5,700,15,Wheat,19:19:19 NPK,https://youtu.be/VNptnPJt5yo,2022.9
Pune,Reddish Brown,115,50,50,6.5,700,15,Wheat,19:19:19 NPK,https://youtu.be/VNptnPJt5yo,2234.5
Pune,Reddish Brown,120,50,50,6.5,700,15,Wheat,19:19:19 NPK,https://youtu.be/VNptnPJt5yo,2580.2
Pune,Reddish Brown,100,55,40,7.0,800,20,Wheat,19:19:19 NPK,https://youtu.be/VNptnPJt5yo,2507.1
Pune,Reddish Brown,105,55,40,7.0,800,20,Wheat,19:19:19 NPK,https://youtu.be/VNptnPJt5yo,1630.3
Pune,Reddish Brown,110,55,40,7.0,800,20,Wheat,19:19:19 NPK,https://youtu.be/VNptnPJt5yo,2113.1
Pune,Reddish Brown,115,55,40,7.0,800,20,Wheat,19:19:19 NPK,https://youtu.be/VNptnPJt5yo,2845.4
Pune,Reddish Brown,120,55,40,7.0,800,20,Wheat,19:19:19 NPK,https://youtu.be/VNptnPJt5yo,2441.8
Pune,Reddish Brown,100,60,45,7.5,900,15,Wheat,19:19:19 NPK,https://youtu.be/VNptnPJt5yo,1859.6
Pune,Reddish Brown,105,60,45,7.5,900,15,Wheat,19:19:19 NPK,https://youtu.be/VNptnPJt5yo,3224.2
Pune,Reddish Brown,110,60,45,7.5,900,15,Wheat,19:19:19 NPK,https://youtu.be/VNptnPJt5yo,2371.8
Pune,Reddish Brown,115,60,45,7.5,900,15,Wheat,19:19:19 NPK,https://youtu.be/VNptnPJt5yo,2528.3
Pune,Reddish Brown,120,60,45,7.5,900,15,Wheat,19:19:19 NPK,https://youtu.be/VNptnPJt5yo,2540.9
Pune,Red,20,30,20,5.5,700,25,Groundnut,Chilated Micronutrient,https://youtu.be/xW8wji2zjcU,1161.8
Pune,Red,25,30,20,5.5,700,25,Groundnut,Chilated Micronutrient,https://youtu.be/xW8wji2zjcU,1074.7
Pune,Red,30,30,20,5.5,700,25,Groundnut,Chilated Micronutrient,https://youtu.be/xW8wji2zjcU,1798.5
Pune,Red,20,35,25,6.0,800,30,Groundnut,Chilated Micronutrient,https://youtu.be/xW8wji2zjcU,1543.4
Pune,Red,25,35,25,6.0,800,30,Groundnut,Chilated Micronutrient,https://youtu.be/xW8wji2zjcU,1501.3
Pune,Red,30,35,25,6.0,800,30,Groundnut,Chilated Micronutrient,https://youtu.be/xW8wji2zjcU,1442.3
Pune,Red,20,40,30,6.5,900,35,Groundnut,Chilated Micronutrient,https://youtu.be/xW8wji2zjcU,1051.7
Pune,Red,25,40,30,6.5,900,35,Groundnut,Chilated Micronutrient,https://youtu.be/xW8wji2zjcU,1658.3
Pune,Red,30,40,30,6.5,900,35,Groundnut,Chilated Micronutrient,https://youtu.be/xW8wji2zjcU,1100.6
Pune,Red,20,30,25,5.5,700,25,Groundnut,SSP,https://youtu.be/xW8wji2zjcU,1325.4
Pune,Red,25,30,25,5.5,700,25,Groundnut,SSP,https://youtu.be/xW8wji2zjcU,844.8
Pune,Red,30,30,25,5.5,700,25,Groundnut,SSP,https://youtu.be/xW8wji2zjcU,745.9
Pune,Red,20,35,30,6.0,800,30,Groundnut,SSP,https://youtu.be/xW8wji2zjcU,1367.0
Pune,Red,25,35,30,6.0,800,30,Groundnut,SSP,https://youtu.be/xW8wji2zjcU,1080.0
Pune,Red,30,35,30,6.0,800,30,Groundnut,SSP,https://youtu.be/xW8wji2zjcU,777.6
Pune,Red,20,40,20,6.5,900,35,Groundnut,SSP,https://youtu.be/xW8wji2zjcU,1458.9
Pune,Red,25,40,20,6.5,900,35,Groundnut,SSP,https://youtu.be/xW8wji2zjcU,1881.2
Pune,Red,30,40,20,6.5,900,35,Groundnut,SSP,https://youtu.be/xW8wji2zjcU,1693.1
Pune,Red,20,30,30,5.5,700,25,Groundnut,Chilated Micronutrient,https://youtu.be/xW8wji2zjcU,1189.5
Pune,Red,25,30,30,5.5,700,25,Groundnut,Chilated Micronutrient,https://youtu.be/xW8wji2zjcU,1260.3
Pune,Red,30,30,30,5.5,700,25,Groundnut,Chilated Micronutrient,https://youtu.be/xW8wji2zjcU,1486.4
Pune,Red,20,35,20,6.0,800,30,Groundnut,Chilated Micronutrient,https://youtu.be/xW8wji2zjcU,1574.0
Pune,Red,25,35,20,6.0,800,30,Groundnut,Chilated Micronutrient,https://youtu.be/xW8wji2zjcU,1200.3
Pune,Red,30,35,20,6.0,800,30,Groundnut,Chilated Micronutrient,https://youtu.be/xW8wji2zjcU,1301.8
Pune,Red,20,40,25,6.5,900,35,Groundnut,Chilated Micronutrient,https://youtu.be/xW8wji2zjcU,1395.6
Pune,Red,25,40,25,6.5,900,35,Groundnut,Chilated Micronutrient,https://youtu.be/xW8wji2zjcU,1466.9
Pune,Red,30,40,25,6.5,900,35,Groundnut,Chilated Micronutrient,https://youtu.be/xW8wji2zjcU,1289.0
Pune,Black,30,30,20,6.0,700,25,Urad,Urea,https://youtu.be/XtPP-cXCip8,517.4
Pune,Black,35,30,20,6.0,700,25,Urad,Urea,https://youtu.be/XtPP-cXCip9,670.7
Pune,Black,40,30,20,6.0,700,25,Urad,Urea,https://youtu.be/XtPP-cXCip10,655.5
Pune,Black,30,35,25,6.5,800,30,Urad,Urea,https://youtu.be/XtPP-cXCip11,591.7
Pune,Black,35,35,25,6.5,800,30,Urad,Urea,https://youtu.be/XtPP-cXCip12,722.2
Pune,Black,40,35,25,6.5,800,30,Urad,Urea,https://youtu.be/XtPP-cXCip13,505.6
Pune,Black,30,40,30,7.0,900,35,Urad,Urea,https://youtu.be/XtPP-cXCip14,705.6
Pune,Black,35,40,30,7.0,900,35,Urad,Urea,https://youtu.be/XtPP-cXCip15,596.5
Pune,Black,40,40,30,7.0,900,35,Urad,Urea,https://youtu.be/XtPP-cXCip16,880.1
Pune,Black,30,30,25,6.0,700,25,Urad,SSP,https://youtu.be/XtPP-cXCip17,409.3
Pune,Black,35,30,25,6.0,700,25,Urad,SSP,https://youtu.be/XtPP-cXCip18,461.5
Pune,Black,40,30,25,6.0,700,25,Urad,SSP,https://youtu.be/XtPP-cXCip19,575.3
Pune,Black,30,35,30,6.5,800,30,Urad,SSP,https://youtu.be/XtPP-cXCip20,583.5
Pune,Black,35,35,30,6.5,800,30,Urad,SSP,https://youtu.be/XtPP-cXCip21,746.1
Pune,Black,40,35,30,6.5,800,30,Urad,SSP,https://youtu.be/XtPP-cXCip22,476.3
Pune,Black,30,40,20,7.0,900,35,Urad,SSP,https://youtu.be/XtPP-cXCip23,631.9
Pune,Black,35,40,20,7.0,900,35,Urad,SSP,https://youtu.be/XtPP-cXCip24,660.3
Pune,Black,40,40,20,7.0,900,35,Urad,SSP,https://youtu.be/XtPP-cXCip25,615.1
Pune,Black,30,30,30,6.0,700,25,Urad,DAP,https://youtu.be/XtPP-cXCip26,432.7
Pune,Black,35,30,30,6.0,700,25,Urad,DAP,https://youtu.be/XtPP-cXCip27,673.5
Pune,Black,40,30,30,6.0,700,25,Urad,DAP,https://youtu.be/XtPP-cXCip28,657.5
Pune,Black,30,35,20,6.5,800,30,Urad,DAP,https://youtu.be/XtPP-cXCip29,604.4
Pune,Black,35,35,20,6.5,800,30,Urad,DAP,https://youtu.be/XtPP-cXCip30,565.3
Pune,Black,40,35,20,6.5,800,30,Urad,DAP,https://youtu.be/XtPP-cXCip31,569.2
Pune,Black,30,40,25,7.0,900,35,Urad,DAP,https://youtu.be/XtPP-cXCip32,531.0
Pune,Black,35,40,25,7.0,900,35,Urad,DAP,https://youtu.be/XtPP-cXCip33,606.6
Pune,Black,40,40,25,7.0,900,35,Urad,DAP,https://youtu.be/XtPP-cXCip34,545.5
Pune,Black,30,40,20,6.0,700,15,Gram,DAP,https://youtu.be/WX51UmdVRok,791.8
Pune,Black,35,40,20,6.0,700,15,Gram,DAP,https://youtu.be/WX51UmdVRok,769.0
Pune,Black,40,40,20,6.0,700,15,Gram,DAP,https://youtu.be/WX51UmdVRok,808.8
Pune,Black,30,45,25,6.5,800,20,Gram,DAP,https://youtu.be/WX51UmdVRok,948.7
Pune,Black,35,45,25,6.5,800,20,Gram,DAP,https://youtu.be/WX51UmdVRok,919.4
Pune,Black,40,45,25,6.5,800,20,Gram,DAP,https://youtu.be/WX51UmdVRok,953.6
Pune,Black,30,50,30,7.0,900,15,Gram,DAP,https://youtu.be/WX51UmdVRok,978.3
Pune,Black,35,50,30,7.0,900,15,Gram,DAP,https://youtu.be/WX51UmdVRok,836.7
Pune,Black,40,50,30,7.0,900,15,Gram,DAP,https://youtu.be/WX51UmdVRok,1108.2
Pune,Black,30,40,25,7.5,700,20,Gram,MOP,https://youtu.be/WX51UmdVRok,851.5
Pune,Black,35,40,25,7.5,700,20,Gram,MOP,https://youtu.be/WX51UmdVRok,833.6
Pune,Black,40,40,25,7.5,700,20,Gram,MOP,https://youtu.be/WX51UmdVRok,950.1
Pune,Black,30,45,30,6.0,800,15,Gram,MOP,https://youtu.be/WX51UmdVRok,673.7
Pune,Black,35,45,30,6.0,800,15,Gram,MOP,https://youtu.be/WX51UmdVRok,808.6
Pune,Black,40,45,30,6.0,800,15,Gram,MOP,https://youtu.be/WX51UmdVRok,1036.8
Pune,Black,30,50,20,6.5,900,20,Gram,MOP,https://youtu.be/WX51UmdVRok,702.8
Pune,Black,35,50,20,6.5,900,20,Gram,MOP,https://youtu.be/WX51UmdVRok,1076.4
Pune,Black,40,50,20,6.5,900,20,Gram,MOP,https://youtu.be/WX51UmdVRok,1131.0
Pune,Black,30,40,30,7.0,700,15,Gram,DAP,https://youtu.be/WX51UmdVRok,851.9
Pune,Black,35,40,30,7.0,700,15,Gram,DAP,https://youtu.be/WX51UmdVRok,937.8
Pune,Black,40,40,30,7.0,700,15,Gram,DAP,https://youtu.be/WX51UmdVRok,1045.2
Pune,Black,30,45,20,7.5,800,20,Gram,DAP,https://youtu.be/WX51UmdVRok,834.3
Pune,Black,35,45,20,7.5,800,20,Gram,DAP,https://youtu.be/WX51UmdVRok,1003.8
Pune,Black,40,45,20,7.5,800,20,Gram,DAP,https://youtu.be/WX51UmdVRok,813.7
Pune,Black,30,50,25,6.0,900,15,Gram,DAP,https://youtu.be/WX51UmdVRok,853.3
Pune,Black,35,50,25,6.0,900,15,Gram,DAP,https://youtu.be/WX51UmdVRok,814.6
Pune,Black,40,50,25,6.0,900,15,Gram,DAP,https://youtu.be/WX51UmdVRok,963.8
Pune,Black,120,60,120,6.5,1000,20,Sugarcane,MOP,https://youtu.be/2t5Am0xLTOo,77138.3
Pune,Black,125,60,120,6.5,1000,20,Sugarcane,MOP,https://youtu.be/2t5Am0xLTOo,63430.5
Pune,Black,130,60,120,6.5,1000,20,Sugarcane,MOP,https://youtu.be/2t5Am0xLTOo,52297.2
Pune,Black,135,60,120,6.5,1000,20,Sugarcane,MOP,https://youtu.be/2t5Am0xLTOo,54410.6
Pune,Black,140,60,120,6.5,1000,20,Sugarcane,MOP,https://youtu.be/2t5Am0xLTOo,70018.9
Pune,Black,145,60,120,6.5,1000,20,Sugarcane,MOP,https://youtu.be/2t5Am0xLTOo,85421.6
Pune,Black,150,60,120,6.5,1000,20,Sugarcane,MOP,https://youtu.be/2t5Am0xLTOo,70399.1
Pune,Black,120,65,125,7.0,1100,25,Sugarcane,MOP,https://youtu.be/2t5Am0xLTOo,60731.2
Pune,Black,125,65,125,7.0,1100,25,Sugarcane,MOP,https://youtu.be/2t5Am0xLTOo,72781.2
Pune,Black,130,65,125,7.0,1100,25,Sugarcane,MOP,https://youtu.be/2t5Am0xLTOo,62592.9
Pune,Black,135,65,125,7.0,1100,25,Sugarcane,MOP,https://youtu.be/2t5Am0xLTOo,61328.5
Pune,Black,140,65,125,7.0,1100,25,Sugarcane,MOP,https://youtu.be/2t5Am0xLTOo,55470.5
Pune,Black,145,65,125,7.0,1100,25,Sugarcane,MOP,https://youtu.be/2t5Am0xLTOo,80281.9
Pune,Black,150,65,125,7.0,1100,25,Sugarcane,MOP,https://youtu.be/2t5Am0xLTOo,39263.0
Pune,Black,120,70,130,7.5,1200,30,Sugarcane,MOP,https://youtu.be/2t5Am0xLTOo,72277.9
Pune,Black,125,70,130,7.5,1200,30,Sugarcane,MOP,https://youtu.be/2t5Am0xLTOo,59591.3
Pune,Black,130,70,130,7.5,1200,30,Sugarcane,MOP,https://youtu.be/2t5Am0xLTOo,60302.9
Pune,Black,135,70,130,7.5,1200,30,Sugarcane,MOP,https://youtu.be/2t5Am0xLTOo,82065.6
Pune,Black,140,70,130,7.5,1200,30,Sugarcane,MOP,https://youtu.be/2t5Am0xLTOo,57506.3
Pune,Black,145,70,130,7.5,1200,30,Sugarcane,MOP,https://youtu.be/2t5Am0xLTOo,58015.6
Pune,Black,150,70,130,7.5,1200,30,Sugarcane,MOP,https://youtu.be/2t5Am0xLTOo,63866.4
Pune,Black,120,75,135,6.5,1300,35,Sugarcane,MOP,https://youtu.be/2t5Am0xLTOo,70724.7
Pune,Black,125,75,135,6.5,1300,35,Sugarcane,MOP,https://youtu.be/2t5Am0xLTOo,61877.7
Pune,Black,130,75,135,6.5,1300,35,Sugarcane,MOP,https://youtu.be/2t5Am0xLTOo,50053.3
Pune,Black,135,75,135,6.5,1300,35,Sugarcane,MOP,https://youtu.be/2t5Am0xLTOo,57715.0
Pune,Black,140,75,135,6.5,1300,35,Sugarcane,MOP,https://youtu.be/2t5Am0xLTOo,80748.0
Pune,Black,145,75,135,6.5,1300,35,Sugarcane,MOP,https://youtu.be/2t5Am0xLTOo,68078.5
Pune,Black,150,75,135,6.5,1300,35,Sugarcane,MOP,https://youtu.be/2t5Am0xLTOo,72295.0
Pune,Black,120,80,140,7.0,1400,20,Sugarcane,MOP,https://youtu.be/2t5Am0xLTOo,62870.8
Pune,Black,125,80,140,7.0,1400,20,Sugarcane,MOP,https://youtu.be/2t5Am0xLTOo,58886.2
Pune,Black,130,80,140,7.0,1400,20,Sugarcane,MOP,https://youtu.be/2t5Am0xLTOo,83523.6
Pune,Black,135,80,140,7.0,1400,20,Sugarcane,MOP,https://youtu.be/2t5Am0xLTOo,64158.7
Pune,Black,140,80,140,7.0,1400,20,Sugarcane,MOP,https://youtu.be/2t5Am0xLTOo,61646.7
Pune,Black,145,80,140,7.0,1400,20,Sugarcane,MOP,https://youtu.be/2t5Am0xLTOo,78070.0
Pune,Black,150,80,140,7.0,1400,20,Sugarcane,MOP,https://youtu.be/2t5Am0xLTOo,59028.4
Pune,Black,120,60,145,7.5,1500,25,Sugarcane,Urea,https://youtu.be/2t5Am0xLTOo,57690.1
Pune,Black,125,60,145,7.5,1500,25,Sugarcane,Urea,https://youtu.be/2t5Am0xLTOo,63988.0
Pune,Black,130,60,145,7.5,1500,25,Sugarcane,Urea,https://youtu.be/2t5Am0xLTOo,64064.5
Pune,Black,135,60,145,7.5,1500,25,Sugarcane,Urea,https://youtu.be/2t5Am0xLTOo,66887.6
Pune,Black,140,60,145,7.5,1500,25,Sugarcane,Urea,https://youtu.be/2t5Am0xLTOo,85812.3
Pune,Black,145,60,145,7.5,1500,25,Sugarcane,Urea,https://youtu.be/2t5Am0xLTOo,68043.7
Pune,Black,150,60,145,7.5,1500,25,Sugarcane,Urea,https://youtu.be/2t5Am0xLTOo,40313.7
Pune,Black,120,65,150,6.5,1000,30,Sugarcane,Urea,https://youtu.be/2t5Am0xLTOo,68774.4
Pune,Black,125,65,150,6.5,1000,30,Sugarcane,Urea,https://youtu.be/2t5Am0xLTOo,65964.1
Pune,Black,130,65,150,6.5,1000,30,Sugarcane,Urea,https://youtu.be/2t5Am0xLTOo,66206.6
Pune,Black,135,65,150,6.5,1000,30,Sugarcane,Urea,https://youtu.be/2t5Am0xLTOo,68511.2
Pune,Black,140,65,150,6.5,1000,30,Sugarcane,Urea,https://youtu.be/2t5Am0xLTOo,65818.2
Pune,Black,145,65,150,6.5,1000,30,Sugarcane,Urea,https://youtu.be/2t5Am0xLTOo,65748.6
Pune,Black,150,65,150,6.5,1000,30,Sugarcane,Urea,https://youtu.be/2t5Am0xLTOo,72957.8
Pune,Black,120,70,120,7.0,1100,35,Sugarcane,Urea,https://youtu.be/2t5Am0xLTOo,59342.9
Pune,Black,125,70,120,7.0,1100,35,Sugarcane,Urea,https://youtu.be/2t5Am0xLTOo,55314.2
Pune,Black,130,70,120,7.0,1100,35,Sugarcane,Urea,https://youtu.be/2t5Am0xLTOo,96643.1
Pune,Black,135,70,120,7.0,1100,35,Sugarcane,Urea,https://youtu.be/2t5Am0xLTOo,58031.0
Pune,Black,140,70,120,7.0,1100,35,Sugarcane,Urea,https://youtu.be/2t5Am0xLTOo,66697.9
Pune,Black,145,70,120,7.0,1100,35,Sugarcane,Urea,https://youtu.be/2t5Am0xLTOo,50199.0
Pune,Black,150,70,120,7.0,1100,35,Sugarcane,Urea,https://youtu.be/2t5Am0xLTOo,67235.6
Pune,Black,120,75,125,7.5,1200,20,Sugarcane,Urea,https://youtu.be/2t5Am0xLTOo,54833.5
Pune,Black,125,75,125,7.5,1200,20,Sugarcane,Urea,https://youtu.be/2t5Am0xLTOo,60015.1
Pune,Black,130,75,125,7.5,1200,20,Sugarcane,Urea,https://youtu.be/2t5Am0xLTOo,75469.4
Pune,Black,135,75,125,7.5,1200,20,Sugarcane,Urea,https://youtu.be/2t5Am0xLTOo,69770.5
Pune,Black,140,75,125,7.5,1200,20,Sugarcane,Urea,https://youtu.be/2t5Am0xLTOo,70957.8
Pune,Black,145,75,125,7.5,1200,20,Sugarcane,Urea,https://youtu.be/2t5Am0xLTOo,46906.6
Pune,Black,150,75,125,7.5,1200,20,Sugarcane,Urea,https://youtu.be/2t5Am0xLTOo,84526.1
Pune,Black,120,80,130,6.5,1300,25,Sugarcane,Urea,https://youtu.be/2t5Am0xLTOo,53989.4
Pune,Black,125,80,130,6.5,1300,25,Sugarcane,Urea,https://youtu.be/2t5Am0xLTOo,82983.6
Pune,Black,130,80,130,6.5,1300,25,Sugarcane,Urea,https://youtu.be/2t5Am0xLTOo,77820.4
Pune,Black,135,80,130,6.5,1300,25,Sugarcane,Urea,https://youtu.be/2t5Am0xLTOo,73297.4
Pune,Black,140,80,130,6.5,1300,25,Sugarcane,Urea,https://youtu.be/2t5Am0xLTOo,58185.1
Pune,Black,145,80,130,6.5,1300,25,Sugarcane,Urea,https://youtu.be/2t5Am0xLTOo,69133.6
Pune,Black,150,80,130,6.5,1300,25,Sugarcane,Urea,https://youtu.be/2t5Am0xLTOo,62630.0
Pune,Black,120,60,135,7.0,1400,30,Sugarcane,DAP,https://youtu.be/2t5Am0xLTOo,64989.8
Pune,Black,125,60,135,7.0,1400,30,Sugarcane,DAP,https://youtu.be/2t5Am0xLTOo,62298.0
Pune,Black,130,60,135,7.0,1400,30,Sugarcane,DAP,https://youtu.be/2t5Am0xLTOo,43994.2
Pune,Black,135,60,135,7.0,1400,30,Sugarcane,DAP,https://youtu.be/2t5Am0xLTOo,76852.6
Pune,Black,140,60,135,7.0,1400,30,Sugarcane,DAP,https://youtu.be/2t5Am0xLTOo,64570.8
Pune,Black,145,60,135,7.0,1400,30,Sugarcane,DAP,https://youtu.be/2t5Am0xLTOo,60544.2
Pune,Black,150,60,135,7.0,1400,30,Sugarcane,DAP,https://youtu.be/2t5Am0xLTOo,59922.0
Pune,Black,120,65,140,7.5,1500,35,Sugarcane,DAP,https://youtu.be/2t5Am0xLTOo,67567.2
Pune,Black,125,65,140,7.5,1500,35,Sugarcane,DAP,https://youtu.be/2t5Am0xLTOo,55008.2
Pune,Black,130,65,140,7.5,1500,35,Sugarcane,DAP,https://youtu.be/2t5Am0xLTOo,41263.9
Pune,Black,135,65,140,7.5,1500,35,Sugarcane,DAP,https://youtu.be/2t5Am0xLTOo,68628.8
Pune,Black,140,65,140,7.5,1500,35,Sugarcane,DAP,https://youtu.be/2t5Am0xLTOo,69967.3
Pune,Black,145,65,140,7.5,1500,35,Sugarcane,DAP,https://youtu.be/2t5Am0xLTOo,62762.3
Pune,Black,150,65,140,7.5,1500,35,Sugarcane,DAP,https://youtu.be/2t5Am0xLTOo,53147.7
Pune,Black,120,70,145,6.5,1000,20,Sugarcane,DAP,https://youtu.be/2t5Am0xLTOo,66542.2
Pune,Black,125,70,145,6.5,1000,20,Sugarcane,DAP,https://youtu.be/2t5Am0xLTOo,50497.1
Pune,Black,130,70,145,6.5,1000,20,Sugarcane,DAP,https://youtu.be/2t5Am0xLTOo,55219.4
Pune,Black,135,70,145,6.5,1000,20,Sugarcane,DAP,https://youtu.be/2t5Am0xLTOo,58278.0
Pune,Black,140,70,145,6.5,1000,20,Sugarcane,DAP,https://youtu.be/2t5Am0xLTOo,75239.6
Pune,Black,145,70,145,6.5,1000,20,Sugarcane,DAP,https://youtu.be/2t5Am0xLTOo,62700.7
Pune,Black,150,70,145,6.5,1000,20,Sugarcane,DAP,https://youtu.be/2t5Am0xLTOo,61970.2
Pune,Black,120,75,150,7.0,1100,25,Sugarcane,DAP,https://youtu.be/2t5Am0xLTOo,85381.6
Pune,Black,125,75,150,7.0,1100,25,Sugarcane,DAP,https://youtu.be/2t5Am0xLTOo,68994.9
Pune,Black,130,75,150,7.0,1100,25,Sugarcane,DAP,https://youtu.be/2t5Am0xLTOo,69045.3
Pune,Black,135,75,150,7.0,1100,25,Sugarcane,DAP,https://youtu.be/2t5Am0xLTOo,61842.1
Pune,Black,140,75,150,7.0,1100,25,Sugarcane,DAP,https://youtu.be/2t5Am0xLTOo,59640.8
Pune,Black,145,75,150,7.0,1100,25,Sugarcane,DAP,https://youtu.be/2t5Am0xLTOo,43125.3
Pune,Black,150,75,150,7.0,1100,25,Sugarcane,DAP,https://youtu.be/2t5Am0xLTOo,76429.8
Pune,Black,120,80,120,7.5,1200,30,Sugarcane,DAP,https://youtu.be/2t5Am0xLTOo,69193.1
Pune,Black,125,80,120,7.5,1200,30,Sugarcane,DAP,https://youtu.be/2t5Am0xLTOo,62929.8
Pune,Black,130,80,120,7.5,1200,30,Sugarcane,DAP,https://youtu.be/2t5Am0xLTOo,63534.9
Pune,Black,135,80,120,7.5,1200,30,Sugarcane,DAP,https://youtu.be/2t5Am0xLTOo,72740.9
Pune,Black,140,80,120,7.5,1200,30,Sugarcane,DAP,https://youtu.be/2t5Am0xLTOo,49183.5
Pune,Black,145,80,120,7.5,1200,30,Sugarcane,DAP,https://youtu.be/2t5Am0xLTOo,59349.7
Pune,Black,150,80,120,7.5,1200,30,Sugarcane,DAP,https://youtu.be/2t5Am0xLTOo,53813.6
Pune,Black,120,60,125,6.5,1300,35,Sugarcane,MOP,https://youtu.be/2t5Am0xLTOo,84151.3
Pune,Black,125,60,125,6.5,1300,35,Sugarcane,MOP,https://youtu.be/2t5Am0xLTOo,75017.3
Pune,Black,130,60,125,6.5,1300,35,Sugarcane,MOP,https://youtu.be/2t5Am0xLTOo,42943.5
Pune,Black,135,60,125,6.5,1300,35,Sugarcane,MOP,https://youtu.be/2t5Am0xLTOo,50307.4
Pune,Black,140,60,125,6.5,1300,35,Sugarcane,MOP,https://youtu.be/2t5Am0xLTOo,65013.8
Pune,Black,145,60,125,6.5,1300,35,Sugarcane,MOP,https://youtu.be/2t5Am0xLTOo,61596.9
Pune,Black,150,60,125,6.5,1300,35,Sugarcane,MOP,https://youtu.be/2t5Am0xLTOo,52733.0
Pune,Black,120,65,130,7.0,1400,20,Sugarcane,MOP,https://youtu.be/2t5Am0xLTOo,84963.9
Pune,Black,125,65,130,7.0,1400,20,Sugarcane,MOP,https://youtu.be/2t5Am0xLTOo,68328.1
Pune,Black,130,65,130,7.0,1400,20,Sugarcane,MOP,https://youtu.be/2t5Am0xLTOo,70199.6
Pune,Black,135,65,130,7.0,1400,20,Sugarcane,MOP,https://youtu.be/2t5Am0xLTOo,58265.5
Pune,Black,140,65,130,7.0,1400,20,Sugarcane,MOP,https://youtu.be/2t5Am0xLTOo,73166.9
Pune,Black,145,65,130,7.0,1400,20,Sugarcane,MOP,https://youtu.be/2t5Am0xLTOo,61843.2
Pune,Black,150,65,130,7.0,1400,20,Sugarcane,MOP,https://youtu.be/2t5Am0xLTOo,63030.3
Pune,Black,120,70,135,7.5,1500,25,Sugarcane,MOP,https://youtu.be/2t5Am0xLTOo,70374.5
Pune,Black,125,70,135,7.5,1500,25,Sugarcane,MOP,https://youtu.be/2t5Am0xLTOo,47688.6
Pune,Black,130,70,135,7.5,1500,25,Sugarcane,MOP,https://youtu.be/2t5Am0xLTOo,80864.1
Pune,Black,135,70,135,7.5,1500,25,Sugarcane,MOP,https://youtu.be/2t5Am0xLTOo,66557.0
Pune,Black,140,70,135,7.5,1500,25,Sugarcane,MOP,https://youtu.be/2t5Am0xLTOo,78054.2
Pune,Black,145,70,135,7.5,1500,25,Sugarcane,MOP,https://youtu.be/2t5Am0xLTOo,53932.6
Pune,Black,150,70,135,7.5,1500,25,Sugarcane,MOP,https://youtu.be/2t5Am0xLTOo,55656.7
Pune,Black,120,75,140,6.5,1000,30,Sugarcane,MOP,https://youtu.be/2t5Am0xLTOo,53696.4
Pune,Black,125,75,140,6.5,1000,30,Sugarcane,MOP,https://youtu.be/2t5Am0xLTOo,68652.0
Pune,Black,130,75,140,6.5,1000,30,Sugarcane,MOP,https://youtu.be/2t5Am0xLTOo,66904.7
Pune,Black,135,75,140,6.5,1000,30,Sugarcane,MOP,https://youtu.be/2t5Am0xLTOo,61498.0
Pune,Black,140,75,140,6.5,1000,30,Sugarcane,MOP,https://youtu.be/2t5Am0xLTOo,55856.8
Pune,Black,145,75,140,6.5,1000,30,Sugarcane,MOP,https://youtu.be/2t5Am0xLTOo,53333.5
Pune,Black,150,75,140,6.5,1000,30,Sugarcane,MOP,https://youtu.be/2t5Am0xLTOo,66428.3
Pune,Black,120,80,145,7.0,1100,35,Sugarcane,MOP,https://youtu.be/2t5Am0xLTOo,60549.4
Pune,Black,125,80,145,7.0,1100,35,Sugarcane,MOP,https://youtu.be/2t5Am0xLTOo,58425.9
Pune,Black,130,80,145,7.0,1100,35,Sugarcane,MOP,https://youtu.be/2t5Am0xLTOo,81894.9
Pune,Black,135,80,145,7.0,1100,35,Sugarcane,MOP,https://youtu.be/2t5Am0xLTOo,65062.7
Pune,Black,140,80,145,7.0,1100,35,Sugarcane,MOP,https://youtu.be/2t5Am0xLTOo,79436.4
Pune,Black,145,80,145,7.0,1100,35,Sugarcane,MOP,https://youtu.be/2t5Am0xLTOo,60672.7
Pune,Black,150,80,145,7.0,1100,35,Sugarcane,MOP,https://youtu.be/2t5Am0xLTOo,69049.3
Pune,Black,120,60,150,7.5,1200,20,Sugarcane,Urea,https://youtu.be/2t5Am0xLTOo,63145.1
Pune,Black,125,60,150,7.5,1200,20,Sugarcane,Urea,https://youtu.be/2t5Am0xLTOo,46663.1
Pune,Black,130,60,150,7.5,1200,20,Sugarcane,Urea,https://youtu.be/2t5Am0xLTOo,78591.2
Pune,Black,135,60,150,7.5,1200,20,Sugarcane,Urea,https://youtu.be/2t5Am0xLTOo,62860.8
Pune,Black,140,60,150,7.5,1200,20,Sugarcane,Urea,https://youtu.be/2t5Am0xLTOo,72052.1
Pune,Black,145,60,150,7.5,1200,20,Sugarcane,Urea,https://youtu.be/2t5Am0xLTOo,56881.3
Pune,Black,150,60,150,7.5,1200,20,Sugarcane,Urea,https://youtu.be/2t5Am0xLTOo,63077.1
Pune,Black,120,65,120,6.5,1300,25,Sugarcane,Urea,https://youtu.be/2t5Am0xLTOo,56833.9
Pune,Black,125,65,120,6.5,1300,25,Sugarcane,Urea,https://youtu.be/2t5Am0xLTOo,79059.6
Pune,Black,130,65,120,6.5,1300,25,Sugarcane,Urea,https://youtu.be/2t5Am0xLTOo,69549.1
Pune,Black,135,65,120,6.5,1300,25,Sugarcane,Urea,https://youtu.be/2t5Am0xLTOo,70328.5
Pune,Black,140,65,120,6.5,1300,25,Sugarcane,Urea,https://youtu.be/2t5Am0xLTOo,81010.0
Pune,Black,145,65,120,6.5,1300,25,Sugarcane,Urea,https://youtu.be/2t5Am0xLTOo,79091.0
Pune,Black,150,65,120,6.5,1300,25,Sugarcane,Urea,https://youtu.be/2t5Am0xLTOo,75147.8
Pune,Black,120,70,125,7.0,1400,30,Sugarcane,Urea,https://youtu.be/2t5Am0xLTOo,50436.3
Pune,Black,125,70,125,7.0,1400,30,Sugarcane,Urea,https://youtu.be/2t5Am0xLTOo,58107.0
Pune,Black,130,70,125,7.0,1400,30,Sugarcane,Urea,https://youtu.be/2t5Am0xLTOo,55061.8
Pune,Black,135,70,125,7.0,1400,30,Sugarcane,Urea,https://youtu.be/2t5Am0xLTOo,73272.1
Pune,Black,140,70,125,7.0,1400,30,Sugarcane,Urea,https://youtu.be/2t5Am0xLTOo,67649.2
Pune,Black,145,70,125,7.0,1400,30,Sugarcane,Urea,https://youtu.be/2t5Am0xLTOo,51462.2
Pune,Black,150,70,125,7.0,1400,30,Sugarcane,Urea,https://youtu.be/2t5Am0xLTOo,64240.5
Pune,Black,120,75,130,7.5,1500,35,Sugarcane,Urea,https://youtu.be/2t5Am0xLTOo,49100.3
Pune,Black,125,75,130,7.5,1500,35,Sugarcane,Urea,https://youtu.be/2t5Am0xLTOo,64005.5
Pune,Black,130,75,130,7.5,1500,35,Sugarcane,Urea,https://youtu.be/2t5Am0xLTOo,47713.9
Pune,Black,135,75,130,7.5,1500,35,Sugarcane,Urea,https://youtu.be/2t5Am0xLTOo,70356.1
Pune,Black,140,75,130,7.5,1500,35,Sugarcane,Urea,https://youtu.be/2t5Am0xLTOo,68989.6
Pune,Black,145,75,130,7.5,1500,35,Sugarcane,Urea,https://youtu.be/2t5Am0xLTOo,85032.9
Pune,Black,150,75,130,7.5,1500,35,Sugarcane,Urea,https://youtu.be/2t5Am0xLTOo,74249.2
Pune,Black,120,80,135,6.5,1000,20,Sugarcane,Urea,https://youtu.be/2t5Am0xLTOo,61636.4
Pune,Black,125,80,135,6.5,1000,20,Sugarcane,Urea,https://youtu.be/2t5Am0xLTOo,74863.6
Pune,Black,130,80,135,6.5,1000,20,Sugarcane,Urea,https://youtu.be/2t5Am0xLTOo,51694.6
Pune,Black,135,80,135,6.5,1000,20,Sugarcane,Urea,https://youtu.be/2t5Am0xLTOo,56441.1
Pune,Black,140,80,135,6.5,1000,20,Sugarcane,Urea,https://youtu.be/2t5Am0xLTOo,70340.4
Pune,Black,145,80,135,6.5,1000,20,Sugarcane,Urea,https://youtu.be/2t5Am0xLTOo,44031.7
Pune,Black,150,80,135,6.5,1000,20,Sugarcane,Urea,https://youtu.be/2t5Am0xLTOo,66776.4
Pune,Black,120,60,140,7.0,1100,25,Sugarcane,DAP,https://youtu.be/2t5Am0xLTOo,54034.5
Pune,Black,125,60,140,7.0,1100,25,Sugarcane,DAP,https://youtu.be/2t5Am0xLTOo,65701.6
Pune,Black,130,60,140,7.0,1100,25,Sugarcane,DAP,https://youtu.be/2t5Am0xLTOo,53745.2
Pune,Black,135,60,140,7.0,1100,25,Sugarcane,DAP,https://youtu.be/2t5Am0xLTOo,69402.6
Pune,Black,140,60,140,7.0,1100,25,Sugarcane,DAP,https://youtu.be/2t5Am0xLTOo,65402.8
Pune,Black,145,60,140,7.0,1100,25,Sugarcane,DAP,https://youtu.be/2t5Am0xLTOo,79922.0
Pune,Black,150,60,140,7.0,1100,25,Sugarcane,DAP,https://youtu.be/2t5Am0xLTOo,65633.7
Pune,Black,120,65,145,7.5,1200,30,Sugarcane,DAP,https://youtu.be/2t5Am0xLTOo,56125.8
Pune,Black,125,65,145,7.5,1200,30,Sugarcane,DAP,https://youtu.be/2t5Am0xLTOo,61593.0
Pune,Black,130,65,145,7.5,1200,30,Sugarcane,DAP,https://youtu.be/2t5Am0xLTOo,50562.4
Pune,Black,135,65,145,7.5,1200,30,Sugarcane,DAP,https://youtu.be/2t5Am0xLTOo,68618.7
Pune,Black,140,65,145,7.5,1200,30,Sugarcane,DAP,https://youtu.be/2t5Am0xLTOo,70693.5
Pune,Black,145,65,145,7.5,1200,30,Sugarcane,DAP,https://youtu.be/2t5Am0xLTOo,90230.6
Pune,Black,150,65,145,7.5,1200,30,Sugarcane,DAP,https://youtu.be/2t5Am0xLTOo,58577.0
Pune,Black,120,70,150,6.5,1300,35,Sugarcane,DAP,https://youtu.be/2t5Am0xLTOo,63322.4
Pune,Black,125,70,150,6.5,1300,35,Sugarcane,DAP,https://youtu.be/2t5Am0xLTOo,60254.7
Pune,Black,130,70,150,6.5,1300,35,Sugarcane,DAP,https://youtu.be/2t5Am0xLTOo,68740.8
Pune,Black,135,70,150,6.5,1300,35,Sugarcane,DAP,https://youtu.be/2t5Am0xLTOo,70725.8
Pune,Black,140,70,150,6.5,1300,35,Sugarcane,DAP,https://youtu.be/2t5Am0xLTOo,66300.7
Pune,Black,145,70,150,6.5,1300,35,Sugarcane,DAP,https://youtu.be/2t5Am0xLTOo,78616.6
Pune,Black,150,70,150,6.5,1300,35,Sugarcane,DAP,https://youtu.be/2t5Am0xLTOo,60646.9
Pune,Black,120,75,120,7.0,1400,20,Sugarcane,DAP,https://youtu.be/2t5Am0xLTOo,75604.4
Pune,Black,125,75,120,7.0,1400,20,Sugarcane,DAP,https://youtu.be/2t5Am0xLTOo,71153.5
Pune,Black,130,75,120,7.0,1400,20,Sugarcane,DAP,https://youtu.be/2t5Am0xLTOo,65603.5
Pune,Black,135,75,120,7.0,1400,20,Sugarcane,DAP,https://youtu.be/2t5Am0xLTOo,62613.4
Pune,Black,140,75,120,7.0,1400,20,Sugarcane,DAP,https://youtu.be/2t5Am0xLTOo,91556.4
Pune,Black,145,75,120,7.0,1400,20,Sugarcane,DAP,https://youtu.be/2t5Am0xLTOo,57673.0
Pune,Black,150,75,120,7.0,1400,20,Sugarcane,DAP,https://youtu.be/2t5Am0xLTOo,69594.5
Pune,Black,120,80,125,7.5,1500,25,Sugarcane,DAP,https://youtu.be/2t5Am0xLTOo,56899.8
Pune,Black,125,80,125,7.5,1500,25,Sugarcane,DAP,https://youtu.be/2t5Am0xLTOo,83138.0
Pune,Black,130,80,125,7.5,1500,25,Sugarcane,DAP,https://youtu.be/2t5Am0xLTOo,74096.4
Pune,Black,135,80,125,7.5,1500,25,Sugarcane,DAP,https://youtu.be/2t5Am0xLTOo,58112.7
Pune,Black,140,80,125,7.5,1500,25,Sugarcane,DAP,https://youtu.be/2t5Am0xLTOo,70621.2
Pune,Black,145,80,125,7.5,1500,25,Sugarcane,DAP,https://youtu.be/2t5Am0xLTOo,68162.9
Pune,Black,150,80,125,7.5,1500,25,Sugarcane,DAP,https://youtu.be/2t5Am0xLTOo,60274.5
Pune,Black,120,60,130,6.5,1000,30,Sugarcane,MOP,https://youtu.be/2t5Am0xLTOo,73001.8
Pune,Black,125,60,130,6.5,1000,30,Sugarcane,MOP,https://youtu.be/2t5Am0xLTOo,69380.0
Pune,Black,130,60,130,6.5,1000,30,Sugarcane,MOP,https://youtu.be/2t5Am0xLTOo,67768.2
Pune,Black,135,60,130,6.5,1000,30,Sugarcane,MOP,https://youtu.be/2t5Am0xLTOo,65269.8
Pune,Black,140,60,130,6.5,1000,30,Sugarcane,MOP,https://youtu.be/2t5Am0xLTOo,70400.3
Pune,Black,145,60,130,6.5,1000,30,Sugarcane,MOP,https://youtu.be/2t5Am0xLTOo,68480.2
Pune,Black,150,60,130,6.5,1000,30,Sugarcane,MOP,https://youtu.be/2t5Am0xLTOo,66878.4
Pune,Black,120,65,135,7.0,1100,35,Sugarcane,MOP,https://youtu.be/2t5Am0xLTOo,58120.2
Pune,Black,125,65,135,7.0,1100,35,Sugarcane,MOP,https://youtu.be/2t5Am0xLTOo,82338.5
Pune,Black,130,65,135,7.0,1100,35,Sugarcane,MOP,https://youtu.be/2t5Am0xLTOo,54214.4
Pune,Black,135,65,135,7.0,1100,35,Sugarcane,MOP,https://youtu.be/2t5Am0xLTOo,69678.4
Pune,Black,140,65,135,7.0,1100,35,Sugarcane,MOP,https://youtu.be/2t5Am0xLTOo,62101.2
Pune,Black,145,65,135,7.0,1100,35,Sugarcane,MOP,https://youtu.be/2t5Am0xLTOo,83939.7
Pune,Black,150,65,135,7.0,1100,35,Sugarcane,MOP,https://youtu.be/2t5Am0xLTOo,56350.8
Pune,Black,120,70,140,7.5,1200,20,Sugarcane,MOP,https://youtu.be/2t5Am0xLTOo,56660.8
Pune,Black,125,70,140,7.5,1200,20,Sugarcane,MOP,https://youtu.be/2t5Am0xLTOo,54421.9
Pune,Black,130,70,140,7.5,1200,20,Sugarcane,MOP,https://youtu.be/2t5Am0xLTOo,67819.2
Pune,Black,135,70,140,7.5,1200,20,Sugarcane,MOP,https://youtu.be/2t5Am0xLTOo,50580.9
Pune,Black,140,70,140,7.5,1200,20,Sugarcane,MOP,https://youtu.be/2t5Am0xLTOo,59932.9
Pune,Black,145,70,140,7.5,1200,20,Sugarcane,MOP,https://youtu.be/2t5Am0xLTOo,42810.4
Pune,Black,150,70,140,7.5,1200,20,Sugarcane,MOP,https://youtu.be/2t5Am0xLTOo,67706.5
Pune,Black,120,75,145,6.5,1300,25,Sugarcane,MOP,https://youtu.be/2t5Am0xLTOo,61092.4
Pune,Black,125,75,145,6.5,1300,25,Sugarcane,MOP,https://youtu.be/2t5Am0xLTOo,50822.6
Pune,Black,130,75,145,6.5,1300,25,Sugarcane,MOP,https://youtu.be/2t5Am0xLTOo,78233.1
Pune,Black,135,75,145,6.5,1300,25,Sugarcane,MOP,https://youtu.be/2t5Am0xLTOo,53019.1
Pune,Black,140,75,145,6.5,1300,25,Sugarcane,MOP,https://youtu.be/2t5Am0xLTOo,75587.2
Pune,Black,145,75,145,6.5,1300,25,Sugarcane,MOP,https://youtu.be/2t5Am0xLTOo,59790.2
Pune,Black,150,75,145,6.5,1300,25,Sugarcane,MOP,https://youtu.be/2t5Am0xLTOo,84619.4
Pune,Black,120,80,150,7.0,1400,30,Sugarcane,MOP,https://youtu.be/2t5Am0xLTOo,73400.7
Pune,Black,125,80,150,7.0,1400,30,Sugarcane,MOP,https://youtu.be/2t5Am0xLTOo,55245.8
Pune,Black,130,80,150,7.0,1400,30,Sugarcane,MOP,https://youtu.be/2t5Am0xLTOo,56350.1
Pune,Black,135,80,150,7.0,1400,30,Sugarcane,MOP,https://youtu.be/2t5Am0xLTOo,72494.0
Pune,Black,140,80,150,7.0,1400,30,Sugarcane,MOP,https://youtu.be/2t5Am0xLTOo,63552.6
Pune,Black,145,80,150,7.0,1400,30,Sugarcane,MOP,https://youtu.be/2t5Am0xLTOo,64707.9
Pune,Black,150,80,150,7.0,1400,30,Sugarcane,MOP,https://youtu.be/2t5Am0xLTOo,80146.3
